bridge_id,broken_pairs,broken_pct,road,name,avg_trucks_crossed,betweenness,combined_score,criticality_rank
2000320,154,50.33,N2,Khilsima Bridge,30344.6,0.442012453321792,0.9683982134275212,1
2000330,154,50.33,N2,Bridge start,30345.9,0.4403245103575902,0.9674026283863691,2
2000284,154,50.33,N2,Bridge start,30340.6,0.4478889596930819,0.9718764320076104,3
2000288,154,50.33,N2,BARIUSA RCC GIDER BRIDGE (2 bridges at crossing),30339.3,0.4472514803030226,0.9714591278422984,4
2000292,154,50.33,N2,Bridge start,30341.3,0.4466101344723867,0.971115582503978,5
2000297,154,50.33,N2,BARURA BOX CULVERT,30341.3,0.445803015002031,0.9706251897003212,6
2000303,154,50.33,N2,Chatol Bridge (2 bridges at crossing),30342.5,0.4448264971039151,0.9700595487790552,7
2000306,154,50.33,N2,Bridge start,30342.6,0.4443349758456207,0.9697632146745366,8
2000314,154,50.33,N2,RAMPUR P C GIRDER BRIDGE (2 bridges at crossing),30342.9,0.4430136197785834,0.9689672988991598,9
2000316,154,50.33,N2,KATAKHALI BRIDGE (2 bridges at crossing),30344.5,0.4426808642364637,0.968802022841105,10
2000324,154,50.33,N2,Bridge start,30344.7,0.4413401759665437,0.9679920548268544,11
2000346,154,50.33,N2,KHATABARI CULVERT,30348.8,0.437573537887372,0.9657980645767876,12
2000350,154,50.33,N2,Bridge start/ Start of Habiganj road Division / Bridge start/ Start of Habiganj road Division,30346.7,0.4368761286683761,0.9653258975840286,13
2000356,154,50.33,N2,Bridge start,30347.9,0.4358227652638012,0.9647135665694804,14
2000360,154,50.33,N2,Bridge start,30349.1,0.4351156899433638,0.9643116346230878,15
2000366,154,50.33,N2,Bridge start,30351.0,0.4340478273866269,0.9637066382811748,16
2000370,154,50.33,N2,Bridge start,30350.6,0.4333310859647482,0.9632619325117646,17
2000374,154,50.33,N2,Bridge start,30350.7,0.432610478102293,0.9628264090725552,18
2000378,154,50.33,N2,Bridge start,30351.6,0.4318860037992612,0.9624069868739172,19
2000278,154,50.33,N2,Bridge start,30341.1,0.4488379292020898,0.972464542129673,20
1000325,130,42.48,N1,Bridge start,25027.1,0.4859492341185349,0.8724558081815954,21
1000319,130,42.48,N1,BOSONTA PUR BOX CULVERT,25025.9,0.4864414803344374,0.8727272134206672,22
1000299,130,42.48,N1,Bridge start,25027.0,0.4880194713947435,0.8737113447370994,23
1000283,130,42.48,N1,Bridge start,25027.3,0.4892122683126104,0.8744429878626945,24
1000276,130,42.48,N1,Bridge start,25027.2,0.4897146639350264,0.8747459290558852,25
1000252,130,42.48,N1,Bridge start,25030.4,0.4913472684684762,0.8758116750124633,26
1000266,130,42.48,N1,Bridge start,25026.7,0.4904118315014862,0.8751579853345741,27
1000334,130,42.48,N1,DIMATOLY (2) BOX CULVERT,25024.2,0.4851945532484987,0.8719303934275092,28
1000342,130,42.48,N1,FOKIR BAZAR SLAB CULVERT,25024.9,0.4845072934360163,0.8715289695476351,29
1000355,130,42.48,N1,UTTOR KAIEATI CULVERT,25026.9,0.4833575106695635,0.8708765061078494,30
1000272,130,42.48,N1,Bridge start,25026.8,0.4899964307920427,0.8749079008507596,31
1000212,130,42.48,N1,TIPRA BAZAR BOX CULVERT,25026.7,0.4937589607781018,0.8771916472278232,32
1000259,130,42.48,N1,Bridge start,25028.0,0.4908854704721141,0.8754757426972277,33
1000220,130,42.48,N1,Bridge start,25027.6,0.4933075538407891,0.8769381363669493,34
2000497,130,42.48,N2,Bridge start,28176.3,0.3837258616302411,0.8829766402912568,35
2000491,130,42.48,N2,Bridge start,28173.0,0.3851446036693004,0.8837625371125919,36
2000501,130,42.48,N2,BASHINA BOX CULVERT,28176.3,0.3827752005534809,0.8823990339171291,37
1000228,130,42.48,N1,Bridge start,25028.6,0.4928406811411702,0.8766775350611985,38
1000235,130,42.48,N1,Bridge start,25027.6,0.4924194807708619,0.8763985574587339,39
1000243,130,42.48,N1,Bridge start,25030.4,0.4919236097669188,0.8761618507120805,40
1000587,90,29.41,N1,ROYL CIMINT GATE CULVETRT,16920.2,0.4335106337990219,0.6536252434222753,41
1000546,90,29.41,N1,Bridge start,16921.6,0.4406640321707188,0.658003821423321,42
1000552,90,29.41,N1,Bridge start,16922.2,0.4396425669009005,0.6573970333814698,43
1000556,90,29.41,N1,R. R TEXTAIL BOX CULVERT,16921.6,0.4389567570036342,0.6569665085018132,44
1000558,90,29.41,N1,Bridge start,16920.8,0.4386124021397848,0.6567388335995445,45
1000564,90,29.41,N1,Bridge start,16920.7,0.437573537887372,0.6561053300916204,46
1000572,90,29.41,N1,Bridge start,16921.1,0.4361748530088036,0.6552647368780327,47
1000576,90,29.41,N1,Bridge start,16920.8,0.4354697109086546,0.6548293849733295,48
1000580,90,29.41,N1,Chotokumir Bridge (2 bridges at crossing),16921.3,0.434760702367929,0.6544101343091977,49
1000584,90,29.41,N1,Bridge start,16919.5,0.4340478273866269,0.6539354894784757,50
1000606,90,29.41,N1,Bridge start,16918.7,0.4300579023641592,0.651492824804959,51
1000592,90,29.41,N1,Bridge start,16918.6,0.432610478102293,0.6530414224491152,52
1000599,90,29.41,N1,Bridge start,16917.9,0.4313401107203589,0.6522534235438324,53
1000611,90,29.41,N1,Bridge start,16917.7,0.429134789676507,0.6509088933542324,54
1000616,90,29.41,N1,Bridge start,16918.2,0.4282056356754539,0.6503558858505403,55
1000621,90,29.41,N1,Bridge start,16917.6,0.4272704403609998,0.649773838404005,56
1000630,90,29.41,N1,Bridge start,16918.2,0.4255718646852125,0.6487556489741759,57
1000636,90,29.41,N1,Bridge start,16917.7,0.4244286065372327,0.648049492201173,58
1000642,90,29.41,N1,Bridge start,16918.5,0.4232766488979557,0.6473680317021713,59
1000530,90,29.41,N1,MOHADAB PUR BOX CULVERT,16922.2,0.4433454087105589,0.6596468204863903,60
1000541,90,29.41,N1,HATILOTA BOX CULVERT,16922.7,0.4415086077841598,0.6585423413148732,61
1000501,90,29.41,N1,TARAT BOX CULVERT,16921.2,0.4480477254092567,0.6624808094177981,62
1000527,90,29.41,N1,MOHADAB PUR BOX CULVERT,16922.2,0.443841279714502,0.6599481037298347,63
1000435,90,29.41,N1,MAMAFOUN ASTANA CULVERT,16923.9,0.4579919689196174,0.6685850419654092,64
1000522,90,29.41,N1,UTTOR SITAKONDO BAZAR BOX CULVERT,16922.2,0.4446628983370197,0.6604473059850543,65
1000381,90,29.41,N1,Bridge start,16923.3,0.4653452139386149,0.6730389175046909,66
1000391,90,29.41,N1,Lemua Bridge(L) (2 bridges at crossing),16922.3,0.4640366654559874,0.6722208014665891,67
1000411,90,29.41,N1,DumGhat Bridge(L) (2 bridges at crossing),16923.9,0.4613470727299221,0.6706235490570178,68
1000425,90,29.41,N1,CHAIRMEN BARI BOX CULVERT,16923.9,0.4594068445181001,0.6694446976137359,69
1000427,90,29.41,N1,MADDAM SONAPAR(1) BOX CULVERT,16923.7,0.4591258026186918,0.6692693284706985,70
1000430,90,29.41,N1,DHARBAR TILA CULVERT,16923.9,0.4587024273755592,0.6690167050919815,71
1000432,90,29.41,N1,MADDUM SONAPHAR-3,16923.6,0.4584189689507906,0.6688375614035602,72
1000402,90,29.41,N1,MUHURI BRIDGE (2 bridges at crossing),16921.4,0.4625693512571852,0.6713085282373328,73
1000437,90,29.41,N1,MAMAFAKIR ASTANA SLAB CULVERT,16923.8,0.4577060939694884,0.6684090426419745,74
1000512,90,29.41,N1,RONA SORA CULVERT,16921.3,0.4462880116418525,0.6614139419499286,75
1000443,90,29.41,N1,MUSTAU NOGAR(2),16922.5,0.4568426694582367,0.6678544578564771,76
1000445,90,29.41,N1,MASTARI HAGOR 3 CULVERT,16923.0,0.4565529280675312,0.6676899471666999,77
1000450,90,29.41,N1,PURPU DURGAPURE BOX CUL,16922.4,0.4558243456713868,0.6672334344049334,78
1000474,90,29.41,N1,VARTAKA BOX CULVERT,16923.3,0.4522430550873537,0.6650782566000581,79
1000440,90,29.41,N1,MASTANNAGOR BONCUL(1),16923.2,0.4572754691502747,0.6681335641098214,80
2000971,34,11.11,N2,BOTESSOR BOX CULVERT,10010.3,0.0742095605959441,0.2759564299261985,81
2000974,34,11.11,N2,PULI BOX CULVERT,10011.2,0.0728473652503169,0.2751495386829943,82
2000977,34,11.11,N2,BOTESSOR BOX CULVERT,10010.9,0.0714829950318655,0.2743136503805738,83
2000981,34,11.11,N2,THAKURRAMATI BOX CULVERT,10013.1,0.0696604516050923,0.2732570409951926,84
2000984,34,11.11,N2,THAKURAMATI BOX CULVERT,10012.7,0.0682910066833841,0.2724157630812685,85
2000987,34,11.11,N2,SHIK NAGAR,10013.7,0.0669193868888516,0.2716054519980054,86
2000991,34,11.11,N2,KHAN BAGAN,10014.2,0.0650871773606371,0.2705037624861498,87
2001000,34,11.11,N2,OMON PUR,10016.2,0.0609505692487965,0.2680365520244482,88
2000994,34,11.11,N2,PANI CHARA,10015.2,0.0637104828628479,0.2696903680948397,89
2000997,34,11.11,N2,OMON PUR,10016.3,0.0623316134922343,0.268877958589252,90
2001003,34,11.11,N2,HORIPUR,10016.4,0.0595673501325343,0.2672007429522803,91
2001006,34,11.11,N2,HORIPUR (2 bridges at crossing),10017.0,0.0581819561434478,0.2663728376762054,92
2001010,34,11.11,N2,Korish Bridge (2 bridges at crossing),10018.1,0.0563313810224947,0.2652738273464446,93
2001020,34,11.11,N2,GOYALI RCC GIDER BRIDGE (2 bridges at crossing),10021.7,0.0516880275425894,0.2625356274079358,94
2000965,34,11.11,N2,PILOR CHAK BOX CULVERT,10009.7,0.0769274266687255,0.2775939238008855,95
2001015,34,11.11,N2,SALI RCC GIDER BRIDGE (2 bridges at crossing),10020.5,0.0540127249392425,0.26392040050034,96
2000968,34,11.11,N2,HAGIVILA BOX CULVERT,10009.7,0.075569581068747,0.2767689186620387,97
2000924,34,11.11,N2,MIRA BAZAR CULVERT,10002.2,0.095266679280929,0.2885635858507036,98
2000962,34,11.11,N2,PORGONA BAZAR BOX CULVERT,10008.9,0.0782830973958797,0.2783991570943432,99
2000928,34,11.11,N2,MIRA BAZAR BOX CULVERT,10003.2,0.0934953661917952,0.2875104275526954,100
2000912,34,11.11,N2,SHAHJALAL BRIDGE (2 bridges at crossing),10001.5,0.100557419904871,0.2917620106017347,101
2000943,34,11.11,N2,HATIM PARA (2 bridges at crossing),10005.8,0.0868185066211586,0.2835136389979499,102
2000939,34,11.11,N2,ISLAM PUR BOX CULVERT,10005.6,0.0886043188624545,0.2845940571751754,103
2000936,34,11.11,N2,TILA GOR BOX CULVERT,10004.0,0.089941140691798,0.2853693877539471,104
2000934,34,11.11,N2,TILA GOR BOX CULVERT,10004.4,0.0908311469820135,0.2859193664695313,105
2000931,34,11.11,N2,FORHADKHA POLL BOX CULVERT,10003.0,0.0921643440233165,0.286697107292326,106
2000926,34,11.11,N2,MIRA BAZAR BOX CULVERT,10003.2,0.0943815060414342,0.288048831867369,107
2000960,34,11.11,N2,HATIMA BOX CULVERT,10008.0,0.079185669617969,0.2789267887230099,108
2000921,34,11.11,N2,NAYER POLL BOX CULVERT,10002.6,0.096592626746151,0.2893784354099397,109
2000918,34,11.11,N2,SUB CITY BOX CULVERT,10001.6,0.0979163993385486,0.2901596753030459,110
2000945,34,11.11,N2,KHASIM RLAQAR,10006.4,0.0859241505852945,0.282984080481465,111
2000948,34,11.11,N2,Khadim Nagar Bridge (2 bridges at crossing),10006.7,0.084580804137478,0.2821748037045515,112
2000952,34,11.11,N2,Khadem Nagar Bridge (2 bridges at crossing),10008.2,0.0827862924048849,0.281119081801327,113
2000955,34,11.11,N2,KASIM NAGAR,10008.2,0.0814378712538117,0.2802998028059961,114
2000916,34,11.11,N2,SUCLTY BOX CULVERT,10001.7,0.0987977061374669,0.2906974494373221,115
1000015,34,11.11,N1,Kachpur bridge,11683.3,0.0073474453581326,0.2739165413499797,116
2000910,34,11.11,N2,KADAMTALY CULVERT,10001.6,0.1014358268733569,0.2922980228456983,117
1001513,34,11.11,N1,Noya Para Bridge (2 bridges at crossing),4970.3,0.0498239198796183,0.1449024127675825,118
1001546,34,11.11,N1,KARUNTON BOX CULVERT,4968.7,0.0342975027868578,0.1354319107063573,119
1001543,34,11.11,N1,DONMIA,4968.8,0.0357198696139576,0.1362984242081149,120
1001539,34,11.11,N1,DONDOMIA,4969.6,0.0376129755812528,0.1374670953614725,121
1001531,34,11.11,N1,DONDO MIA CHAK POST BRIDGE (2 bridges at crossing),4969.6,0.0413875881941136,0.1397604892516284,122
1001527,34,11.11,N1,DOMMO MIA BOX CULVERT,4969.9,0.0432690948396792,0.1409105813264518,123
1001524,34,11.11,N1,DONDO MIA BOX CULVERT,4970.1,0.044677687472225,0.1417710321526816,124
1001511,34,11.11,N1,NOYA PARA CULVERT,4970.3,0.0507564570161759,0.1454690073272567,125
1001552,34,11.11,N1,Karumtoli choto(1) Bridge (2 bridges at crossing),4968.6,0.0314462445141853,0.1336972257530958,126
1001508,34,11.11,N1,MOSINNI RCC GIDER BRIDGE (2 bridges at crossing),4970.7,0.0521534503269921,0.14632702319915,127
1001502,34,11.11,N1,Ladapara Bridge (2 bridges at crossing),4971.7,0.0549409123301514,0.1480437032966471,128
1001495,34,11.11,N1,RONGI- KHALI RCC GIDER BRIDGE (2 bridges at crossing),4971.9,0.0581819561434478,0.1500175219762093,129
1001487,34,11.11,N1,NILA DOGA PARA BOX CULVERT,4971.5,0.0618715070636244,0.1522500085367035,130
1001483,34,11.11,N1,Bridge start,4971.7,0.0637104828628479,0.1533719532501528,131
1001475,34,11.11,N1,ALI AXBAR PARA BOX CULVERT,4973.0,0.0673768351395652,0.1556295518469125,132
1001549,34,11.11,N1,KARUNTON BOX CULVERT,4968.7,0.0328729610869337,0.1345663820903222,133
1001554,34,11.11,N1,KAKUM TOLI CHACK BOX CULVERT,4968.6,0.0304938918696729,0.1331185916096192,134
1001614,34,11.11,N1,Bridge start,4966.7,0.0014738388172751,0.1154426545411979,135
1001584,34,11.11,N1,Naitom Para (2) Bridge (2 bridges at crossing),4968.1,0.0160926089846896,0.1243570723276845,136
1001609,34,11.11,N1,Bridge start,4967.1,0.0039254037953464,0.1169414111900849,137
1001602,34,11.11,N1,Bridge start,4966.9,0.0073474453581326,0.1190159759761608,138
1001598,34,11.11,N1,Naitom Para(4) Bridge (2 bridges at crossing),4967.5,0.009297581323932,0.1202146850320848,139
1001592,34,11.11,N1,Naitong Para (3) Bridge (2 bridges at crossing),4967.7,0.0122155356965501,0.1219921997659915,140
1001590,34,11.11,N1,Naitong Para (3) Bridge (2 bridges at crossing),4967.8,0.0131862539338012,0.122584298851571,141
1001588,34,11.11,N1,Naitong Para (3) Bridge (2 bridges at crossing),4967.8,0.0141560055609081,0.1231735043369229,142
1001578,34,11.11,N1,Bridge start,4968.1,0.0189902645442807,0.1261176412224899,143
1001559,34,11.11,N1,Karumtoli(1) Bridge (2 bridges at crossing),4968.5,0.0281087813390112,0.1316671305240984,144
2001029,34,11.11,N2,DIGIR PAR,10024.4,0.0474883481188437,0.2600462399561342,145
1001574,34,11.11,N1,Bridge start,4968.4,0.0209172018666208,0.127295336245543,146
1001571,34,11.11,N1,Baraytoli (3) Bridge (2 bridges at crossing),4968.6,0.0223598675067475,0.1281764892829452,147
1001569,34,11.11,N1,Gilatoli (1) Bridge (2 bridges at crossing),4967.8,0.0233204363374851,0.1287416650213194,148
1001566,34,11.11,N1,BORYTOLI SLAB CULVERT,4968.0,0.0247594771895713,0.1296206156958309,149
1001562,34,11.11,N1,BAROY TOLI RCC GIDER BRIDGE (2 bridges at crossing),4968.1,0.0266748151901817,0.1307866505507202,150
2001024,34,11.11,N2,DAMRI RCC GIDER BRIDGE (2 bridges at crossing),10023.2,0.0498239198796183,0.2614376201372105,151
4000076,34,11.11,N104,Bridge start,6808.5,0.0295405726150163,0.174973047471392,152
2001032,34,11.11,N2,DAMA BOX CULVERT,10024.6,0.0460841052319465,0.2591976571792005,153
9000062,34,11.11,N106,ISAPUR BRIDGE (2 bridges at crossing),3914.4,0.0926082597320121,0.1465452310624307,154
9000115,34,11.11,N106,POSHIM RAYJON,3911.3,0.0687477299764896,0.131976461691114,155
9000103,34,11.11,N106,Bridge start,3912.2,0.0742095605959441,0.135315738825894,156
9000100,34,11.11,N106,Beroli Bridge (2 bridges at crossing),3912.4,0.075569581068747,0.1361466779893888,157
9000095,34,11.11,N106,SULTAN PUR CULVERT,3911.7,0.077831448806031,0.1375048083089721,158
9000092,34,11.11,N106,JALANIR HAT,3911.8,0.079185669617969,0.138329917388385,159
9000088,34,11.11,N106,Bridge start,3912.2,0.0809879142317153,0.1394341574314557,160
9000084,34,11.11,N106,Bridge start,3912.7,0.0827862924048849,0.1405383545908999,161
9000074,34,11.11,N106,Bridge start,3913.3,0.0872653221602866,0.1432735788235512,162
9000068,34,11.11,N106,BODORGONA BOX CUL,3914.2,0.089941140691798,0.1449201198405587,163
9000058,34,11.11,N106,Subadaggu Bridge (2 bridges at crossing),3914.7,0.0943815060414342,0.1476295458989193,164
9000010,34,11.11,N106,BALUCHARA,3921.0,0.1153588793895277,0.1605203575376115,165
9000043,34,11.11,N106,MODANHAT (2 bridges at crossing),3917.0,0.100996744215382,0.1517019031539074,166
9000037,34,11.11,N106,PASSIM SURAGOL,3918.3,0.1036276153751909,0.1533303600848978,167
9000033,34,11.11,N106,PASHIM CHARAKUL CUL,3918.8,0.1053766964310095,0.1544046051090288,168
9000030,34,11.11,N106,CHOWDIRIR HAT,3919.0,0.1066859698712451,0.1552047111920541,169
9000028,34,11.11,N106,BORODIGHIR PAR,3919.3,0.1075576105687219,0.1557412249655355,170
9000024,34,11.11,N106,BORDIGHIR PAR,3920.0,0.1092979921332433,0.1568147969256425,171
9000021,34,11.11,N106,LALIYAR HAT,3920.7,0.1106007409550059,0.1576224702727487,172
9000019,34,11.11,N106,AMAR BAZAR,3920.8,0.1114680319068342,0.1581517286038476,173
9000015,34,11.11,N106,NOTUN PARA (2 bridges at crossing),3921.3,0.1131997139800583,0.1592154022861034,174
9000124,34,11.11,N106,Rauzan dalarmuk Bridge,3910.1,0.0646285208472434,0.1294460208606694,175
9000132,34,11.11,N106,GODAR PAR ARCH,3909.1,0.0609505692487965,0.12718829361303,176
9000136,34,11.11,N106,AMTULA BOX,3908.8,0.0591057937887082,0.1260605188154988,177
9000145,34,11.11,N106,Morartak,3908.5,0.0549409123301514,0.1235230849437431,178
9000237,34,11.11,N106,KOBAGON ARCH MASONRY,3900.0,0.0112438508491549,0.0967774176786372,179
9000233,34,11.11,N106,MOIS PARA ARCH MASONRY,3900.1,0.0131862539338012,0.0979598968431102,180
9000229,34,11.11,N106,MOSHIS PARA CULVERT,3900.6,0.0151247905778709,0.0991492520343271,181
9000227,34,11.11,N106,KOLA BAGAN ARCH MASONRY,3900.6,0.0160926089846896,0.0997372829261373,182
9000221,34,11.11,N106,GHAGRA ARCH MASO,3900.9,0.0189902645442807,0.1015047707313131,183
9000210,34,11.11,N106,MOGI CHORI,3902.7,0.0242800385580786,0.1047602657719938,184
9000203,34,11.11,N106,GUBTULL CULVERT,3903.2,0.0276310342752707,0.1068078083696103,185
9000197,34,11.11,N106,RANIRAT ARCK,3903.9,0.0304938918696729,0.1085633787048629,186
9000194,34,11.11,N106,RANIARAT ARCH,3904.1,0.0319220583576375,0.1094357222907024,187
9000191,34,11.11,N106,Rahirhat Bridge (2 bridges at crossing),3904.6,0.0333480499727778,0.1103136633691779,188
9000183,34,11.11,N106,THANDHA CHOR ARCH MASONRY,3906.0,0.0371400615682331,0.1126499168496046,189
9000179,34,11.11,N106,THANDHA CHOR ARCH MASONRY,3906.0,0.0390302677050959,0.1137983756849951,190
9000176,34,11.11,N106,RANGUNID,3906.4,0.0404453849561146,0.1146674033713417,191
9000172,34,11.11,N106,SIKDAR PARA (2) CULVERT,3907.0,0.0423288248219685,0.1158255889500773,192
9000168,34,11.11,N106,SUP NALA SUBMARGE,3907.4,0.0442083982472458,0.1169768127348157,193
9000162,34,11.11,N106,BETBEAINA BOX CULVERT,3907.9,0.0470205088090807,0.1186969373826853,194
9000158,34,11.11,N106,BETBUNIA BOX CULVERT,3907.6,0.0488904161329166,0.1198261440755175,195
9000152,34,11.11,N106,CHAIRMAN GHAT BOX CULVERT(R) (2 bridges at crossing),3908.2,0.0516880275425894,0.1215397655752812,196
9000149,34,11.11,N106,MONARTECK CULVERT,3908.2,0.0530835709381893,0.1223876752881909,197
9000013,34,11.11,N106,BALUCHARA,3921.6,0.1140641051014541,0.1597475113338035,198
9000006,34,11.11,N106,TANARI BOX CULVERT,3921.4,0.1170818619714545,0.1615764392454728,199
2001034,34,11.11,N2,SRIKAL BOX CULVERT,10025.5,0.0451467350446682,0.2586488828667834,200
2001079,34,11.11,N2,Bilay More Bridge (2 bridges at crossing),10034.2,0.0238003582740499,0.2458798162043433,201
2001119,34,11.11,N2,bridge 242,10041.3,0.0044149918333525,0.2342653270104491,202
2001117,34,11.11,N2,bridge 241,10041.5,0.0053934429517567,0.2348644307736522,203
2001108,34,11.11,N2,NOLJURI (2 bridges at crossing),10038.9,0.0097845111840418,0.2374724092895383,204
2001104,34,11.11,N2,Noljuri Bridge (2 bridges at crossing),10038.9,0.0117298140991205,0.238654344040867,205
2001097,34,11.11,N2,ASUM BAZAR (2 bridges at crossing),10036.6,0.0151247905778709,0.2406640321447661,206
2001093,34,11.11,N2,Bangla Bazar Bridge (3 bridges at crossing),10035.8,0.0170594607813641,0.241821056203961,207
2001089,34,11.11,N2,RANG PASI (2 bridges at crossing),10035.0,0.0189902645442807,0.2429757310760726,208
2001086,34,11.11,N2,Rang Pasi Bridge (2 bridges at crossing),10035.0,0.0204358300148398,0.2438540333968736,209
2001083,34,11.11,N2,RANG PANI STEEL BEAM AND RCC SLAB (2 bridges at crossing),10034.0,0.0218792206125746,0.2447079512653721,210
2001075,34,11.11,N2,Mukterpur Bridge (2 bridges at crossing),10032.2,0.0257176294949486,0.2469985932801811,211
9000004,34,11.11,N106,TANARI BOTTOLA CULVERT,3921.6,0.1179419033472017,0.1621035991542473,212
2001071,34,11.11,N2,Ching Gil Bridge (2 bridges at crossing),10032.4,0.0276310342752707,0.2481657598449856,213
2001067,34,11.11,N2,Chuna Hati Bridge (2 bridges at crossing),10031.8,0.0295405726150163,0.2493121267950521,214
2001064,34,11.11,N2,LAMAPARA BRIGE (2 bridges at crossing),10031.8,0.0309701890181971,0.2501807387191342,215
2001060,34,11.11,N2,Boro Gung Bridge (2 bridges at crossing),10031.2,0.0328729610869337,0.2513229945918048,216
2001055,34,11.11,N2,Eraboty Bridge (2 bridges at crossing),10029.6,0.0352459889907937,0.2527279073089241,217
2001051,34,11.11,N2,SARIGHUT BRIDGE (2 bridges at crossing),10028.5,0.0371400615682331,0.253853345993373,218
2001046,34,11.11,N2,Sari Ghat Bridge (2 bridges at crossing),10028.2,0.0395022151079715,0.2552816335667588,219
2001041,34,11.11,N2,borbos bazer (2 bridges at crossing),10027.0,0.0418583273343091,0.2566854938042156,220
2001037,34,11.11,N2,borbos bazer,10025.5,0.0437388673697305,0.2577934851200453,221
2001125,34,11.11,N2,Bridge start,10043.0,0.0014738388172751,0.2325175369197216,222
4000002,34,11.11,N104,S.S.SK ROAD SLAB CULVERT,6834.3,0.0009828008640528,0.1582168311411672,223
4000007,34,11.11,N104,PAZGACIA SLAB CULVERT,6808.9,0.0618715070636244,0.1946260282523033,224
4000018,34,11.11,N104,SILONIA PC GIDER BRIDGE (2 bridges at crossing),6808.0,0.056794387281537,0.1915204952323203,225
9000002,34,11.11,N106,TANARI BOTTOLA CULVERT,3921.6,0.1188009781128048,0.1626255591593371,226
5000092,34,11.11,N105,DIRASURAM,11617.2,0.0180253459678945,0.2788797953683716,227
5000087,34,11.11,N105,"Gazipur 17 km, Tangail 75 km, Bangabandhu 98 km, / Bridge start",11617.5,0.0204358300148398,0.2803512856010408,228
5000078,34,11.11,N105,SHAMMUDDA,11615.7,0.0247594771895713,0.2829367505948149,229
5000073,34,11.11,N105,Ulukhola Bridge (2 bridges at crossing),11614.0,0.0271530455589942,0.2843518370648577,230
5000065,34,11.11,N105,ULAKOLA,11612.5,0.0309701890181971,0.2866364774610786,231
5000050,34,11.11,N105,CHAPRY,11608.3,0.0380856479417366,0.2908628510702867,232
4000130,34,11.11,N104,Bridge start,6809.9,0.0034355741048042,0.1591443586537264,233
4000124,34,11.11,N104,POKIR PUR BOX CULVERT,6810.5,0.0063709274600167,0.1609416699433357,234
4000118,34,11.11,N104,BOXSI MAZIR BOX CULVERT,6809.8,0.009297581323932,0.1627037136170687,235
4000115,34,11.11,N104,TOWN HALL MORE CULVERT,6810.0,0.0107576459466532,0.1635954379963462,236
4000113,34,11.11,N104,TOWN HALL MORE CULVERT,6810.0,0.0117298140991205,0.1641861117236251,237
4000108,34,11.11,N104,Bridge start,6809.4,0.0141560055609081,0.1656463887977091,238
4000095,34,11.11,N104,AKLASPUR CULVERT,6809.0,0.0204358300148398,0.1694526838798794,239
4000091,34,11.11,N104,CONTRACTOR MOSJIDE BOX CULNERT,6808.8,0.0223598675067475,0.1706170854953359,240
4000083,34,11.11,N104,Bridge start,6808.8,0.0261963431688332,0.172948066378826,241
1001468,34,11.11,N1,KHARANG KHAIL,4972.7,0.070572206623551,0.1575640892367681,242
4000051,34,11.11,N104,Bridge start,6807.1,0.0413875881941136,0.1821388152706851,243
4000027,34,11.11,N104,Matuvhuia Bridge (2 bridges at crossing),6808.0,0.0526186314588587,0.188983373182263,244
1001473,34,11.11,N1,MOULOVI BAZAR BOX CULVERT,4972.3,0.0682910066833841,0.1561688436437429,245
9000247,34,11.11,N106,Bridge start,3898.5,0.0063709274600167,0.0937821132807545,246
1001463,34,11.11,N1,KHARANG KHALI - BOX CUVERT (1),4973.0,0.0728473652503169,0.1589533579215188,247
1001093,34,11.11,N1,SAMBAR PUL CULVERT,4987.5,0.2244444589435966,0.2513957268575187,248
1001122,34,11.11,N1,BAKKHALI BRIDGE (2 bridges at crossing),4986.7,0.2137573755374654,0.2448839765071915,249
1001118,34,11.11,N1,MUKTAR KUL,4987.0,0.2152435386340783,0.2457938642027387,250
1001116,34,11.11,N1,WEST DOVGE BOX CULVERT,4987.1,0.2159851702671686,0.2462467739536275,251
1001458,34,11.11,N1,NOYA BAZAR BRIDGE (2 bridges at crossing),4974.0,0.075116482563682,0.1603551001256493,252
1001110,34,11.11,N1,KHURULIA CHAIRMAN PARA BOX CULVERT,4986.6,0.2182042655055745,0.2475835289980145,253
1001107,34,11.11,N1,KHURULIA SCHOOL BOX CULVERT,4986.8,0.219310550815541,0.248260302759162,254
1001105,34,11.11,N1,KHURULIA SCHOOL BOX CULVERT,4986.8,0.2200468660928385,0.2487076760743544,255
1001103,34,11.11,N1,KHURULIA CULVERT,4987.0,0.2207822147599919,0.2491590746996896,256
1001101,34,11.11,N1,KHURUTIA BOX CULVERT,4987.3,0.2215165968170011,0.2496121923317107,257
1001098,34,11.11,N1,CHAKMAR KOOL BOX CULVERT,4987.5,0.2226163575084946,0.2502850018396551,258
1001095,34,11.11,N1,CHAKMARKOOL,4987.1,0.2237139433271639,0.2509426521091241,259
1001090,34,11.11,N1,ROMA TECHIPUL,4987.6,0.2255384199742253,0.2520627062813812,260
1001128,34,11.11,N1,RABAR DAM BOX,4986.3,0.211520881316465,0.243515893389818,261
1001087,34,11.11,N1,ROMA CALLAGE BOX CULVERT,4987.8,0.2266302061320297,0.252730670590966,262
1001084,34,11.11,N1,RAMU MOUR BOX CULVDERT,4988.1,0.2277198174170098,0.2533996197862733,263
1001081,34,11.11,N1,RAMU BY PASS MORE,4988.1,0.2288072538291656,0.2540603286534757,264
1001079,34,11.11,N1,RAMU BRAC OFFICE,4988.3,0.2295310031745893,0.2545046797175607,265
1001076,34,11.11,N1,MARULA BOX CULVERT,4988.5,0.2306148147987046,0.2551677988287861,266
1001074,34,11.11,N1,MARULA (WEST),4987.6,0.2313361476187679,0.255585312312919,267
1001070,34,11.11,N1,Mitacmari Ramu Bridge (2 bridges at crossing),4987.9,0.2327759134284622,0.2564670097634655,268
1001059,34,11.11,N1,JOARIANALA BAZAR PC GIDER BRIDGE(L) (3 bridges at crossing),4988.5,0.2367153330708986,0.2588743755737916,269
1001038,34,11.11,N1,KALIRCHARA BOX CULVERT,4992.1,0.2441548480452605,0.263477532095058,270
1001030,34,11.11,N1,Goro Bazar Bridge (2 bridges at crossing),4992.5,0.2469609172936945,0.2651916798346528,271
1001027,34,11.11,N1,Eidgaon Bazar Bridge (2 bridges at crossing),4992.9,0.2480092059950127,0.2658378283964632,272
1001125,34,11.11,N1,MOHURI RARA BOX,4986.4,0.2126402158633774,0.2441982893539152,273
1001130,34,11.11,N1,LINK ROAD CULVERT,4985.7,0.2107734500225099,0.2430479283410199,274
1000993,34,11.11,N1,PAGOLARIBIL,4995.3,0.2597378118314531,0.2730192918726867,275
1001187,34,11.11,N1,DALA-3 SLAB CULVERT,4984.8,0.1890653194054477,0.2298376607302359,276
1001230,34,11.11,N1,Khulna Plong Bridge,4984.4,0.172169457390979,0.2195627816103957,277
1001222,34,11.11,N1,CONIA PARA,4984.0,0.1753467049347622,0.2214840008823411,278
1001217,34,11.11,N1,NORTH CONIA PARA BOX CULVERT,4984.7,0.1773246309422056,0.2227019010238837,279
1001212,34,11.11,N1,TOLA BAGAN,4985.1,0.1792965156362481,0.223909211650238,280
1001210,34,11.11,N1,TULA BAGAN,4984.5,0.1800835779461129,0.2243735802251589,281
1001205,34,11.11,N1,PARARHORA CULVERT,4984.6,0.1820470048013942,0.2255688330943979,282
1001203,34,11.11,N1,TELA BAGAN SLAB CULVERT,4984.6,0.1828306839757545,0.2260449839513618,283
1001199,34,11.11,N1,PANCR CHAR SLAB CULVERT,4984.6,0.1843951424940426,0.226995523774977,284
1001195,34,11.11,N1,PANAR CHORI SLAB CULVERT,4984.6,0.1859557345717542,0.2279437144115088,285
1001192,34,11.11,N1,DHALLA SLAB CULVERT,4984.6,0.1871236412784095,0.2286533157348842,286
1001190,34,11.11,N1,DALA SLAB CULVERT,4984.6,0.1879010374868329,0.2291256491628375,287
1001185,34,11.11,N1,DALA-2 SLAB CULVERT,4984.8,0.1898402990885108,0.2303085259162621,288
1001134,34,11.11,N1,BASIC ARIA (1),4985.0,0.2092756876041673,0.2421217678703954,289
1001182,34,11.11,N1,PANCHORI,4985.0,0.191000956219085,0.2310183351207698,290
1001179,34,11.11,N1,PANCHARA SLAB CULVERT,4985.0,0.192159438476835,0.2317222103006295,291
1001176,34,11.11,N1,PANAR CHORA SLAB CULVERT,4985.1,0.1933157458617607,0.2324270703662115,292
1001174,34,11.11,N1,PANCHARA SLAB CULVERT,4985.1,0.194085409189031,0.2328947054199981,293
1001172,34,11.11,N1,PANCHARA SLAB CULVERT,4984.1,0.1948541059061571,0.2333386901424456,294
1001168,34,11.11,N1,PANAR CHORH -3 SLAB CULVERT,4984.1,0.1963885995099769,0.2342710237661646,295
1001162,34,11.11,N1,CHALIYA TOLI -2 ARCH MASONRY,4984.7,0.1986830903396257,0.2356789572967026,296
1001155,34,11.11,N1,SOUTH MITHACHARI,4985.4,0.2013490011171596,0.2373148659148952,297
1001150,34,11.11,N1,SOUTH MITHACHARI,4984.9,0.2032459735250314,0.2384559043103976,298
1001145,34,11.11,N1,SOUTH MITTA CHORI,4985.3,0.2051369046195023,0.2396140288321935,299
1001143,34,11.11,N1,SHORAR COOL,4985.3,0.2058915854895384,0.240072560786032,300
1001003,34,11.11,N1,Bridge start,4994.8,0.2563172201838831,0.2709294639075692,301
1000989,34,11.11,N1,Bridge start,4995.7,0.2610992822194722,0.2738557245882513,302
1001237,34,11.11,N1,Jasoya check post.,4983.7,0.1693766790320269,0.2178497902910294,303
1000773,34,11.11,N1,Sangu Bridge (2 bridges at crossing),5010.4,0.3288770189163189,0.3153754134713958,304
1000825,34,11.11,N1,PODUA BAZAR BOX CULVERT,5006.5,0.3135905627918407,0.3059976628540264,305
1000822,34,11.11,N1,PODUA BAZAR BOX CULVERT,5005.5,0.3144902351834976,0.3065212262889237,306
1000820,34,11.11,N1,PODUA NOYA PARA BOX CULVERT,5006.0,0.3150888085152554,0.3068964413315546,307
1000817,34,11.11,N1,NOYA PARA BOX CULVERT,5006.3,0.3159848561188718,0.3074477843484998,308
1000814,34,11.11,N1,Khoria Nagar Bridge (2 bridges at crossing),5006.5,0.3168787288496638,0.3079954996442538,309
1000810,34,11.11,N1,RAJGHATA BRIDGE (2 bridges at crossing),5007.1,0.3180671760218821,0.3087314188447506,310
1000796,34,11.11,N1,KARANERHAT CULVERT,5009.1,0.3221962929051057,0.3112863298947509,311
1000793,34,11.11,N1,NOYA KHALAR MUK (KARANIERHAT) BOX CULVERT,5009.7,0.3230749415261276,0.3118340204801914,312
1000788,34,11.11,N1,Noyakhalar Muk Bridge (2 bridges at crossing),5009.0,0.3245345228437767,0.312704694479972,313
1000785,34,11.11,N1,Pathanerpul Bridge (2 bridges at crossing),5009.0,0.3254073718039337,0.3132350234640465,314
1000777,34,11.11,N1,KATGOR CULVERT,5010.8,0.3277243363194337,0.3146842872859885,315
1000761,34,11.11,N1,MAZAR POINT BRIDGE (2 bridges at crossing),5012.3,0.332311868063515,0.3175061923122787,316
1000831,34,11.11,N1,TALOCKDNR PARA BOX CULVERT (2 bridges at crossing),5005.2,0.311784693390054,0.3048704637169537,317
1000758,34,11.11,N1,MAZAR POINT BRIDGE (2 bridges at crossing),5012.5,0.3331651431682532,0.3180292411436571,318
1000750,34,11.11,N1,Bridge start,5013.2,0.3354299107359697,0.3194214216019484,319
1000746,34,11.11,N1,Kanchon Nagar Bridge (2 bridges at crossing),5013.5,0.3365564948589631,0.3201128348987406,320
1000732,34,11.11,N1,Korna Bridge (2 bridges at crossing),5014.4,0.3404690910698997,0.3225108221340462,321
1000722,34,11.11,N1,Srimi Bridge (2 bridges at crossing),5015.1,0.3432348043448159,0.3242073691438288,322
1000710,34,11.11,N1,Patiya Bridge (2 bridges at crossing),5016.2,0.3465217621399588,0.3262298411511176,323
1000669,34,11.11,N1,Bridge end,5019.5,0.3574896457929622,0.3329698587997962,324
1000663,34,11.11,N1,RAZAKATI BRIDGE (2 bridges at crossing),5020.5,0.3590606289297233,0.3339474259111828,325
1000660,34,11.11,N1,HAFAS BAGAR BRIDGE (2 bridges at crossing),5020.5,0.3598428581888674,0.3344226958229904,326
1000656,34,11.11,N1,Bridge start,5020.6,0.3608824473988883,0.3350566398034927,327
1000652,34,11.11,N1,Bridge start,5020.6,0.3619181701683327,0.3356859282934549,328
1000828,34,11.11,N1,BARO AWLIA(R),5005.8,0.3126887155273595,0.3054335708426288,329
1000834,34,11.11,N1,AMIRABAD BOX CULVERT,5004.6,0.3108784963799241,0.304306035173544,330
1000981,34,11.11,N1,Bridge start,4996.5,0.2638106236737806,0.2755215424581306,331
1000909,34,11.11,N1,HARBANG,5000.4,0.2875167374587771,0.2900149415979591,332
1000966,34,11.11,N1,PASIYAKALI (2) (2 bridges at crossing),4998.2,0.2688527038381431,0.2786242363978251,333
1000954,34,11.11,N1,Bridge start,4997.6,0.2728472202587954,0.2810374024826077,334
1000951,34,11.11,N1,DIDDA BAZAR BOX CULVERT,4997.7,0.2738404121818976,0.2816431562181093,335
1000942,34,11.11,N1,NOL BELA BOX CULVERT,4998.8,0.2768069387142586,0.2834709393458626,336
1000937,34,11.11,N1,BANIYAR CHORA,4998.6,0.2784465511712536,0.2844625288864975,337
1000933,34,11.11,N1,BODOITOLI BOX CULVERT,4998.0,0.2797538913912009,0.2852430099483265,338
1000930,34,11.11,N1,BODAITALI BOX CULVERT,4998.3,0.280731859204533,0.285844126366601,339
1000927,34,11.11,N1,BODOI TOLA RCC GIDER BRIDGE (2 bridges at crossing),4998.3,0.2817076521450408,0.2864370024567707,340
1000918,34,11.11,N1,HARBANG,4999.8,0.2846219817296183,0.2882422967727254,341
1000916,34,11.11,N1,ALIPUR BOX CULVERT,4999.9,0.2852669523482947,0.2886364768465296,342
1000912,34,11.11,N1,HARBANGCHORA (2 bridges at crossing),5000.3,0.2865539937552152,0.2894276877107392,343
1000906,34,11.11,N1,HARBANG,5000.0,0.2884773062895147,0.2905893425501607,344
1000840,34,11.11,N1,AMIRABAD LOHAGORA BOX CULVERT,5004.7,0.3090595777411916,0.3032031957784603,345
1000903,34,11.11,N1,GHOIL MARA BOX CULVERT,5000.6,0.289435700247428,0.291185485119196,346
1000900,34,11.11,N1,HARBHANG CHOR,5001.3,0.290391919332517,0.2917826125739537,347
1000890,34,11.11,N1,AZIZNAGOR BOX CULVERT,5001.9,0.2935636088679714,0.293723517924035,348
1000878,34,11.11,N1,SANTI RCC GIDER BRIDGE (2 bridges at crossing),5003.4,0.2973377381757601,0.2960512127176578,349
1000874,34,11.11,N1,BONPUKR PARA BOX CULVERT,5002.4,0.2985880483972033,0.2967878180561796,350
1000871,34,11.11,N1,Rataykul Bridge (2 bridges at crossing),5002.4,0.2995232437116573,0.2973560276819738,351
1000861,34,11.11,N1,HATIAR PULL PC GIDER BRIDGE (2 bridges at crossing),5003.1,0.3026248540116616,0.2992566603196255,352
1000857,34,11.11,N1,Aadunagor bridge (2 bridges at crossing),5003.3,0.3038587318606544,0.3000109572545247,353
1000852,34,11.11,N1,ZADUNAGOR BUS STATION BOX CULVERT,5003.7,0.3053956419898346,0.3009539843339981,354
1000846,34,11.11,N1,DIGIRPARK BOX CULVERT,5003.3,0.3072319596111617,0.3020604761605867,355
1000843,34,11.11,N1,LOHAGORA L.S BOX CULVERT,5003.6,0.3081468561125888,0.3026232714645634,356
1001234,34,11.11,N1,JASOYA PALONG RCC GIDER BRIDGE,4983.9,0.1705750339582226,0.2185825040696001,357
1001112,34,11.11,N1,Sarkarpara Bridge (2 bridges at crossing),4986.6,0.2174655337029167,0.247134687440895,358
1001358,34,11.11,N1,Bridge start,4977.2,0.1192301530168023,0.1872316582157787,359
1001334,34,11.11,N1,Changkhali Boro Bridge (2 bridges at crossing),4977.8,0.1294578549519316,0.1934596831688474,360
1001362,34,11.11,N1,GIRA TALI RCC GIDER BRIDGE (2 bridges at crossing),4976.8,0.1175120034855961,0.1861785129917716,361
1001354,34,11.11,N1,PALONG KHALI BAZAR (1),4977.0,0.1209444361074319,0.1882686164319615,362
1001350,34,11.11,N1,PALONG KHALI CULVERT,4977.3,0.122654852757485,0.189314756978345,363
1001346,34,11.11,N1,DAIM PARA CULVERT,4977.4,0.1243614029669615,0.1903539357307315,364
1001341,34,11.11,N1,DAIM PARA CULVERT,4977.8,0.1264891535467463,0.1916559479613848,365
1001365,34,11.11,N1,GIVA TOLI BOX CULVERT,4976.5,0.1162208539855631,0.1853871124197428,366
1001369,34,11.11,N1,Kata Khali Bridge (2 bridges at crossing),4976.3,0.114495938183348,0.1843344687252535,367
1001373,34,11.11,N1,KHARA KANDI RCC GIDER BRIDGE (2 bridges at crossing),4975.8,0.1127671559405563,0.1832725569333103,368
1001379,34,11.11,N1,DMONIR GONA RCC GIDER BRIDGE,4976.2,0.1101667330002878,0.1817018070093675,369
1001384,34,11.11,N1,BALUR KHALI -(1) RCC GIDER BRIDGE,4976.0,0.1079930684386563,0.1803765107890126,370
1001390,34,11.11,N1,WHIKE KANG BRIDGE,4975.2,0.1053766964310095,0.178768394826869,371
1001392,34,11.11,N1,MOA EX-KANG-BAZAR (2 bridges at crossing),4975.2,0.1045026392081723,0.178237331721831,372
1001394,34,11.11,N1,HOA EX KANG BAZAE,4975.2,0.1036276153751909,0.1777056813200221,373
1001396,34,11.11,N1,Hoacx Kang Barbar Bridge (2 bridges at crossing),4975.2,0.1027516249320654,0.1771734436214424,374
1001402,34,11.11,N1,TASSI-PARA BAR,4974.6,0.100117853941824,0.1755593689243373,375
1001337,34,11.11,N1,JAM TOLI BOX CULVERT,4977.8,0.1281870042649256,0.1926875347393769,376
1001326,34,11.11,N1,Bridge start,4978.1,0.1328361574056957,0.1955192042933267,377
1001409,34,11.11,N1,LAMBA-BIL PORA,4975.1,0.0970341259294862,0.173697276918428,378
1001322,34,11.11,N1,Batukhali Bridge (2 bridges at crossing),4978.4,0.1345195089717129,0.1965489005301265,379
1001244,34,11.11,N1,Bridge start,4982.8,0.1665720596988091,0.2161249919793067,380
1001252,34,11.11,N1,Bridge start,4982.6,0.1633522813086838,0.2141640938287031,381
1001257,34,11.11,N1,COURT BAZAR,4981.8,0.1613320661074343,0.2129181931499791,382
1001259,34,11.11,N1,COURT BAZAR,4982.5,0.1605222884591823,0.2124423294044001,383
1001266,34,11.11,N1,EJILA,4981.7,0.1576804546354152,0.2106972264704566,384
1001271,34,11.11,N1,Bridge start,4981.4,0.1556433237566433,0.209452579615527,385
1001274,34,11.11,N1,Bridge start,4981.0,0.1544181453989478,0.2086989557446516,386
1001278,34,11.11,N1,JADIMORA (3),4981.5,0.1527811911198492,0.207715900180507,387
1001281,34,11.11,N1,JADIMORA (1),4981.4,0.151550938058897,0.2069661119119552,388
1001283,34,11.11,N1,WEST OGALA,4981.4,0.1507295610889153,0.2064670564809284,389
1001287,34,11.11,N1,OKYIA STATION,4980.8,0.1490839073185195,0.2054533459078211,390
1001290,34,11.11,N1,UKLIA-SHAHABMARKAT,4980.7,0.1478471296390943,0.2046995933860661,391
1001295,34,11.11,N1,Bridge start,4979.8,0.1457810004559983,0.2034234898072701,392
1001307,34,11.11,N1,KOSUKONA,4979.0,0.1407976418578923,0.200377230877516,393
1001319,34,11.11,N1,Bridge start,4978.4,0.1357794852945973,0.197314441870925,394
1001405,34,11.11,N1,TAS SE BRIDGE HOANGK (2 bridges at crossing),4974.3,0.0987977061374669,0.1747503494491831,395
1001240,34,11.11,N1,Bridge start,4983.2,0.1681761492330069,0.2171088361843539,396
1001411,34,11.11,N1,LAMBA - BIL - (1) BOX CULVERT,4975.1,0.0961508859102797,0.173160634494067,397
1001438,34,11.11,N1,KHANCHOR PARA (2),4975.0,0.0841325386831338,0.1658561737902891,398
1001413,34,11.11,N1,LAMBA BIL (3) BOX CULVERT,4975.0,0.095266679280929,0.1726210984694782,399
1001454,34,11.11,N1,NINA BAZAR BOX CULVERT,4973.2,0.0769274266687255,0.1614369501981759,400
1001450,34,11.11,N1,GIM - MOGARI BRIDGE (2 bridges at crossing),4973.3,0.0787345043331924,0.1625372078147304,401
1001448,34,11.11,N1,GIMON KHALI BRIDGE,4973.5,0.0796365932502096,0.1630899151330366,402
1001443,34,11.11,N1,NAYAPARA,4974.0,0.0818875866233722,0.1644691140054297,403
1001446,34,11.11,N1,NOYA PARA,4973.5,0.0805377155570827,0.1636374225476583,404
1001433,34,11.11,N1,KHANGOR PRAMARY (2),4975.3,0.0863714494294946,0.167223418846133,405
1001430,34,11.11,N1,KANGOR PARA,4974.3,0.0877118960468786,0.1680147896085363,406
1001428,34,11.11,N1,KUTUB - DIA PARA (3),4974.4,0.0886043188624545,0.1685593176556772,407
1001425,34,11.11,N1,KUTUB DIA PARA CULVERT,4974.4,0.089941140691798,0.169371549089758,408
1001417,34,11.11,N1,LAMBA BIL BOX,4974.9,0.0934953661917952,0.171542570833445,409
7000073,0,0.0,N207,NEAR SHRIMANGAL THANA,5290.2,0.1189322558530056,0.1942693905120582,410
2000025,0,0.0,N2,SHAWGHAT BOX CULVERT,20780.8,0.0927244946018448,0.5356062197401139,411
2000021,0,0.0,N2,GOLA GANDE BRIDGE (2 bridges at crossing),20781.5,0.0929608307820866,0.5357659579247838,412
2000004,0,0.0,N2,JATRAMURA BRIDGE (2 bridges at crossing),12111.3,0.0096313034761958,0.2851751555904846,413
7000077,0,0.0,N207,3 NUMBER POLE,5290.1,0.1177149312027312,0.1935274573378165,414
7000075,0,0.0,N207,2 NUMBER POLE,5290.2,0.1183234122884664,0.1938994669585212,415
7000053,0,0.0,N207,Motiganj Bridge (2 bridges at crossing),5290.1,0.1250759091028818,0.197999869072006,416
7000068,0,0.0,N207,SIRMONGAL BOX CULVERT,5290.0,0.1204578083129922,0.1951916790337332,417
7000064,0,0.0,N207,Sreemangal Basti Bridge (2 bridges at crossing),5290.0,0.1216832283232238,0.195936224514974,418
7000059,0,0.0,N207,AMANATUR BOX CULVERT,5290.3,0.1232220716726922,0.1968781198845322,419
7000057,0,0.0,N207,BILASHER PARA BOX CULVERT,5290.3,0.1238397355547967,0.1972534025211031,420
2000032,0,0.0,N2,ADURI BOX CULVERT,20778.4,0.0923098188500094,0.5352989181424572,421
7000050,0,0.0,N207,Mofigauj box culvert,5290.3,0.1260016799684305,0.1985669651611979,422
2000029,0,0.0,N2,ADURI BOX CULVERT,20779.9,0.0924865876801187,0.5354409145912781,423
2000051,0,0.0,N2,FURINGDIA BOX CULVERT,20773.6,0.0912180326922049,0.5345248638738586,424
2000035,0,0.0,N2,BANTI BOX CULVERT,20777.8,0.0921359498503325,0.5351794403150602,425
2000037,0,0.0,N2,BANTI BRIDGE (2 bridges at crossing),20776.9,0.092020802416912,0.5350887218561218,426
2000041,0,0.0,N2,PATCHRUKHI CULVERT,20775.6,0.0917896617661948,0.5349183025708544,427
2000044,0,0.0,N2,PUTCHRUCLAI CULVERT,20774.9,0.0916171218554661,0.5347973259730605,428
2000048,0,0.0,N2,SON PARA,20774.4,0.0913892435139855,0.5346473392420494,429
7000044,0,0.0,N207,MOTIGAMJ BOX CULVERT,5290.0,0.1278512884792395,0.1996838386218424,430
2000054,0,0.0,N2,PURINDA BAZAR BOX CULVERT,20773.5,0.0910470635229604,0.5344186794540583,431
2000056,0,0.0,N2,PURINDHA BOX CULVERT,20773.8,0.090932399394612,0.5343559302849871,432
2000059,0,0.0,N2,SHAT GRAM BOX CULVERT,20772.9,0.0907594970050792,0.5342301208439906,433
2000063,0,0.0,N2,BAGBARI BOX CULVERT,20771.6,0.0905298062695783,0.5340605825038794,434
3000248,0,0.0,N102,Bridge Start,13469.0,0.3955912428020771,0.5509908866727904,435
3000239,0,0.0,N102,Bridge Start,13474.4,0.3958063135591479,0.551246100590972,436
3000231,0,0.0,N102,Bridge start,13478.8,0.3959985481515635,0.5514643765883741,437
3000216,0,0.0,N102,Bridge start,13487.1,0.3963683973579645,0.5518805142022354,438
7000047,0,0.0,N207,LAYER KAL BRIDGE (2 bridges at crossing),5289.9,0.1269270883551751,0.1991200031933599,439
6000106,0,0.0,N204,NEAR SHAIS TAGAMJ BOX CULVERT,0.0,0.0143571208840229,0.0087231556434325,440
7000025,0,0.0,N207,DHLKI BOX CULVERT,5289.1,0.1341051352855475,0.2034628185860121,441
7000016,0,0.0,N207,Karangi Bridge (2 bridges at crossing),5288.2,0.137696575276094,0.2056241630069812,442
5000027,0,0.0,N105,Bridge Start,9900.3,0.0885493429105066,0.2821321171313026,443
5000032,0,0.0,N105,Bridge Start,9900.4,0.0883897314104557,0.2820374460554734,444
5000021,0,0.0,N105,Bridge Start,9900.6,0.0887642928413094,0.2822696361610901,445
5000009,0,0.0,N105,KHAJLA PUR,9900.5,0.0892027713679442,0.2825337423553086,446
5000006,0,0.0,N105,LALADI CULVERT,9899.9,0.0893175563225607,0.2825896460261057,447
7000079,0,0.0,N207,4 NUMBER POLE,5290.1,0.1171066917695321,0.1931579008447613,448
5000003,0,0.0,N105,MODONPUR COLLEGE,9899.3,0.0894337911923933,0.2826464306420591,449
6000002,0,0.0,N204,JOGIDISH PUR TEMORIA,0.0,0.0350126130541183,0.0212731003396532,450
6000005,0,0.0,N204,Telaria Chara Bridge (2 bridges at crossing),0.0,0.0336061952943968,0.0204185835380715,451
6000008,0,0.0,N204,UTTOR SUMA BRIDGE,0.0,0.032197602661851,0.0195627453187553,452
6000010,0,0.0,N204,NOYAHADI CULVERT,0.0,0.0312574534704083,0.0189915257970106,453
6000013,0,0.0,N204,DOKHIR SHURMA CULVERT,0.0,0.02984596100743,0.0181339256873819,454
6000025,0,0.0,N204,20 NOVEMBER AMTOLI,0.0,0.0256198206309886,0.0155661907931442,455
6000038,0,0.0,N204,CHANTRI CHARA CULVERTR,0.0,0.0228669149404821,0.0138935695897732,456
6000043,0,0.0,N204,CHANDRI CULVERT,0.0,0.0218090809639906,0.0132508466861779,457
6000050,0,0.0,N204,Ram Bhanga Bridge,0.0,0.0203273884392943,0.0123505941485665,458
6000055,0,0.0,N204,RAMAGANJA CULVERT,0.0,0.0192690711577307,0.0117075775965858,459
6000057,0,0.0,N204,LABONGO GIRDER BRIDGE,0.0,0.0188452126095259,0.0114500479625696,460
6000060,0,0.0,N204,CHANDRI CULVERT (2 bridges at crossing),0.0,0.0182088206558788,0.0110633864510634,461
6000072,0,0.0,N204,CHANDPUR STEEL BEAM AND RCC SLAB (2 bridges at crossing),0.0,0.015669898286031,0.0095207780703385,462
6000090,0,0.0,N204,PICE MILL BOX CULVERT,0.0,0.0119070058211679,0.0072345051535291,463
6000092,0,0.0,N204,NORPATI BOX CULVERT,0.0,0.0114931154400746,0.0069830320174622,464
6000095,0,0.0,N204,NORPATI BOX CULVERT,0.0,0.0108734579245478,0.0066065380813014,465
6000100,0,0.0,N204,DORGAPUR RCC GIDER BRIDGE (2 bridges at crossing),0.0,0.0115315986064381,0.0070064137701516,466
7000003,0,0.0,N207,Mirpur Bridge (2 bridges at crossing),5288.7,0.142909987088505,0.2088032796578264,467
7000007,0,0.0,N207,Binagou Bridge (2 bridges at crossing),5288.7,0.1413063808593792,0.2078289543149919,468
7000011,0,0.0,N207,Natun Bazar Bridge (2 bridges at crossing),5288.5,0.1397015663675733,0.2068492822442802,469
2000464,0,0.0,N2,SATANKONADI BRIDGE,29387.2,0.3842915098039642,0.911247347578973,470
7000116,0,0.0,N207,BAYULPUR CULVERT,5292.4,0.1059254289272101,0.1864173904275002,471
7000082,0,0.0,N207,ZOINAG SARA CULVET,5290.1,0.1161949367510734,0.1926039331656602,472
8000169,0,0.0,N208,Bridge start,832.5,0.0249447038584418,0.0343559769827777,473
1000190,0,0.0,N1,Bridge start,15545.9,0.1199169295242127,0.4313952260123382,474
8000211,0,0.0,N208,Bridge start,832.1,0.0157530871715609,0.0287620733628738,475
8000202,0,0.0,N208,Bridge start,831.8,0.0139444387656098,0.027656248782153,476
8000197,0,0.0,N208,Bridge start,831.9,0.0155937173240461,0.0286606302008669,477
8000192,0,0.0,N208,Bridge start,831.8,0.0172487955433472,0.0296639227932921,478
8000188,0,0.0,N208,Bridge start,831.8,0.018573413919621,0.030468739605641,479
8000183,0,0.0,N208,Bridge start,832.0,0.020234473039189,0.0314825850072063,480
8000177,0,0.0,N208,Bridge start,832.2,0.0222402495014104,0.0327058751196748,481
8000163,0,0.0,N208,Bridge start,832.2,0.0269815930846777,0.0355866391927737,482
1000151,0,0.0,N1,Bridge start,15563.3,0.1057377253198452,0.4231814664822761,483
8000158,0,0.0,N208,NURPUR,832.4,0.028756772614388,0.0366698223193471,484
8000156,0,0.0,N208,NURPUR BOX CULVERT,832.4,0.0295390018735321,0.0371450922311547,485
8000154,0,0.0,N208,NURPUR CULVERT,832.4,0.030320627001336,0.0376199950824805,486
8000152,0,0.0,N208,NURPUR CULVERT,832.4,0.0311014063452639,0.0380943840491318,487
8000149,0,0.0,N208,LUTPURBOX CULVERT,832.4,0.0322711254459395,0.0388050865539526,488
8000146,0,0.0,N208,FARIDPUR BOX CULVERT,832.4,0.0334408445466151,0.0395157890587733,489
8000138,0,0.0,N208,Karmada culvert,832.4,0.0365563498674415,0.0414087199633082,490
8000134,0,0.0,N208,PALBARI CULVERT,832.3,0.0381101756741441,0.0423504932189873,491
1000161,0,0.0,N1,Bridge start,15559.1,0.1093327900984323,0.4252689052520609,492
1000146,0,0.0,N1,Bridge start,15566.4,0.10394273028218,0.4221623517859755,493
7000084,0,0.0,N207,6-NUMSER POLE BOX CULVERT,5290.9,0.1155876639280184,0.1922534143970304,494
1000067,0,0.0,N1,Bridge start,15586.7,0.1014737663215143,0.4211304286107749,495
1000027,0,0.0,N1,NAYABARI KASPUR BOX CULVERT,9527.3,0.0119685668047227,0.2270003578581781,496
1000030,0,0.0,N1,NAYABARI BOX CULVERT,9527.4,0.0134099033559012,0.2278783970590635,497
1000035,0,0.0,N1,Madanpur Bridge.(L) (3 bridges at crossing),15593.6,0.1006056295858099,0.4207620976369789,498
1000042,0,0.0,N1,Langalbandhu bridge,15591.9,0.1007987099621016,0.4208402030081896,499
1000046,0,0.0,N1,Bridge start,15590.3,0.1009104742600176,0.4208712083420096,500
1000049,0,0.0,N1,Darikandi Bridge (R) (2 bridges at crossing),15590.8,0.1009927569485374,0.4209327334969119,501
1000053,0,0.0,N1,DARIKANDI BRIDGE (R) (2 bridges at crossing),15588.8,0.101101621416021,0.4209527517265922,502
1000061,0,0.0,N1,SHADIPUR BOX CULVERT,15587.1,0.1013153630841436,0.4210434105662797,503
1000070,0,0.0,N1,SANGAKADI CULVERT,15586.6,0.1015520617431895,0.4211756933457567,504
1000132,0,0.0,N1,Bridge start,15571.0,0.1031019002830476,0.421757566966449,505
1000084,0,0.0,N1,Bridge end,15582.9,0.1019178028564779,0.4213125785335234,506
1000089,0,0.0,N1,Anarpara Bridge (L) (4 bridges at crossing),15582.0,0.1020481743996686,0.42137103345438,507
1000093,0,0.0,N1,Bridge start,15580.3,0.1021520849901635,0.42139496069848,508
1000096,0,0.0,N1,Alipur bridge(R) (4 bridges at crossing),15580.6,0.1022303804118387,0.4214494506472891,509
1000101,0,0.0,N1,Bhaber char Bridge(R) (4 bridges at crossing),15580.3,0.1023565230356488,0.4215191739655141,510
1000107,0,0.0,N1,NOYAPARA,15577.9,0.1025035686038258,0.4215531652038155,511
1000113,0,0.0,N1,Bridge start,15577.2,0.1026478351678385,0.4216246751226666,512
1000124,0,0.0,N1,Bridge start,15573.7,0.1029118405634563,0.4217043599322154,513
8000129,0,0.0,N208,MIRJAPUR BOX CULVERT,832.2,0.0400513704961102,0.0435276256555831,514
8000126,0,0.0,N208,Mirzapur box culvert,832.2,0.0412134775419007,0.0442337031983334,515
8000120,0,0.0,N208,Bridge start,832.1,0.0435356375869254,0.0456423039747392,516
7000114,0,0.0,N207,UTTOR KALAPUR,5291.6,0.1065198941658553,0.1867601275139163,517
8000005,0,0.0,N208,BONOVITI BOX CULVERT (2 bridges at crossing),832.4,0.0876211555195976,0.0724348742461699,518
8000003,0,0.0,N208,BONOVITI BOX CULVERT (2 bridges at crossing),832.4,0.0883850191860031,0.0728989855193314,519
7000192,0,0.0,N207,Bridge start,360.7,0.0183982762441299,0.019497333186897,520
7000188,0,0.0,N207,Bridge start,360.7,0.0167649467530719,0.018504948468359,521
7000182,0,0.0,N207,GORA KHAL BOX CULVERT,360.9,0.0143138650800727,0.0170203232885984,522
7000171,0,0.0,N207,Bridge start,361.0,0.0116826314414597,0.0154239343697144,523
7000147,0,0.0,N207,KODALIPUR BOX CULVERT,361.0,0.0199840001855891,0.0204677124498413,524
3000202,0,0.0,N102,MODINAGOR RCC GIDER BRIDGE,13493.0,0.3967361925178091,0.5522400525274949,525
7000109,0,0.0,N207,KASIM PUR,5291.0,0.1080195898044861,0.1876574806331438,526
8000109,0,0.0,N208,RAJAPUR BOX CULVERT,832.1,0.0477825600814659,0.04822266574955,527
7000107,0,0.0,N207,LAMWA CULVERT,5291.2,0.1086248085809848,0.1880298144307038,528
7000105,0,0.0,N207,SHIRAZ NAGAR,5291.3,0.1092301481837516,0.1883999153369033,529
7000101,0,0.0,N207,KAKIA BAZAR BOX CULVERT,5291.3,0.1104413106943571,0.1891357981907741,530
7000099,0,0.0,N207,KALIR BAZAR CULVERT,5290.5,0.1110466502971238,0.1894851423658622,531
7000096,0,0.0,N207,RAZAPUR CULVERT,5291.2,0.1119544180487379,0.1900528315699812,532
7000094,0,0.0,N207,NOWGAON -2 CULVERT,5291.4,0.1125591535201645,0.1904248717191558,533
7000090,0,0.0,N207,Nowgaon Bridge (2 bridges at crossing),5290.6,0.113769953551966,0.191142083909083,534
7000087,0,0.0,N207,ESUPPUR CULVERT,5290.9,0.1146792920450643,0.1917015022566273,535
8000008,0,0.0,N208,PURBO SULTANPUR CULVERT,832.5,0.0864756016725255,0.0717411604640772,536
8000013,0,0.0,N208,MONU PC GIRDER BRIDGE (2 bridges at crossing),832.7,0.0845693256420164,0.070587550426785,537
8000017,0,0.0,N208,ISLAMPUR CULVERT,832.7,0.0830426857456176,0.0696599885893291,538
8000020,0,0.0,N208,ISLAMPUR BOX CULVERT,832.8,0.0818976152036176,0.0689665684556218,539
8000107,0,0.0,N208,RAJAPUR BOX CULVERT,832.1,0.0485542774552924,0.0486915488089747,540
8000104,0,0.0,N208,MOTOP PUR BRIDGE (2 bridges at crossing),832.2,0.0497111889715582,0.0493967759350385,541
8000101,0,0.0,N208,MOTOP PUR BRIDGE (2 bridges at crossing),832.2,0.0508660464412676,0.0500984487520075,542
8000095,0,0.0,N208,CHAN BAG CULVERT,832.4,0.0531778154272428,0.0515076549984971,543
8000086,0,0.0,N208,GOYESPUR,832.6,0.0566371923068465,0.0536141293361743,544
8000074,0,0.0,N208,TAI JURI BOX CULVERT,832.8,0.0612358400675853,0.0564128063303906,545
8000071,0,0.0,N208,Kuchimora Bridge,832.8,0.0623838104400178,0.0571102946578672,546
8000067,0,0.0,N208,UDNACHARA BRIDGE (2 bridges at crossing),832.9,0.0639145584295291,0.058042658810056,547
8000046,0,0.0,N208,Chatura Box Culvert,832.5,0.0719538549983289,0.0629179808393598,548
8000044,0,0.0,N208,CHATURACAHEL BOX CULVERT,832.5,0.0727191685799506,0.0633829730576776,549
8000041,0,0.0,N208,MOLAL BOX CULVERT,832.6,0.0738678639099912,0.0640832081611892,550
8000039,0,0.0,N208,ASRAKAPUL BOX CULVERT,832.6,0.074634264928025,0.0645488610883742,551
8000035,0,0.0,N208,Longuchhara Bridge (2 bridges at crossing),832.6,0.0761667044852885,0.0654799467064551,552
8000032,0,0.0,N208,KADOM HATE BOX CULVERT,832.7,0.077314916510257,0.0661798881615813,553
8000028,0,0.0,N208,TALTOLA BOX CULVERT,832.6,0.0788440937582841,0.0671066853496038,554
8000025,0,0.0,N208,RAISREE SETU BOX CULVERT,832.6,0.0799900100841603,0.0678029256714424,555
8000022,0,0.0,N208,RAISREE CULVERT,832.6,0.0811345973210883,0.0684983584602211,556
3000211,0,0.0,N102,Bridge start,13488.1,0.396497681464743,0.5519821281799042,557
3000146,0,0.0,N102,CHOTICHOIMOHARI RCC GIDER BRIGDE (2 bridges at crossing),13520.6,0.3983323075183178,0.5538463660744374,558
3000199,0,0.0,N102,Bridge start,13495.5,0.3968142462869483,0.5523451343281611,559
2000673,0,0.0,N2,AUGON BOX CULVERT,20625.8,0.1979224285693227,0.5959480214286752,560
2000752,0,0.0,N2,SYADPUR,20641.9,0.1737564500082524,0.5816364765414804,561
2000744,0,0.0,N2,Minazpur Bridge,20639.7,0.1762237224011659,0.5830848128730163,562
2000731,0,0.0,N2,Batapur Bridge (2 bridges at crossing),20636.2,0.180237691850969,0.5854429155050644,563
2000727,0,0.0,N2,batapur,20634.9,0.1814696364796735,0.5861614432945698,564
2000722,0,0.0,N2,RATUM PUR (3) (2 bridges at crossing),20633.4,0.1830066674351217,0.58706072402046,565
2000718,0,0.0,N2,Bridge start,20632.1,0.1842328124029614,0.5877757280293401,566
2000716,0,0.0,N2,Dhaka Katpass Bridge (2 bridges at crossing),20632.5,0.1848458848868812,0.5881574462200768,567
2000712,0,0.0,N2,DHAKA KHATENPASS BRIDGE,20632.1,0.1860700966344326,0.5888920323665267,568
2000709,0,0.0,N2,VHARDEV CULVERT,20629.9,0.186987530487488,0.5893987117381065,569
2000706,0,0.0,N2,Bridge start,20630.5,0.1879031519465232,0.5899688664250318,570
2000702,0,0.0,N2,Bizrapar Bridge (2 bridges at crossing),20631.1,0.1891212015544057,0.5907227715891358,571
2000697,0,0.0,N2,SHADARGHAT 1,20630.2,0.1906427667475477,0.5916264933874333,572
2000695,0,0.0,N2,SHADUGHAT,20628.8,0.1912512478332829,0.5919639084562858,573
2000693,0,0.0,N2,DHAKA SHAISTAGANG HALIGAN,20628.8,0.19185900396141,0.5923331713009555,574
2000691,0,0.0,N2,SODORPUR NOTUNBAZAR,20629.4,0.1924668809158051,0.5927163453784626,575
2000689,0,0.0,N2,NALSUZA,20629.4,0.1930748786964682,0.5930857550473252,576
2000685,0,0.0,N2,NOLSUZA 2 CULVERT,20627.1,0.194288457732434,0.5937700611636161,577
2000683,0,0.0,N2,NORTH DEVPARA 2 CULVER,20627.1,0.1948937973352008,0.5941378557663588,578
2000679,0,0.0,N2,DEVPARA BOXCULVERT,20627.0,0.1961061681084865,0.5948721664377363,579
2000757,0,0.0,N2,Umarpur Bridge (2 bridges at crossing),20642.4,0.1722090279937547,0.5807078193407355,580
2000761,0,0.0,N2,Chaar Nopul (2 bridges at crossing),20642.8,0.1709676589161448,0.579962808676603,581
2000767,0,0.0,N2,Aminnagar Bridge (2 bridges at crossing),20645.8,0.1691017388591535,0.5788982947762846,582
2000826,0,0.0,N2,SIMMANPUR BOX CULVERT,17520.3,0.134716214136045,0.4859226886738273,583
2000856,0,0.0,N2,KUTUB PUR BOX CULVERT,17532.2,0.1232325231448757,0.4792198329112423,584
2000853,0,0.0,N2,NAZIR BAZAR,17531.7,0.1243807351698442,0.4799059365456276,585
2000851,0,0.0,N2,AHAMAD NAGAR CULVERT,17530.1,0.125146894535342,0.4803345417933108,586
2000848,0,0.0,N2,KURRZ BAZAR BOX CULVERT,17530.5,0.1262958315179186,0.4810418426313856,587
2000846,0,0.0,N2,KURRA BAZR BOX CULVERT,17528.7,0.1270613867520763,0.4814654682116733,588
2000836,0,0.0,N2,DAYA MIR BOX CULVERT,17522.0,0.1308895254016688,0.4836368613289079,589
2000832,0,0.0,N2,MOHAMMAD PUR CULVERT,17521.8,0.1324203942174481,0.4845623799828226,590
2000829,0,0.0,N2,KASIKAPON BOX CULVERT,17520.1,0.1335686062424166,0.4852208079757261,591
2000824,0,0.0,N2,CHANDPUR BOX CULVERT,17518.8,0.1354815277176667,0.4863530863402928,592
2000771,0,0.0,N2,GRAM SHERPUR BRIDGE (2 bridges at crossing),20647.1,0.1678555367308229,0.5781711043594092,593
2000820,0,0.0,N2,TAJPUR BAZAR BOX,17518.4,0.1370133631435901,0.4872745796840647,594
2000816,0,0.0,N2,GOYNAGAT BOXCULVERT,17514.9,0.1385470109635339,0.4881256788021205,595
2000806,0,0.0,N2,BROMMON GRAM (2 bridges at crossing),17509.2,0.1423965358625654,0.4903331288949783,596
2000801,0,0.0,N2,Narkila Bridge (2 bridges at crossing),17507.8,0.1443239564899776,0.4914719104076509,597
2000796,0,0.0,N2,Onish Mill Bridge (2 bridges at crossing),17507.3,0.1462540352952861,0.4926330637175548,598
2000786,0,0.0,N2,Katen Bridge (2 bridges at crossing),17502.5,0.150127483795385,0.4948758061366024,599
2000783,0,0.0,N2,SHALIPUR BRIDGE (2 bridges at crossing),17501.7,0.1512957529808444,0.4955671772686124,600
2000778,0,0.0,N2,Bridge start,17499.2,0.1532439557263555,0.4966932163238331,601
2000677,0,0.0,N2,ANGOOM BOX CUL,20627.3,0.1967115077112532,0.5952468799508495,602
2000666,0,0.0,N2,MALAR BATAR,20623.6,0.2000406338739342,0.5971842702138391,603
2000862,0,0.0,N2,ROSID PUR BOX CULVERT,17533.4,0.1209340450483824,0.4778509902437473,604
2000662,0,0.0,N2,GARIPUR,20624.4,0.2012513130794676,0.5979383098469792,605
2000576,0,0.0,N2,RAJSURAT BOX CULVERT,20611.7,0.2267117034498074,0.6131147328399658,606
2000572,0,0.0,N2,PUTA JURI SCHOOL,20610.8,0.2278701857075574,0.613797851288714,607
2000568,0,0.0,N2,PUTA JURI BOX CULVERT,20610.8,0.2290267347450191,0.6145005518750319,608
2000566,0,0.0,N2,Putajuri Bridge (2 bridges at crossing),20609.4,0.2296035593485337,0.6148187329746393,609
2000562,0,0.0,N2,MONDUL KAFON,20608.8,0.2307560002928828,0.6155050997289402,610
2000557,0,0.0,N2,SHOURATUL,20607.9,0.232292427116991,0.6164178512150895,611
2000553,0,0.0,N2,Bridge start,20607.5,0.2336044795613909,0.6172058079555901,612
2000547,0,0.0,N2,Bridge start,20605.5,0.2355727394673929,0.6183555649360901,613
2000540,0,0.0,N2,CHALTA BOX CULVERT,20602.8,0.2378714592164223,0.6196899598759255,614
2000536,0,0.0,N2,KABIR PUR CULVERT,20600.8,0.2391856865336466,0.6204423371788513,615
1000025,0,0.0,N1,NOYAPARA CULVERT,9527.9,0.0110065480587689,0.2264296885677339,616
2000531,0,0.0,N2,KABIR PUR,20601.9,0.2408267489058577,0.6214647896095812,617
2000528,0,0.0,N2,JANNJALIA,20600.7,0.2418103351406526,0.6220347251384839,618
2000526,0,0.0,N2,JANJJALIA,20601.1,0.2424661197103166,0.6224423945052824,619
2000520,0,0.0,N2,Bridge start,20598.9,0.2444336546587104,0.6235870984062907,620
2000510,0,0.0,N2,MIRPUR BOX CULVERT,20595.6,0.2477273787248624,0.6255122041388753,621
2000508,0,0.0,N2,MIRPUR BOX CULVERT,20596.0,0.2483867276694328,0.6259220391625164,622
2000448,0,0.0,N2,CHARA BOX CULVERT,29383.0,0.3876771826600773,0.9132075631857728,623
2000453,0,0.0,N2,GORIPUR BOX CULVERT,29383.3,0.3866189862047816,0.9125715389562592,624
2000578,0,0.0,N2,SHUKCHAR,20611.3,0.2261320998421284,0.6127533497999196,625
2000581,0,0.0,N2,SHUKCHAR,20612.9,0.2252617882335996,0.6122614633251778,626
2000585,0,0.0,N2,COLTANPUR BOX CULVERT,20612.0,0.2240990770564691,0.6115342619908343,627
2000632,0,0.0,N2,SATAIHUL,20620.5,0.2102619320168586,0.6033230710978986,628
2000658,0,0.0,N2,DEWPARA CUVERT,20622.9,0.2024624755900732,0.5986395981489977,629
2000653,0,0.0,N2,MURAURA CULVERT,20622.3,0.2039715956776094,0.5995426774117408,630
2000651,0,0.0,N2,MARAURA CULVERT,20620.8,0.2045746395812838,0.5998744826328005,631
2000646,0,0.0,N2,MARAURA,20621.1,0.2060789266180993,0.6007953821428009,632
2000644,0,0.0,N2,SATAIHAL BOX CULVERT,20621.1,0.2066789498650733,0.601159946613304,633
2000642,0,0.0,N2,SATAIHAL BOX CULVERT,20621.1,0.2072780065019031,0.6015239237870361,634
2000639,0,0.0,N2,SATAIHUL,20621.2,0.2081747790631276,0.6020710946696459,635
2000634,0,0.0,N2,SATHAIL CULVERT,20620.3,0.2096667418206053,0.6029568305043362,636
2000629,0,0.0,N2,SATAIHULL,20619.1,0.2111536298748264,0.603832564120609,637
2000594,0,0.0,N2,BARO CHAR BOX CULVERT,20614.4,0.221474368036329,0.6099948823046605,638
2000627,0,0.0,N2,KURGGUB BOX CULVERT,20619.8,0.2117480951134715,0.6042098957588775,639
2000622,0,0.0,N2,KORAGU BOX CULVERT,20617.5,0.2132331707736723,0.6050591588556802,640
2000618,0,0.0,N2,PANIUNDAPC GIRDIR (2 bridges at crossing),20617.9,0.2144183556366541,0.6057884833226617,641
2000614,0,0.0,N2,BOROKADI BOX CULVERT,20615.7,0.2156012448005436,0.6064564490699352,642
2000610,0,0.0,N2,VORGOU BOX CULVERT,20616.8,0.2167809924814646,0.6071986141167784,643
2000606,0,0.0,N2,BARIMA BOX CULVERT,20615.3,0.2179583236370253,0.6078793470318172,644
2000600,0,0.0,N2,RAKONPUR BOX CULVERT,20614.8,0.2197188831883055,0.608937503170534,645
2000597,0,0.0,N2,Rokonpur Bridge (2 bridges at crossing),20615.3,0.2205972901567914,0.6094827406283249,646
2000859,0,0.0,N2,ROSID PUR,17531.8,0.1220834653360311,0.4785124586610711,647
2000867,0,0.0,N2,LALA BAZAR START,17536.2,0.1190203986155242,0.4767528659584547,648
3000194,0,0.0,N102,AWARON CULVERT,13496.9,0.3969420804785106,0.552455092574501,649
2000093,0,0.0,N2,UTTAR BAYANDA CULVERT,20760.8,0.0888002990691785,0.5327606809833058,650
3000062,0,0.0,N102,Compani Ganj Bridge (2 bridges at crossing),13550.1,0.4025037135953475,0.5570612048087875,651
3000057,0,0.0,N102,Bangl Bari Bridge (2 bridges at crossing),13551.9,0.4027886219353323,0.5572758239942174,652
3000044,0,0.0,N102,BARRA BOX CULVERT,13560.8,0.4035342408352671,0.557934111048486,653
3000032,0,0.0,N102,HATAMARA BOX CULVERT.,13575.3,0.4042495323419296,0.5587031246601514,654
3000027,0,0.0,N102,KONSENOGOR BOX CUL,13578.0,0.4045641639438467,0.558956559952396,655
3000023,0,0.0,N102,Barura Bridge (2 bridges at crossing),13580.7,0.4048168116702709,0.5591723348392101,656
3000020,0,0.0,N102,RAMPUR,13583.7,0.4050067505635941,0.5593569277583861,657
3000015,0,0.0,N102,DEAB POR SLAB CULVERT,13587.2,0.4053276651314481,0.5596326309072959,658
3000011,0,0.0,N102,ZUMUR BOX CULVERT,13589.3,0.4055890123491695,0.5598398536443068,659
3000009,0,0.0,N102,SHABAR BAZAR,13590.2,0.4057197463711642,0.5599400422636751,660
3000007,0,0.0,N102,Brorechon,13590.4,0.4058495137830148,0.5600234994620749,661
3000003,0,0.0,N102,PORISPUR BOX CULVERT,13592.0,0.4061073570389638,0.5602170617310073,662
2000065,0,0.0,N2,RAINADI BOX CULVERT,20770.0,0.090415867098838,0.5339544540417068,663
2000068,0,0.0,N2,KANDA PARA BOX CULVERT,20768.3,0.0902450187558615,0.5338114421786937,664
2000070,0,0.0,N2,NAWPARA BOX CULVERT,20769.0,0.0901307171063172,0.5337581384597389,665
2000077,0,0.0,N2,KURIRPARA BOX CULVERT,20765.1,0.0897288489388916,0.5334240239924434,666
2000079,0,0.0,N2,CHAITABOR BOX CULVERT,20764.4,0.0896141848105432,0.533338211788804,667
2000084,0,0.0,N2,Panchdona Bridge (2 bridges at crossing),20763.5,0.0893261349875899,0.5331424406199804,668
2000087,0,0.0,N2,BOLTIRISH KANE CULVERT,20762.7,0.089152749292985,0.5330186438340552,669
3000073,0,0.0,N102,GAFUR NAGOR RCC GIDER BRIDGE (2 bridges at crossing),13543.7,0.4018727588237611,0.556530243420381,670
3000079,0,0.0,N102,CMB Bazar Bridge (2 bridges at crossing),13541.1,0.4015305788327361,0.5562623764736241,671
3000084,0,0.0,N102,YOUSUF PUR BRIDGE (2 bridges at crossing),13539.9,0.4012433747936589,0.5560602002791044,672
2000458,0,0.0,N2,SHARALDI BOX CULVERT,29385.4,0.38556054809695,0.9119768813647752,673
3000189,0,0.0,N102,Bridge start,13499.8,0.3970734186318455,0.5526017743234876,674
3000183,0,0.0,N102,MATIA PARA BOX CULVERT,13503.3,0.3972338759157724,0.5527799862084368,675
3000178,0,0.0,N102,CHATURA CULVERT,13505.9,0.3973689596834158,0.5529220248220399,676
3000174,0,0.0,N102,TILLACK PUR RCC GIDER BRIDGE (2 bridges at crossing),13508.5,0.3974807239813318,0.5530498949010464,677
3000168,0,0.0,N102,Saidabad Bridge (2 bridges at crossing),13511.3,0.3976479475362678,0.5532160737391938,678
3000163,0,0.0,N102,MONKASHA RCC GRIDER BRIDGE,13513.8,0.3977829104776431,0.5533557326372437,679
3000155,0,0.0,N102,Kharer bazar Bridge (2 bridges at crossing),13517.4,0.3980144136071643,0.5535794171383069,680
3000149,0,0.0,N102,MIRPUKUR CULVERT,13520.1,0.3982248929660504,0.5537695712034929,681
3000132,0,0.0,N102,MOKIMPUR RCC GRIDER BRIDGE,13527.9,0.3988469065938035,0.5543273883451646,682
3000090,0,0.0,N102,USUP - PUR BOX CULVERT,13538.2,0.4008970867095213,0.5558105940521827,683
3000127,0,0.0,N102,MURPUR BOX,13529.2,0.3990356372244466,0.5544720399846111,684
3000121,0,0.0,N102,MUDUPPUR BOX CULVERT,13531.0,0.3992613406931029,0.5546506872428265,685
3000117,0,0.0,N102,BRAMMON PARA BOX CULVERT,13532.1,0.3994114069179804,0.5547672344045255,686
3000114,0,0.0,N102,BRAMMON PARA BOX CULVERT,13532.5,0.3995216004744122,0.5548434114502293,687
3000109,0,0.0,N102,HAJIBARI BOX CULVERT,13532.8,0.3997816790163195,0.5550083498980056,688
3000106,0,0.0,N102,SONG CHAIL RCC GIDER BRIDGE,13534.7,0.3999600790010471,0.5551605626239546,689
3000099,0,0.0,N102,SHALGANG BOX CULVERT,13536.6,0.4003743922740784,0.5554561124680383,690
3000096,0,0.0,N102,NAYAPARA BOX CULVERT,13537.6,0.4005497111889715,0.5555856964544188,691
2000090,0,0.0,N2,SHIKANDI BOX CULVERT,20762.4,0.0889773095518239,0.5329051305597761,692
2000100,0,0.0,N2,BAGDI BOX CULVERT,20758.8,0.0883839317495909,0.5324615768301272,693
2000870,0,0.0,N2,LALA BAZAR (2 bridges at crossing),17538.6,0.1178749655947201,0.4761122705679651,694
2000103,0,0.0,N2,BAGDI - 2 CULVERT,20757.9,0.0882026923475649,0.5323307019544821,695
2000396,0,0.0,N2,NARAONPUR CULVERT,29374.6,0.3986078518225313,0.919655132404326,696
2000399,0,0.0,N2,ITAKHOLA BOX CULVERT,29375.7,0.3979851132371701,0.9193021357977332,697
2000408,0,0.0,N2,PATONPUR,29377.9,0.3961075938584491,0.91821212390851,698
2000417,0,0.0,N2,Shapur Bridge (2 bridges at crossing),29379.9,0.3942245164713993,0.9171141224559408,699
2000419,0,0.0,N2,SAHAPUR BOX CULVERT,29380.7,0.3938052493213792,0.9168778329092409,700
2000424,0,0.0,N2,HORI TOLA BOX CULVERT,29379.6,0.3927538191370926,0.9162136315087274,701
2000429,0,0.0,N2,SHIBPUR BOX CULVERT,29382.7,0.391702509779074,0.9156463682654968,702
2000439,0,0.0,N2,RIAZ NAGAR BOX CULVERT,29380.7,0.3895882917413071,0.9143156773343262,703
2000905,0,0.0,N2,SYHAT RAIL LINE OVER BRIDGE (2 bridges at crossing),17547.8,0.1048033757892673,0.4683823628417378,704
2000902,0,0.0,N2,FIRUSPUR (2),17546.3,0.1058664052952836,0.4689936479136241,705
2000898,0,0.0,N2,Daudpur,17546.4,0.1072844223767348,0.4698575185799128,706
2000896,0,0.0,N2,CHANDRIPUR,17546.8,0.1079930684386563,0.4702973057388669,707
2000892,0,0.0,N2,BALIADIKONE CULVERT,17545.7,0.1094797148403413,0.471175198834404,708
2000888,0,0.0,N2,Teli Bazar Bridge,17544.0,0.1110078046519563,0.4720644344582502,709
2000885,0,0.0,N2,KETLI 2 CULVERT,17542.4,0.1121528751939563,0.4727232600401053,710
2000882,0,0.0,N2,KETLIL CULVERT,17543.0,0.1132961333419361,0.4734317231165649,711
2000879,0,0.0,N2,LALA BAZAR,17540.5,0.11444035810006,0.4740692780826341,712
2000877,0,0.0,N2,LALA BAZAR,17541.0,0.1152038592876614,0.4745447006367907,713
2000874,0,0.0,N2,LALA BAZAR,17538.8,0.1163489298296615,0.4751896883979047,714
2000391,0,0.0,N2,BELGOR CULVERT,29374.6,0.3996435745919757,0.920284420894288,715
2000388,0,0.0,N2,JAGADISHPUR 2 BOX CULVERT,29375.3,0.4002634737600385,0.9206772057788396,716
2000263,0,0.0,N2,BATHTOLA-2 BOX CULVERT,20715.2,0.1255369217285019,0.5540295874435024,717
2000192,0,0.0,N2,Noya Kandi Bridge (2 bridges at crossing),20734.5,0.0997010033171643,0.5387772156831919,718
2000106,0,0.0,N2,BASAIL BRIDGE OVER ROAD (2 bridges at crossing),20757.8,0.0880196405515187,0.5322171763250461,719
2000110,0,0.0,N2,Bala Nagar Bridge (2 bridges at crossing),20756.3,0.0877727924859593,0.5320326008603389,720
2000128,0,0.0,N2,ITAKHOLA CULVERT,20754.2,0.0866404087021011,0.5312961503206989,721
2000139,0,0.0,N2,Simbi Bridge (2 bridges at crossing),20751.1,0.0859358707332922,0.5307965889796866,722
2000167,0,0.0,N2,Bitimargal Bridge (2 bridges at crossing),20739.1,0.0904591229027882,0.533268087804045,723
2000175,0,0.0,N2,BRIDE OVER ARIAL RCC GIDER BRIDGE (2 bridges at crossing),20737.3,0.0934264952190254,0.5350295020162249,724
2000178,0,0.0,N2,SHIBPUR RCC GIDER BRIDGE (2 bridges at crossing),20736.5,0.0945378552322486,0.5356862960508513,725
2000185,0,0.0,N2,Khamachor Bridge (2 bridges at crossing),20736.2,0.097123174889015,0.5372501757662063,726
2000196,0,0.0,N2,Patila Dua Bridge (2 bridges at crossing),20733.4,0.1011755670920476,0.5396477675690934,727
2000252,0,0.0,N2,SUNSRAMPUR CULVERT,20719.2,0.1215774449255746,0.5517161251841949,728
2000202,0,0.0,N2,NARAYAN PUR RCC GIDER BRIDGE (2 bridges at crossing),20731.4,0.1033814922672396,0.5409419261431253,729
2000209,0,0.0,N2,Mahmudabad Bridge (2 bridges at crossing),20730.0,0.1059502587252877,0.5424703790632546,730
2000217,0,0.0,N2,OLD BRAMMAPULRA,20729.1,0.108877395894275,0.5442281037784593,731
2000221,0,0.0,N2,JAKANNATHPUR,20727.5,0.1103379438220683,0.5450786083438994,732
2000225,0,0.0,N2,KOMOLPUR CULVERT (1),20726.4,0.1117970418346453,0.5459397634814673,733
2000231,0,0.0,N2,NEAR BHAIRAB SLAB CULVERT,20726.0,0.113979526713842,0.5472565809641153,734
2000241,0,0.0,N2,SONARAMPUR,20723.1,0.1176068521059897,0.5493936027085657,735
2000248,0,0.0,N2,Sonarampur Bridge (2 bridges at crossing),20721.4,0.12013526259052,0.5508906170781418,736
2000534,0,0.0,N2,ISLAMABAD,20601.6,0.2398426189528567,0.6208599291743926,737
