vehicle_id,start_time,end_time,time_elapsed
Truck5,25,628,603
Truck9,45,633,588
Truck4,20,649,629
Truck3,15,667,652
Truck6,30,669,639
Truck8,40,672,632
Truck11,55,691,636
Truck2,10,693,683
Truck20,100,698,598
Truck7,35,700,665
Truck15,75,703,628
Truck1,5,720,715
Truck0,0,721,721
Truck17,85,722,637
Truck12,60,727,667
Truck13,65,749,684
Truck10,50,751,701
Truck32,160,751,591
Truck28,140,758,618
Truck18,90,759,669
Truck14,70,765,695
Truck23,115,765,650
Truck34,170,767,597
Truck22,110,776,666
Truck25,125,777,652
Truck19,95,780,685
Truck29,145,784,639
Truck27,135,785,650
Truck26,130,793,663
Truck16,80,795,715
Truck21,105,798,693
Truck24,120,798,678
Truck40,200,802,602
Truck37,185,822,637
Truck33,165,826,661
Truck41,205,829,624
Truck30,150,833,683
Truck35,175,833,658
Truck38,190,842,652
Truck36,180,848,668
Truck45,225,862,637
Truck39,195,867,672
Truck49,245,868,623
Truck31,155,878,723
Truck48,240,878,638
Truck55,275,905,630
Truck46,230,909,679
Truck62,310,915,605
Truck42,210,917,707
Truck51,255,918,663
Truck44,220,924,704
Truck43,215,926,711
Truck63,315,938,623
Truck57,285,941,656
Truck47,235,945,710
Truck70,350,947,597
Truck60,300,952,652
Truck50,250,955,705
Truck53,265,959,694
Truck54,270,960,690
Truck52,260,964,704
Truck65,325,964,639
Truck59,295,977,682
Truck56,280,978,698
Truck74,370,992,622
Truck58,290,1004,714
Truck64,320,1005,685
Truck67,335,1007,672
Truck61,305,1011,706
Truck72,360,1013,653
Truck68,340,1015,675
Truck79,395,1015,620
Truck71,355,1017,662
Truck66,330,1026,696
Truck69,345,1031,686
Truck77,385,1036,651
Truck78,390,1036,646
Truck75,375,1046,671
Truck73,365,1058,693
Truck80,400,1059,659
Truck76,380,1070,690
Truck84,420,1070,650
Truck87,435,1070,635
Truck83,415,1081,666
Truck86,430,1081,651
Truck85,425,1092,667
Truck82,410,1093,683
Truck81,405,1096,691
Truck91,455,1096,641
Truck89,445,1101,656
Truck90,450,1112,662
Truck88,440,1124,684
Truck95,475,1124,649
Truck103,515,1124,609
Truck92,460,1125,665
Truck93,465,1132,667
Truck96,480,1132,652
Truck100,500,1153,653
Truck106,530,1165,635
Truck94,470,1168,698
Truck113,565,1172,607
Truck97,485,1177,692
Truck102,510,1183,673
Truck99,495,1188,693
Truck111,555,1188,633
Truck117,585,1192,607
Truck109,545,1195,650
Truck98,490,1198,708
Truck101,505,1203,698
Truck107,535,1209,674
Truck104,520,1211,691
Truck105,525,1213,688
Truck120,600,1224,624
Truck110,550,1234,684
Truck108,540,1238,698
Truck125,625,1243,618
Truck118,590,1255,665
Truck116,580,1256,676
Truck112,560,1262,702
Truck119,595,1267,672
Truck114,570,1269,699
Truck115,575,1272,697
Truck124,620,1272,652
Truck133,665,1281,616
Truck128,640,1285,645
Truck122,610,1290,680
Truck121,605,1300,695
Truck126,630,1305,675
Truck140,700,1318,618
Truck136,680,1320,640
Truck129,645,1329,684
Truck131,655,1333,678
Truck127,635,1335,700
Truck123,615,1339,724
Truck130,650,1343,693
Truck132,660,1343,683
Truck135,675,1356,681
Truck139,695,1362,667
Truck137,685,1364,679
Truck134,670,1366,696
Truck145,725,1368,643
Truck144,720,1375,655
Truck143,715,1376,661
Truck148,740,1377,637
Truck155,775,1383,608
Truck152,760,1387,627
Truck138,690,1388,698
Truck142,710,1389,679
Truck146,730,1395,665
Truck154,770,1396,626
Truck147,735,1404,669
Truck149,745,1409,664
Truck141,705,1411,706
Truck150,750,1418,668
Truck153,765,1423,658
Truck151,755,1427,672
Truck160,800,1438,638
Truck158,790,1446,656
Truck157,785,1459,674
Truck167,835,1461,626
Truck161,805,1467,662
Truck171,855,1467,612
Truck156,780,1472,692
Truck163,815,1478,663
Truck159,795,1482,687
Truck168,840,1492,652
Truck169,845,1510,665
Truck170,850,1511,661
Truck166,830,1514,684
Truck164,820,1517,697
Truck162,810,1518,708
Truck174,870,1518,648
Truck165,825,1522,697
Truck175,875,1531,656
Truck172,860,1548,688
Truck173,865,1552,687
Truck184,920,1553,633
Truck182,910,1561,651
Truck176,880,1562,682
Truck185,925,1563,638
Truck179,895,1564,669
Truck188,940,1565,625
Truck187,935,1574,639
Truck180,900,1575,675
Truck177,885,1579,694
Truck189,945,1595,650
Truck178,890,1605,715
Truck196,980,1605,625
Truck192,960,1612,652
Truck183,915,1618,703
Truck181,905,1622,717
Truck186,930,1623,693
Truck201,1005,1633,628
Truck191,955,1634,679
Truck197,985,1643,658
Truck195,975,1651,676
Truck199,995,1653,658
Truck193,965,1665,700
Truck198,990,1665,675
Truck203,1015,1665,650
Truck194,970,1668,698
Truck202,1010,1668,658
Truck190,950,1679,729
Truck200,1000,1691,691
Truck208,1040,1702,662
Truck204,1020,1715,695
Truck207,1035,1718,683
Truck219,1095,1718,623
Truck226,1130,1725,595
Truck213,1065,1730,665
Truck209,1045,1731,686
Truck205,1025,1732,707
Truck218,1090,1733,643
Truck210,1050,1734,684
Truck206,1030,1735,705
Truck216,1080,1738,658
Truck211,1055,1740,685
Truck215,1075,1746,671
Truck223,1115,1746,631
Truck212,1060,1754,694
Truck233,1165,1767,602
Truck217,1085,1781,696
Truck214,1070,1786,716
Truck227,1135,1787,652
Truck228,1140,1788,648
Truck229,1145,1790,645
Truck220,1100,1811,711
Truck222,1110,1811,701
Truck224,1120,1811,691
Truck221,1105,1813,708
Truck230,1150,1817,667
Truck225,1125,1825,700
Truck234,1170,1828,658
Truck235,1175,1837,662
Truck231,1155,1839,684
Truck232,1160,1840,680
Truck238,1190,1854,664
Truck245,1225,1855,630
Truck248,1240,1855,615
Truck239,1195,1867,672
Truck237,1185,1871,686
Truck246,1230,1876,646
Truck244,1220,1880,660
Truck258,1290,1880,590
Truck241,1205,1882,677
Truck252,1260,1882,622
Truck236,1180,1890,710
Truck242,1210,1892,682
Truck240,1200,1912,712
Truck253,1265,1923,658
Truck247,1235,1927,692
Truck243,1215,1933,718
Truck255,1275,1934,659
Truck257,1285,1935,650
Truck249,1245,1936,691
Truck260,1300,1936,636
Truck264,1320,1938,618
Truck261,1305,1944,639
Truck250,1250,1948,698
Truck251,1255,1952,697
Truck266,1330,1953,623
Truck254,1270,1961,691
Truck265,1325,1971,646
Truck263,1315,1979,664
Truck256,1280,1994,714
Truck262,1310,2000,690
Truck267,1335,2003,668
Truck259,1295,2006,711
Truck272,1360,2025,665
Truck286,1430,2040,610
Truck270,1350,2046,696
Truck268,1340,2047,707
Truck283,1415,2047,632
Truck274,1370,2048,678
Truck275,1375,2049,674
Truck276,1380,2055,675
Truck271,1355,2057,702
Truck287,1435,2063,628
Truck269,1345,2065,720
Truck278,1390,2066,676
Truck273,1365,2069,704
Truck289,1445,2069,624
Truck281,1405,2071,666
Truck282,1410,2083,673
Truck279,1395,2089,694
Truck292,1460,2093,633
Truck284,1420,2098,678
Truck285,1425,2106,681
Truck277,1385,2111,726
Truck290,1450,2116,666
Truck280,1400,2119,719
Truck298,1490,2123,633
Truck288,1440,2140,700
Truck295,1475,2143,668
Truck306,1530,2148,618
Truck293,1465,2152,687
Truck302,1510,2153,643
Truck312,1560,2155,595
Truck301,1505,2157,652
Truck294,1470,2167,697
Truck291,1455,2177,722
Truck296,1480,2187,707
Truck300,1500,2190,690
Truck309,1545,2190,645
Truck297,1485,2191,706
Truck299,1495,2192,697
Truck307,1535,2195,660
Truck304,1520,2202,682
Truck308,1540,2203,663
Truck305,1525,2208,683
Truck303,1515,2211,696
Truck310,1550,2212,662
Truck317,1585,2224,639
Truck311,1555,2234,679
Truck314,1570,2239,669
Truck318,1590,2244,654
Truck323,1615,2245,630
Truck316,1580,2257,677
Truck320,1600,2257,657
Truck319,1595,2261,666
Truck326,1630,2277,647
Truck313,1565,2283,718
Truck315,1575,2289,714
Truck327,1635,2293,658
Truck322,1610,2294,684
Truck321,1605,2307,702
Truck329,1645,2316,671
Truck325,1625,2317,692
Truck336,1680,2317,637
Truck333,1665,2325,660
Truck332,1660,2326,666
Truck342,1710,2330,620
Truck330,1650,2331,681
Truck334,1670,2331,661
Truck347,1735,2331,596
Truck328,1640,2333,693
Truck324,1620,2338,718
Truck331,1655,2349,694
Truck335,1675,2355,680
Truck340,1700,2355,655
Truck343,1715,2358,643
Truck337,1685,2373,688
Truck341,1705,2374,669
Truck339,1695,2392,697
Truck348,1740,2401,661
Truck346,1730,2403,673
Truck344,1720,2409,689
Truck338,1690,2417,727
Truck363,1815,2430,615
Truck352,1760,2437,677
Truck356,1780,2438,658
Truck361,1805,2438,633
Truck351,1755,2439,684
Truck349,1745,2444,699
Truck354,1770,2447,677
Truck360,1800,2453,653
Truck345,1725,2460,735
Truck355,1775,2466,691
Truck367,1835,2470,635
Truck358,1790,2472,682
Truck359,1795,2478,683
Truck350,1750,2479,729
Truck353,1765,2482,717
Truck379,1895,2491,596
Truck369,1845,2492,647
Truck368,1840,2497,657
Truck362,1810,2502,692
Truck364,1820,2504,684
Truck357,1785,2508,723
Truck365,1825,2516,691
Truck380,1900,2518,618
Truck366,1830,2519,689
Truck372,1860,2521,661
Truck370,1850,2523,673
Truck371,1855,2530,675
Truck384,1920,2543,623
Truck377,1885,2544,659
Truck387,1935,2552,617
Truck376,1880,2556,676
Truck374,1870,2558,688
Truck381,1905,2558,653
Truck373,1865,2563,698
Truck395,1975,2566,591
Truck382,1910,2568,658
Truck389,1945,2573,628
Truck388,1940,2579,639
Truck378,1890,2591,701
Truck375,1875,2595,720
Truck386,1930,2595,665
Truck392,1960,2598,638
Truck394,1970,2613,643
Truck383,1915,2624,709
Truck385,1925,2628,703
Truck399,1995,2633,638
Truck396,1980,2634,654
Truck390,1950,2635,685
Truck409,2045,2636,591
Truck391,1955,2638,683
Truck398,1990,2638,648
Truck400,2000,2641,641
Truck403,2015,2647,632
Truck401,2005,2663,658
Truck411,2055,2670,615
Truck393,1965,2678,713
Truck397,1985,2678,693
Truck416,2080,2682,602
Truck406,2030,2683,653
Truck405,2025,2686,661
Truck413,2065,2690,625
Truck402,2010,2698,688
Truck417,2085,2704,619
Truck404,2020,2707,687
Truck421,2105,2731,626
Truck419,2095,2738,643
Truck410,2050,2739,689
Truck426,2130,2740,610
Truck408,2040,2747,707
Truck424,2120,2747,627
Truck407,2035,2750,715
Truck414,2070,2754,684
Truck412,2060,2770,710
Truck425,2125,2774,649
Truck428,2140,2786,646
Truck422,2110,2790,680
Truck429,2145,2791,646
Truck438,2190,2792,602
Truck420,2100,2793,693
Truck423,2115,2796,681
Truck418,2090,2798,708
Truck437,2185,2800,615
Truck415,2075,2802,727
Truck430,2150,2815,665
Truck436,2180,2820,640
Truck441,2205,2827,622
Truck433,2165,2835,670
Truck427,2135,2844,709
Truck432,2160,2846,686
Truck447,2235,2850,615
Truck431,2155,2860,705
Truck445,2225,2868,643
Truck446,2230,2869,639
Truck434,2170,2877,707
Truck435,2175,2884,709
Truck443,2215,2894,679
Truck453,2265,2899,634
Truck440,2200,2906,706
Truck439,2195,2912,717
Truck444,2220,2914,694
Truck442,2210,2919,709
Truck452,2260,2920,660
Truck456,2280,2927,647
Truck457,2285,2935,650
Truck470,2350,2936,586
Truck451,2255,2942,687
Truck449,2245,2943,698
Truck450,2250,2947,697
Truck448,2240,2957,717
Truck469,2345,2957,612
Truck454,2270,2960,690
Truck455,2275,2962,687
Truck459,2295,2969,674
Truck458,2290,2972,682
Truck471,2355,2990,635
Truck466,2330,2993,663
Truck460,2300,2994,694
Truck465,2325,2996,671
Truck467,2335,3003,668
Truck461,2305,3004,699
Truck475,2375,3010,635
Truck462,2310,3013,703
Truck463,2315,3017,702
Truck464,2320,3030,710
Truck468,2340,3032,692
Truck473,2365,3040,675
Truck472,2360,3041,681
Truck477,2385,3062,677
Truck476,2380,3063,683
Truck474,2370,3067,697
Truck487,2435,3074,639
Truck491,2455,3078,623
Truck478,2390,3082,692
Truck482,2410,3090,680
Truck485,2425,3096,671
Truck486,2430,3097,667
Truck479,2395,3100,705
Truck484,2420,3101,681
Truck483,2415,3109,694
Truck489,2445,3110,665
Truck480,2400,3120,720
Truck481,2405,3128,723
Truck502,2510,3129,619
Truck488,2440,3133,693
Truck496,2480,3134,654
Truck490,2450,3147,697
Truck499,2495,3151,656
Truck494,2470,3153,683
Truck495,2475,3153,678
Truck497,2485,3154,669
Truck492,2460,3157,697
Truck493,2465,3157,692
Truck506,2530,3162,632
Truck498,2490,3163,673
Truck508,2540,3164,624
Truck503,2515,3175,660
Truck505,2525,3177,652
Truck516,2580,3190,610
Truck519,2595,3192,597
Truck507,2535,3199,664
Truck509,2545,3210,665
Truck514,2570,3214,644
Truck501,2505,3220,715
Truck504,2520,3220,700
Truck515,2575,3225,650
Truck500,2500,3232,732
Truck517,2585,3234,649
Truck511,2555,3236,681
Truck510,2550,3237,687
Truck522,2610,3243,633
Truck530,2650,3246,596
Truck518,2590,3250,660
Truck520,2600,3252,652
Truck513,2565,3264,699
Truck528,2640,3264,624
Truck512,2560,3283,723
Truck521,2605,3283,678
Truck523,2615,3285,670
Truck535,2675,3294,619
Truck526,2630,3295,665
Truck524,2620,3299,679
Truck533,2665,3302,637
Truck527,2635,3314,679
Truck534,2670,3320,650
Truck531,2655,3330,675
Truck529,2645,3332,687
Truck548,2740,3333,593
Truck525,2625,3343,718
Truck532,2660,3351,691
Truck543,2715,3352,637
Truck538,2690,3353,663
Truck536,2680,3360,680
Truck542,2710,3365,655
Truck537,2685,3367,682
Truck544,2720,3369,649
Truck539,2695,3376,681
Truck551,2755,3383,628
Truck552,2760,3385,625
Truck541,2705,3387,682
Truck547,2735,3393,658
Truck540,2700,3395,695
Truck546,2730,3398,668
Truck549,2745,3403,658
Truck550,2750,3422,672
Truck559,2795,3425,630
Truck555,2775,3427,652
Truck545,2725,3428,703
Truck561,2805,3428,623
Truck554,2770,3432,662
Truck553,2765,3446,681
Truck558,2790,3452,662
Truck557,2785,3454,669
Truck562,2810,3461,651
Truck563,2815,3464,649
Truck564,2820,3476,656
Truck560,2800,3479,679
Truck565,2825,3488,663
Truck567,2835,3492,657
Truck556,2780,3499,719
Truck566,2830,3503,673
Truck573,2865,3510,645
Truck575,2875,3517,642
Truck570,2850,3526,676
Truck578,2890,3540,650
Truck587,2935,3540,605
Truck584,2920,3541,621
Truck572,2860,3544,684
Truck574,2870,3544,674
Truck576,2880,3546,666
Truck569,2845,3549,704
Truck568,2840,3555,715
Truck579,2895,3556,661
Truck582,2910,3556,646
Truck571,2855,3561,706
Truck590,2950,3572,622
Truck580,2900,3577,677
Truck581,2905,3583,678
Truck583,2915,3588,673
Truck585,2925,3603,678
Truck577,2885,3604,719
Truck588,2940,3604,664
Truck589,2945,3609,664
Truck594,2970,3612,642
Truck593,2965,3614,649
Truck591,2955,3617,662
Truck586,2930,3620,690
Truck592,2960,3629,669
Truck606,3030,3640,610
Truck596,2980,3644,664
Truck595,2975,3656,681
Truck607,3035,3672,637
Truck597,2985,3680,695
Truck602,3010,3682,672
Truck601,3005,3688,683
Truck603,3015,3700,685
Truck599,2995,3703,708
Truck613,3065,3704,639
Truck600,3000,3705,705
Truck609,3045,3706,661
Truck619,3095,3708,613
Truck617,3085,3710,625
Truck605,3025,3715,690
Truck598,2990,3720,730
Truck611,3055,3721,666
Truck618,3090,3735,645
Truck615,3075,3742,667
Truck612,3060,3744,684
Truck623,3115,3751,636
Truck610,3050,3756,706
Truck604,3020,3757,737
Truck608,3040,3757,717
Truck614,3070,3758,688
Truck625,3125,3759,634
Truck620,3100,3765,665
Truck626,3130,3786,656
Truck616,3080,3787,707
Truck632,3160,3789,629
Truck629,3145,3796,651
Truck630,3150,3797,647
Truck635,3175,3800,625
Truck627,3135,3802,667
Truck622,3110,3803,693
Truck621,3105,3809,704
Truck634,3170,3811,641
Truck643,3215,3815,600
Truck624,3120,3822,702
Truck631,3155,3823,668
Truck637,3185,3843,658
Truck628,3140,3845,705
Truck633,3165,3849,684
Truck641,3205,3852,647
Truck636,3180,3853,673
Truck639,3195,3859,664
Truck650,3250,3863,613
Truck647,3235,3872,637
Truck640,3200,3873,673
Truck653,3265,3875,610
Truck638,3190,3881,691
Truck652,3260,3881,621
Truck642,3210,3891,681
Truck649,3245,3893,648
Truck646,3230,3905,675
Truck644,3220,3917,697
Truck645,3225,3917,692
Truck666,3330,3917,587
Truck651,3255,3926,671
Truck655,3275,3929,654
Truck664,3320,3932,612
Truck648,3240,3939,699
Truck657,3285,3945,660
Truck661,3305,3953,648
Truck658,3290,3954,664
Truck654,3270,3973,703
Truck656,3280,3977,697
Truck662,3310,3983,673
Truck660,3300,3987,687
Truck663,3315,3990,675
Truck659,3295,4002,707
Truck667,3335,4009,674
Truck665,3325,4018,693
Truck669,3345,4035,690
Truck671,3355,4041,686
Truck681,3405,4042,637
Truck670,3350,4043,693
Truck673,3365,4047,682
Truck675,3375,4047,672
Truck679,3395,4060,665
Truck674,3370,4061,691
Truck682,3410,4065,655
Truck668,3340,4068,728
Truck680,3400,4069,669
Truck672,3360,4070,710
Truck683,3415,4072,657
Truck684,3420,4073,653
Truck685,3425,4079,654
Truck686,3430,4083,653
Truck676,3380,4084,704
Truck678,3390,4085,695
Truck692,3460,4094,634
Truck694,3470,4102,632
Truck677,3385,4108,723
Truck689,3445,4115,670
Truck691,3455,4118,663
Truck698,3490,4119,629
Truck687,3435,4121,686
Truck696,3480,4121,641
Truck703,3515,4123,608
Truck711,3555,4129,574
Truck697,3485,4133,648
Truck690,3450,4141,691
Truck707,3535,4148,613
Truck688,3440,4157,717
Truck695,3475,4161,686
Truck693,3465,4176,711
Truck706,3530,4181,651
Truck705,3525,4184,659
Truck700,3500,4189,689
Truck719,3595,4191,596
Truck701,3505,4197,692
Truck702,3510,4207,697
Truck714,3570,4207,637
Truck699,3495,4212,717
Truck713,3565,4214,649
Truck709,3545,4219,674
Truck704,3520,4221,701
Truck710,3550,4227,677
Truck721,3605,4227,622
Truck712,3560,4231,671
Truck717,3585,4239,654
Truck708,3540,4248,708
Truck724,3620,4257,637
Truck715,3575,4268,693
Truck732,3660,4268,608
Truck720,3600,4273,673
Truck722,3610,4280,670
Truck716,3580,4281,701
Truck725,3625,4299,674
Truck718,3590,4300,710
Truck727,3635,4301,666
Truck726,3630,4309,679
Truck728,3640,4310,670
Truck723,3615,4316,701
Truck731,3655,4323,668
Truck735,3675,4339,664
Truck733,3665,4344,679
Truck747,3735,4344,609
Truck729,3645,4352,707
Truck743,3715,4352,637
Truck736,3680,4358,678
Truck741,3705,4360,655
Truck737,3685,4370,685
Truck730,3650,4373,723
Truck746,3730,4374,644
Truck738,3690,4377,687
Truck750,3750,4382,632
Truck749,3745,4386,641
Truck742,3710,4387,677
Truck744,3720,4389,669
Truck745,3725,4396,671
Truck734,3670,4397,727
Truck740,3700,4404,704
Truck755,3775,4405,630
Truck758,3790,4412,622
Truck739,3695,4414,719
Truck753,3765,4415,650
Truck751,3755,4417,662
Truck754,3770,4418,648
Truck757,3785,4418,633
Truck756,3780,4420,640
Truck752,3760,4426,666
Truck759,3795,4437,642
Truck764,3820,4440,620
Truck748,3740,4459,719
Truck769,3845,4464,619
Truck760,3800,4466,666
Truck765,3825,4474,649
Truck762,3810,4482,672
Truck780,3900,4495,595
Truck772,3860,4496,636
Truck767,3835,4502,667
Truck761,3805,4510,705
Truck768,3840,4510,670
Truck766,3830,4511,681
Truck771,3855,4520,665
Truck773,3865,4531,666
Truck763,3815,4533,718
Truck778,3890,4545,655
Truck775,3875,4548,673
Truck770,3850,4549,699
Truck774,3870,4549,679
Truck779,3895,4553,658
Truck776,3880,4554,674
Truck781,3905,4556,651
Truck785,3925,4558,633
Truck782,3910,4562,652
Truck777,3885,4567,682
Truck798,3990,4588,598
Truck790,3950,4599,649
Truck795,3975,4600,625
Truck791,3955,4601,646
Truck788,3940,4604,664
Truck786,3930,4609,679
Truck783,3915,4613,698
Truck792,3960,4614,654
Truck784,3920,4615,695
Truck797,3985,4625,640
Truck800,4000,4633,633
Truck789,3945,4634,689
Truck804,4020,4638,618
Truck805,4025,4640,615
Truck787,3935,4645,710
Truck794,3970,4660,690
Truck799,3995,4663,668
Truck810,4050,4664,614
Truck793,3965,4671,706
Truck796,3980,4675,695
Truck809,4045,4680,635
Truck801,4005,4685,680
Truck807,4035,4696,661
Truck820,4100,4701,601
Truck814,4070,4704,634
Truck802,4010,4711,701
Truck811,4055,4721,666
Truck816,4080,4722,642
Truck817,4085,4722,637
Truck812,4060,4726,666
Truck808,4040,4728,688
Truck803,4015,4731,716
Truck806,4030,4739,709
Truck813,4065,4740,675
Truck824,4120,4744,624
Truck823,4115,4749,634
Truck815,4075,4763,688
Truck825,4125,4763,638
Truck818,4090,4786,696
Truck830,4150,4786,636
Truck828,4140,4793,653
Truck834,4170,4793,623
Truck826,4130,4794,664
Truck822,4110,4801,691
Truck821,4105,4804,699
Truck827,4135,4805,670
Truck819,4095,4811,716
Truck831,4155,4817,662
Truck829,4145,4826,681
Truck833,4165,4830,665
Truck839,4195,4844,649
Truck832,4160,4856,696
Truck840,4200,4862,662
Truck835,4175,4874,699
Truck841,4205,4881,676
Truck844,4220,4882,662
Truck842,4210,4885,675
Truck848,4240,4886,646
Truck836,4180,4888,708
Truck845,4225,4891,666
Truck838,4190,4893,703
Truck846,4230,4897,667
Truck843,4215,4898,683
Truck847,4235,4899,664
Truck851,4255,4906,651
Truck837,4185,4921,736
Truck850,4250,4921,671
Truck849,4245,4926,681
Truck853,4265,4932,667
Truck855,4275,4946,671
Truck852,4260,4948,688
Truck863,4315,4960,645
Truck856,4280,4961,681
Truck867,4335,4962,627
Truck854,4270,4966,696
Truck858,4290,4977,687
Truck874,4370,4985,615
Truck857,4285,4987,702
Truck872,4360,4994,634
Truck859,4295,4997,702
Truck866,4330,5000,670
Truck871,4355,5000,645
Truck862,4310,5009,699
Truck864,4320,5011,691
Truck865,4325,5011,686
Truck860,4300,5013,713
Truck861,4305,5023,718
Truck873,4365,5029,664
Truck880,4400,5034,634
Truck869,4345,5045,700
Truck870,4350,5045,695
Truck875,4375,5049,674
Truck878,4390,5062,672
Truck881,4405,5062,657
Truck888,4440,5065,625
Truck879,4395,5070,675
Truck884,4420,5080,660
Truck882,4410,5081,671
Truck877,4385,5087,702
Truck876,4380,5090,710
Truck868,4340,5094,754
Truck887,4435,5104,669
Truck891,4455,5108,653
Truck893,4465,5109,644
Truck889,4445,5115,670
Truck883,4415,5117,702
Truck885,4425,5129,704
Truck895,4475,5134,659
Truck902,4510,5139,629
Truck892,4460,5152,692
Truck890,4450,5154,704
Truck900,4500,5158,658
Truck901,4505,5162,657
Truck894,4470,5163,693
Truck896,4480,5166,686
Truck886,4430,5167,737
Truck899,4495,5173,678
Truck904,4520,5174,654
Truck910,4550,5187,637
Truck906,4530,5188,658
Truck905,4525,5189,664
Truck897,4485,5191,706
Truck908,4540,5195,655
Truck903,4515,5196,681
Truck898,4490,5202,712
Truck920,4600,5205,605
Truck913,4565,5208,643
Truck915,4575,5218,643
Truck907,4535,5224,689
Truck909,4545,5226,681
Truck923,4615,5241,626
Truck912,4560,5244,684
Truck916,4580,5246,666
Truck925,4625,5249,624
Truck914,4570,5251,681
Truck919,4595,5253,658
Truck918,4590,5255,665
Truck935,4675,5255,580
Truck911,4555,5259,704
Truck917,4585,5263,678
Truck924,4620,5265,645
Truck921,4605,5283,678
Truck922,4610,5285,675
Truck932,4660,5290,630
Truck931,4655,5295,640
Truck928,4640,5313,673
Truck929,4645,5316,671
Truck926,4630,5318,688
Truck938,4690,5318,628
Truck941,4705,5323,618
Truck943,4715,5325,610
Truck944,4720,5328,608
Truck930,4650,5333,683
Truck927,4635,5336,701
Truck937,4685,5342,657
Truck933,4665,5345,680
Truck936,4680,5348,668
Truck934,4670,5351,681
Truck948,4740,5355,615
Truck940,4700,5363,663
Truck939,4695,5376,681
Truck947,4735,5380,645
Truck949,4745,5389,644
Truck952,4760,5390,630
Truck960,4800,5415,615
Truck942,4710,5417,707
Truck959,4795,5420,625
Truck958,4790,5428,638
Truck945,4725,5429,704
Truck946,4730,5430,700
Truck969,4845,5434,589
Truck953,4765,5457,692
Truck964,4820,5457,637
Truck950,4750,5461,711
Truck954,4770,5467,697
Truck957,4785,5470,685
Truck956,4780,5473,693
Truck961,4805,5475,670
Truck951,4755,5476,721
Truck955,4775,5489,714
Truck974,4870,5495,625
Truck968,4840,5500,660
Truck965,4825,5504,679
Truck979,4895,5512,617
Truck966,4830,5520,690
Truck976,4880,5526,646
Truck963,4815,5528,713
Truck962,4810,5529,719
Truck970,4850,5535,685
Truck980,4900,5540,640
Truck971,4855,5541,686
Truck967,4835,5545,710
Truck981,4905,5547,642
Truck987,4935,5547,612
Truck972,4860,5548,688
Truck973,4865,5549,684
Truck983,4915,5550,635
Truck977,4885,5556,671
Truck989,4945,5587,642
Truck975,4875,5591,716
Truck978,4890,5592,702
Truck999,4995,5593,598
Truck984,4920,5605,685
Truck986,4930,5605,675
Truck990,4950,5615,665
Truck994,4970,5629,659
Truck1005,5025,5630,605
Truck997,4985,5632,647
Truck982,4910,5633,723
Truck993,4965,5633,668
Truck992,4960,5635,675
Truck988,4940,5641,701
Truck991,4955,5641,686
Truck996,4980,5665,685
Truck985,4925,5668,743
Truck995,4975,5674,699
Truck1000,5000,5676,676
Truck1012,5060,5677,617
Truck1001,5005,5683,678
Truck998,4990,5686,696
Truck1009,5045,5689,644
Truck1002,5010,5692,682
Truck1006,5030,5700,670
Truck1004,5020,5707,687
Truck1008,5040,5708,668
Truck1010,5050,5712,662
Truck1016,5080,5712,632
Truck1003,5015,5716,701
Truck1014,5070,5719,649
Truck1025,5125,5721,596
Truck1007,5035,5726,691
Truck1013,5065,5751,686
Truck1011,5055,5759,704
Truck1015,5075,5763,688
Truck1026,5130,5766,636
Truck1028,5140,5773,633
Truck1024,5120,5782,662
Truck1034,5170,5786,616
Truck1020,5100,5790,690
Truck1018,5090,5794,704
Truck1022,5110,5798,688
Truck1027,5135,5803,668
Truck1038,5190,5805,615
Truck1023,5115,5806,691
Truck1031,5155,5813,658
Truck1021,5105,5814,709
Truck1017,5085,5815,730
Truck1019,5095,5815,720
Truck1029,5145,5821,676
Truck1033,5165,5825,660
Truck1045,5225,5825,600
Truck1032,5160,5839,679
Truck1030,5150,5855,705
Truck1039,5195,5857,662
Truck1040,5200,5859,659
Truck1041,5205,5860,655
Truck1036,5180,5874,694
Truck1037,5185,5877,692
Truck1047,5235,5877,642
Truck1035,5175,5881,706
Truck1049,5245,5891,646
Truck1042,5210,5902,692
Truck1058,5290,5903,613
Truck1059,5295,5903,608
Truck1067,5335,5903,568
Truck1052,5260,5904,644
Truck1044,5220,5909,689
Truck1048,5240,5910,670
Truck1053,5265,5919,654
Truck1043,5215,5934,719
Truck1051,5255,5940,685
Truck1055,5275,5945,670
Truck1063,5315,5947,632
Truck1056,5280,5951,671
Truck1050,5250,5952,702
Truck1061,5305,5953,648
Truck1046,5230,5959,729
Truck1060,5300,5961,661
Truck1068,5340,5961,621
Truck1057,5285,5968,683
Truck1062,5310,5972,662
Truck1054,5270,5979,709
Truck1064,5320,5994,674
Truck1065,5325,5997,672
Truck1071,5355,6009,654
Truck1066,5330,6010,680
Truck1072,5360,6010,650
Truck1070,5350,6012,662
Truck1076,5380,6029,649
Truck1073,5365,6037,672
Truck1069,5345,6046,701
Truck1075,5375,6047,672
Truck1074,5370,6050,680
Truck1079,5395,6050,655
Truck1078,5390,6052,662
Truck1080,5400,6064,664
Truck1083,5415,6071,656
Truck1085,5425,6077,652
Truck1090,5450,6091,641
Truck1077,5385,6095,710
Truck1096,5480,6099,619
Truck1082,5410,6102,692
Truck1093,5465,6105,640
Truck1081,5405,6115,710
Truck1089,5445,6118,673
Truck1103,5515,6129,614
Truck1084,5420,6131,711
Truck1104,5520,6132,612
Truck1094,5470,6133,663
Truck1088,5440,6137,697
Truck1086,5430,6139,709
Truck1091,5455,6143,688
Truck1098,5490,6146,656
Truck1087,5435,6149,714
Truck1105,5525,6152,627
Truck1100,5500,6158,658
Truck1101,5505,6168,663
Truck1117,5585,6171,586
Truck1095,5475,6173,698
Truck1102,5510,6174,664
Truck1092,5460,6179,719
Truck1097,5485,6181,696
Truck1113,5565,6182,617
Truck1099,5495,6185,690
Truck1110,5550,6197,647
Truck1106,5530,6200,670
Truck1107,5535,6202,667
Truck1112,5560,6216,656
Truck1108,5540,6223,683
Truck1109,5545,6223,678
Truck1122,5610,6233,623
Truck1121,5605,6235,630
Truck1114,5570,6239,669
Truck1120,5600,6253,653
Truck1125,5625,6259,634
Truck1132,5660,6263,603
Truck1119,5595,6266,671
Truck1115,5575,6268,693
Truck1111,5555,6274,719
Truck1116,5580,6284,704
Truck1123,5615,6301,686
Truck1124,5620,6308,688
Truck1118,5590,6309,719
Truck1128,5640,6311,671
Truck1126,5630,6325,695
Truck1129,5645,6325,680
Truck1130,5650,6325,675
Truck1133,5665,6335,670
Truck1141,5705,6337,632
Truck1127,5635,6342,707
Truck1144,5720,6349,629
Truck1145,5725,6349,624
Truck1135,5675,6351,676
Truck1142,5710,6352,642
Truck1153,5765,6356,591
Truck1137,5685,6357,672
Truck1138,5690,6367,677
Truck1147,5735,6369,634
Truck1148,5740,6373,633
Truck1131,5655,6376,721
Truck1136,5680,6382,702
Truck1143,5715,6388,673
Truck1140,5700,6397,697
Truck1134,5670,6399,729
Truck1152,5760,6400,640
Truck1139,5695,6407,712
Truck1146,5730,6419,689
Truck1161,5805,6420,615
Truck1165,5825,6439,614
Truck1151,5755,6452,697
Truck1150,5750,6458,708
Truck1160,5800,6460,660
Truck1154,5770,6465,695
Truck1149,5745,6467,722
Truck1158,5790,6468,678
Truck1164,5820,6471,651
Truck1166,5830,6478,648
Truck1157,5785,6479,694
Truck1156,5780,6480,700
Truck1170,5850,6481,631
Truck1159,5795,6491,696
Truck1163,5815,6498,683
Truck1155,5775,6499,724
Truck1172,5860,6499,639
Truck1177,5885,6502,617
Truck1162,5810,6510,700
Truck1168,5840,6511,671
Truck1169,5845,6516,671
Truck1167,5835,6521,686
Truck1174,5870,6524,654
Truck1176,5880,6548,668
Truck1171,5855,6549,694
Truck1179,5895,6551,656
Truck1175,5875,6552,677
Truck1173,5865,6559,694
Truck1178,5890,6561,671
Truck1180,5900,6561,661
Truck1182,5910,6565,655
Truck1184,5920,6569,649
Truck1181,5905,6585,680
Truck1186,5930,6588,658
Truck1185,5925,6600,675
Truck1187,5935,6606,671
Truck1188,5940,6607,667
Truck1189,5945,6608,663
Truck1191,5955,6618,663
Truck1183,5915,6624,709
Truck1193,5965,6626,661
Truck1190,5950,6628,678
Truck1198,5990,6640,650
Truck1199,5995,6640,645
Truck1196,5980,6645,665
Truck1192,5960,6653,693
Truck1197,5985,6664,679
Truck1209,6045,6665,620
Truck1200,6000,6667,667
Truck1195,5975,6677,702
Truck1194,5970,6680,710
Truck1202,6010,6684,674
Truck1214,6070,6697,627
Truck1207,6035,6698,663
Truck1208,6040,6699,659
Truck1205,6025,6701,676
Truck1201,6005,6709,704
Truck1203,6015,6711,696
Truck1216,6080,6713,633
Truck1206,6030,6716,686
Truck1211,6055,6720,665
Truck1218,6090,6720,630
Truck1204,6020,6723,703
Truck1210,6050,6727,677
Truck1219,6095,6734,639
Truck1213,6065,6736,671
Truck1224,6120,6762,642
Truck1215,6075,6763,688
Truck1222,6110,6764,654
Truck1212,6060,6766,706
Truck1223,6115,6770,655
Truck1235,6175,6770,595
Truck1221,6105,6774,669
Truck1228,6140,6781,641
Truck1217,6085,6794,709
Truck1220,6100,6813,713
Truck1227,6135,6816,681
Truck1243,6215,6818,603
Truck1226,6130,6825,695
Truck1231,6155,6826,671
Truck1225,6125,6831,706
Truck1230,6150,6831,681
Truck1229,6145,6845,700
Truck1232,6160,6845,685
Truck1239,6195,6850,655
Truck1234,6170,6853,683
Truck1244,6220,6856,636
Truck1236,6180,6857,677
Truck1237,6185,6863,678
Truck1248,6240,6868,628
Truck1238,6190,6875,685
Truck1240,6200,6877,677
Truck1233,6165,6881,716
Truck1246,6230,6889,659
Truck1250,6250,6899,649
Truck1241,6205,6905,700
Truck1245,6225,6905,680
Truck1242,6210,6916,706
Truck1251,6255,6927,672
Truck1253,6265,6927,662
Truck1259,6295,6936,641
Truck1263,6315,6947,632
Truck1270,6350,6947,597
Truck1247,6235,6955,720
Truck1262,6310,6958,648
Truck1254,6270,6962,692
Truck1252,6260,6964,704
Truck1264,6320,6964,644
Truck1255,6275,6968,693
Truck1268,6340,6971,631
Truck1257,6285,6978,693
Truck1258,6290,6978,688
Truck1249,6245,6979,734
Truck1266,6330,6980,650
Truck1267,6335,6988,653
Truck1256,6280,6990,710
Truck1261,6305,6990,685
Truck1265,6325,6997,672
Truck1260,6300,6998,698
Truck1269,6345,7001,656
Truck1272,6360,7034,674
Truck1284,6420,7039,619
Truck1276,6380,7040,660
Truck1273,6365,7046,681
Truck1277,6385,7049,664
Truck1278,6390,7051,661
Truck1279,6395,7062,667
Truck1271,6355,7063,708
Truck1275,6375,7066,691
Truck1280,6400,7067,667
Truck1274,6370,7069,699
Truck1285,6425,7072,647
Truck1281,6405,7073,668
Truck1288,6440,7074,634
Truck1282,6410,7095,685
Truck1283,6415,7098,683
Truck1286,6430,7100,670
Truck1290,6450,7100,650
Truck1299,6495,7109,614
Truck1289,6445,7112,667
Truck1301,6505,7122,617
Truck1287,6435,7125,690
Truck1292,6460,7125,665
Truck1298,6490,7133,643
Truck1300,6500,7137,637
Truck1294,6470,7139,669
Truck1295,6475,7144,669
Truck1310,6550,7144,594
Truck1304,6520,7148,628
Truck1302,6510,7151,641
Truck1307,6535,7153,618
Truck1291,6455,7161,706
Truck1297,6485,7161,676
Truck1293,6465,7168,703
Truck1303,6515,7169,654
Truck1305,6525,7173,648
Truck1311,6555,7187,632
Truck1313,6565,7194,629
