bridge_id,avg_trucks_crossed,betweenness,norm_traffic,norm_betweenness,combined_score,rank_by_traffic,rank_by_betweenness,rank_by_combined
2000278,30341.1,0.44883792920208987,0.999654054481477,0.9090223466421307,0.972464542129673,18,33,1
2000284,30340.6,0.44788895969308196,0.9996375808853569,0.9071004179595353,0.9718764320076103,19,35,2
2000288,30339.3,0.4472514803030226,0.9995947495354446,0.9058093438916242,0.9714591278422984,20,36,3
2000292,30341.3,0.44661013447238673,0.9996606439199252,0.9045104392001018,0.9711155825039781,16,37,4
2000297,30341.3,0.44580301500203107,0.9996606439199252,0.9028757965212454,0.9706251897003212,16,39,5
2000303,30342.5,0.44482649710391514,0.9997001805506135,0.9008980746454195,0.9700595487790552,15,40,6
2000306,30342.6,0.44433497584562076,0.9997034752698375,0.8999026066188346,0.9697632146745366,14,42,7
2000314,30342.9,0.44301361977858345,0.9997133594275097,0.897226490999677,0.9689672988991598,13,45,8
2000316,30344.5,0.44268086423646374,0.9997660749350941,0.8965525679551305,0.968802022841105,12,46,9
2000320,30344.6,0.442012453321792,0.9997693696543181,0.8951988488983291,0.9683982134275213,11,47,10
2000324,30344.7,0.4413401759665437,0.9997726643735422,0.8938372992179164,0.9679920548268544,10,49,11
2000330,30345.9,0.4403245103575902,0.9998122010042305,0.8917802922780264,0.9674026283863693,9,51,12
2000346,30348.8,0.437573537887372,0.9999077478617272,0.886208803578595,0.9657980645767875,6,55,13
2000350,30346.7,0.4368761286683761,0.9998385587580227,0.884796354844709,0.9653258975840286,8,57,14
2000356,30347.9,0.4358227652638012,0.9998780953887111,0.8826629993246087,0.9647135665694803,7,59,15
2000360,30349.1,0.43511568994336386,0.9999176320193993,0.8812309740316944,0.9643116346230878,5,61,16
2000366,30351.0,0.4340478273866269,0.9999802316846559,0.8790682536730519,0.9637066382811748,2,63,17
2000370,30350.6,0.4333310859647482,0.9999670528077598,0.8776166518211094,0.9632619325117646,4,66,18
2000374,30350.7,0.432610478102293,0.9999703475269838,0.8761572193455557,0.9628264090725553,3,67,19
2000378,30351.6,0.4318860037992612,1.0,0.8746899562463906,0.9624069868739171,1,69,20
2000388,29375.3,0.4002634737600385,0.9678336562158173,0.8106454880925579,0.9206772057788395,32,96,21
2000391,29374.6,0.3996435745919757,0.9678105931812491,0.8093900188913794,0.9202844208942881,33,99,22
2000396,29374.6,0.39860785182253133,0.9678105931812491,0.8072923905915057,0.919655132404326,33,105,23
2000399,29375.7,0.3979851132371701,0.9678468350927135,0.8060311707761126,0.9193021357977332,31,109,24
2000408,29377.9,0.3961075938584491,0.9679193189156421,0.8022286688918688,0.9182121239085101,30,121,25
2000417,29379.9,0.39422451647139933,0.9679852133001227,0.7984149104861838,0.9171141224559409,28,125,26
2000419,29380.7,0.3938052493213792,0.9680115710539149,0.7975657772383348,0.9168778329092409,26,126,27
2000424,29379.6,0.3927538191370926,0.9679753291424504,0.7954363370300402,0.9162136315087274,29,127,28
2000429,29382.7,0.391702509779074,0.9680774654383955,0.7933071415287335,0.9156463682654967,25,128,29
2000439,29380.7,0.3895882917413071,0.9680115710539149,0.7890252586552862,0.9143156773343262,26,129,30
2000448,29383.0,0.3876771826600773,0.9680873495960675,0.7851547282284193,0.9132075631857729,24,130,31
2000453,29383.3,0.38661898620478163,0.9680972337537396,0.7830115844288049,0.9125715389562592,23,131,32
2000458,29385.4,0.38556054809695,0.9681664228574441,0.7808679512152149,0.9119768813647753,22,132,33
2000464,29387.2,0.3842915098039642,0.9682257278034767,0.7782977937217975,0.911247347578973,21,134,34
2000491,28173.0,0.3851446036693004,0.9282212469853319,0.7800255474095318,0.8837625371125919,37,133,35
2000497,28176.3,0.38372586163024114,0.9283299727197248,0.7771521979581648,0.8829766402912568,35,135,36
2000501,28176.3,0.38277520055348097,0.9283299727197248,0.7752268433777395,0.8823990339171291,35,136,37
1000212,25026.7,0.49375896077810183,0.8245594960397475,1.0,0.8771916472278232,50,1,38
1000220,25027.6,0.4933075538407891,0.8245891485127638,0.9990857746933821,0.8769381363669493,42,2,39
1000228,25028.6,0.49284068114117024,0.824622095705004,0.9981402268923191,0.8766775350611985,40,3,40
1000235,25027.6,0.4924194807708619,0.8245891485127638,0.9972871783326644,0.8763985574587339,42,4,41
1000243,25030.4,0.49192360976691885,0.8246814006510366,0.9962829008545168,0.8761618507120805,38,5,42
1000252,25030.4,0.49134726846847626,0.8246814006510366,0.9951156485224592,0.8758116750124633,38,6,43
1000259,25028.0,0.4908854704721141,0.8246023273896599,0.9941803784148859,0.8754757426972277,41,7,44
1000266,25026.7,0.49041183150148626,0.8245594960397475,0.9932211270225032,0.8751579853345741,50,8,45
1000272,25026.8,0.48999643079204275,0.8245627907589715,0.9923798243982654,0.8749079008507596,49,9,46
1000276,25027.2,0.4897146639350264,0.8245759696358677,0.9918091677025929,0.8747459290558852,45,10,47
1000283,25027.3,0.4892122683126104,0.8245792643550917,0.9907916760471012,0.8744429878626945,44,11,48
1000299,25027.0,0.4880194713947435,0.8245693801974197,0.9883759286630188,0.8737113447370994,47,12,49
1000319,25025.9,0.4864414803344374,0.8245331382859553,0.985180055401662,0.8727272134206672,52,13,50
1000325,25027.1,0.4859492341185349,0.8245726749166435,0.9841831191331499,0.8724558081815954,46,14,51
1000334,25024.2,0.48519455324849875,0.8244771280591469,0.9826546792870217,0.8719303934275092,54,15,52
1000342,25024.9,0.4845072934360163,0.8245001910937151,0.9812627859401152,0.8715289695476351,53,16,53
1000355,25026.9,0.48335751066956356,0.8245660854781957,0.9789341542437086,0.8708765061078494,48,17,54
1000381,16923.3,0.46534521393861494,0.5575752184398846,0.9424542153225728,0.6730389175046909,206,18,55
1000391,16922.3,0.46403666545598743,0.5575422712476443,0.9398040386441274,0.6722208014665891,213,19,56
1000402,16921.4,0.46256935125718524,0.5575126187746281,0.9368323169836438,0.6713085282373328,220,20,57
1000411,16923.9,0.4613470727299221,0.5575949867552288,0.9343568610945254,0.6706235490570178,200,21,58
1000425,16923.9,0.4594068445181001,0.5575949867552288,0.930427356283586,0.6694446976137359,200,22,59
1000427,16923.7,0.45912580261869185,0.5575883973167807,0.9298581678298405,0.6692693284706985,204,23,60
1000430,16923.9,0.4587024273755592,0.5575949867552288,0.9290007145444046,0.6690167050919815,200,24,61
1000432,16923.6,0.4584189689507906,0.5575851025975567,0.928426631950902,0.6688375614035602,205,25,62
1000435,16923.9,0.4579919689196174,0.5575949867552288,0.9275618374558303,0.6685850419654092,200,26,63
1000437,16923.8,0.45770609396948847,0.5575916920360047,0.9269828607225709,0.6684090426419745,203,27,64
1000440,16923.2,0.4572754691502747,0.5575719237206606,0.9261107250178635,0.6681335641098214,208,28,65
1000443,16922.5,0.45684266945823676,0.5575488606860923,0.925234184587375,0.6678544578564771,211,29,66
1000445,16923.0,0.4565529280675312,0.5575653342822124,0.9246473772305042,0.6676899471666999,209,30,67
1000450,16922.4,0.45582434567138685,0.5575455659668683,0.9231717940937522,0.6672334344049334,212,31,68
1000474,16923.3,0.45224305508735374,0.5575752184398846,0.9159186789737968,0.6650782566000581,206,32,69
1000501,16921.2,0.4480477254092567,0.55750602933618,0.9074219629415737,0.6624808094177981,223,34,70
1000512,16921.3,0.44628801164185256,0.557509324055404,0.9038580503704864,0.6614139419499286,221,38,71
1000522,16922.2,0.4446628983370197,0.5575389765284203,0.9005667413838669,0.6604473059850543,215,41,72
1000527,16922.2,0.443841279714502,0.5575389765284203,0.8989027338664682,0.6599481037298347,215,43,73
1000530,16922.2,0.44334540871055894,0.5575389765284203,0.8978984563883206,0.6596468204863903,215,44,74
1000541,16922.7,0.4415086077841598,0.5575554501245404,0.8941784207589831,0.6585423413148732,210,48,75
1000546,16921.6,0.4406640321707188,0.5575192082130761,0.8924679189138925,0.658003821423321,218,50,76
1000552,16922.2,0.4396425669009005,0.5575389765284203,0.8903991660385854,0.6573970333814698,215,52,77
1000556,16921.6,0.4389567570036342,0.5575192082130761,0.8890102091755332,0.6569665085018132,218,53,78
1000558,16920.8,0.43861240213978486,0.5574928504592839,0.8883127942601529,0.6567388335995445,225,54,79
1000564,16920.7,0.437573537887372,0.5574895557400599,0.886208803578595,0.6561053300916204,227,55,80
1000572,16921.1,0.43617485300880365,0.5575027346169559,0.8833760754872116,0.6552647368780327,224,58,81
1000576,16920.8,0.4354697109086546,0.5574928504592839,0.881947965506103,0.6548293849733295,225,60,82
1000580,16921.3,0.434760702367929,0.557509324055404,0.880512024901383,0.6544101343091977,221,62,83
1000584,16919.5,0.4340478273866269,0.5574500191093715,0.8790682536730519,0.6539354894784757,229,63,84
1000587,16920.2,0.43351063379902194,0.5574730821439398,0.8779802864050585,0.6536252434222753,228,65,85
1000592,16918.6,0.432610478102293,0.5574203666363552,0.8761572193455557,0.6530414224491152,231,67,86
1000599,16917.9,0.43134011072035894,0.5573973036017871,0.8735843700752718,0.6522534235438324,235,70,87
1000606,16918.7,0.43005790236415925,0.5574236613555793,0.8709875395201785,0.651492824804959,230,71,88
1000611,16917.7,0.429134789676507,0.5573907141633391,0.8691179781329835,0.6509088933542324,236,72,89
1000616,16918.2,0.4282056356754539,0.5574071877594592,0.867236181396396,0.6503558858505403,233,73,90
1000621,16917.6,0.42727044036099987,0.557387419444115,0.8653421493104156,0.649773838404005,238,74,91
1000630,16918.2,0.4255718646852125,0.5574071877594592,0.8619020584751818,0.6487556489741759,233,75,92
1000636,16917.7,0.42442860653723274,0.5573907141633391,0.8595866409561191,0.648049492201173,236,76,93
1000642,16918.5,0.4232766488979557,0.5574170719171313,0.8572536045339311,0.6473680317021713,232,77,94
2000508,20596.0,0.24838672766943284,0.678580371380751,0.503052597319969,0.6259220391625164,164,193,95
2000510,20595.6,0.2477273787248624,0.6785671925038548,0.5017172312872566,0.6255122041388753,165,195,96
2000520,20598.9,0.24443365465871048,0.6786759182382478,0.4950465187983908,0.6235870984062907,163,197,97
2000526,20601.1,0.2424661197103166,0.6787484020611764,0.49106171020819667,0.6224423945052824,160,199,98
2000528,20600.7,0.24181033514065264,0.6787352231842803,0.4897335630316259,0.6220347251384839,162,200,99
2000531,20601.9,0.24082674890585773,0.6787747598149686,0.4877415257970107,0.6214647896095812,158,201,100
2000534,20601.6,0.23984261895285672,0.6787648756572965,0.48574838738095005,0.6208599291743926,159,202,101
2000536,20600.8,0.2391856865336466,0.6787385179035043,0.4844179154879947,0.6204423371788513,161,203,102
2000540,20602.8,0.2378714592164223,0.6788044122879848,0.48175623758112035,0.6196899598759255,157,204,103
2000547,20605.5,0.23557273946739296,0.6788933697070336,0.47710068713722187,0.6183555649360901,156,206,104
2000553,20607.5,0.23360447956139097,0.6789592640915142,0.47311441030510065,0.6172058079555901,155,207,105
2000557,20607.9,0.232292427116991,0.6789724429684103,0.4704571371240077,0.6164178512150895,154,209,106
2000562,20608.8,0.23075600029288287,0.6790020954414265,0.4673454430664722,0.6155050997289402,153,211,107
2000566,20609.4,0.22960355934853374,0.6790218637567708,0.4650114278163327,0.6148187329746393,152,213,108
2000568,20610.8,0.2290267347450191,0.679067989825907,0.46384319665632373,0.6145005518750319,150,215,109
2000572,20610.8,0.2278701857075574,0.679067989825907,0.4615008613685972,0.613797851288714,150,217,110
2000576,20611.7,0.22671170344980743,0.6790976422989233,0.4591546107690651,0.6131147328399658,148,219,111
2000578,20611.3,0.2261320998421284,0.6790844634220272,0.4579807513483355,0.6127533497999196,149,221,112
2000581,20612.9,0.22526178823359969,0.6791371789296117,0.45621812691483216,0.6122614633251778,146,223,113
2000585,20612.0,0.22409907705646911,0.6791075264565954,0.4538633115707252,0.6115342619908343,147,225,114
2000594,20614.4,0.22147436803632906,0.6791865997179721,0.4485475416736,0.6099948823046605,145,229,115
2000597,20615.3,0.22059729015679141,0.6792162521909882,0.446771213648777,0.6094827406283249,142,231,116
2000600,20614.8,0.21971888318830554,0.6791997785948681,0.44499219384708744,0.608937503170534,144,233,117
2000606,20615.3,0.2179583236370253,0.6792162521909882,0.4414265683270851,0.6078793470318172,142,236,118
2000610,20616.8,0.21678099248146465,0.6792656729793487,0.439042143437448,0.6071986141167784,140,238,119
2000614,20615.7,0.2156012448005436,0.6792294310678845,0.43665282440805375,0.6064564490699352,141,240,120
2000618,20617.9,0.21441835563665415,0.679301914890813,0.43425714299697543,0.6057884833226617,138,242,121
2000622,20617.5,0.21323317077367235,0.6792887360139169,0.4318568121531279,0.6050591588556802,139,244,122
2000627,20619.8,0.21174809511347156,0.6793645145560695,0.42884911856542973,0.6042098957588775,136,246,123
2000629,20619.1,0.2111536298748264,0.6793414515215013,0.4276451601851942,0.603832564120609,137,248,124
2000632,20620.5,0.21026193201685864,0.6793875775906377,0.425839222614841,0.6033230710978986,134,250,125
2000634,20620.3,0.20966674182060538,0.6793809881521897,0.42463379599267836,0.6029568305043362,135,251,126
2000639,20621.2,0.20817477906312762,0.679410640625206,0.4216121541066727,0.6020710946696459,129,253,127
2000642,20621.1,0.20727800650190312,0.6794073459059818,0.41979593884282956,0.6015239237870361,131,254,128
2000644,20621.1,0.2066789498650733,0.6794073459059818,0.41858268159705564,0.601159946613304,131,255,129
2000646,20621.1,0.20607892661809935,0.6794073459059818,0.41736746669537894,0.6007953821428009,131,256,130
2000651,20620.8,0.2045746395812838,0.6793974617483098,0.4143208646966122,0.5998744826328005,133,259,131
2000653,20622.3,0.20397159567760942,0.6794468825366702,0.41309953212023925,0.5995426774117408,128,260,132
2000658,20622.9,0.2024624755900732,0.6794666508520145,0.4100431418419584,0.5986395981489977,127,262,133
2000662,20624.4,0.20125131307946767,0.6795160716403749,0.4075901989957225,0.5979383098469792,125,264,134
2000666,20623.6,0.20004063387393423,0.6794897138865825,0.405138234977438,0.5971842702138391,126,265,135
2000673,20625.8,0.19792242856932274,0.6795621977095112,0.4008482767733915,0.5959480214286752,124,267,136
2000677,20627.3,0.19671150771125323,0.6796116184978717,0.39839582334113127,0.5952468799508495,120,268,137
2000679,20627.0,0.19610616810848652,0.6796017343401995,0.39716984133198907,0.5948721664377363,123,270,138
2000683,20627.1,0.19489379733520082,0.6796050290594235,0.39471445141587463,0.5941378557663588,121,271,139
2000685,20627.1,0.19428845773243408,0.6796050290594235,0.3934884694067324,0.5937700611636161,121,273,140
2000689,20629.4,0.19307487869646822,0.6796808076015762,0.39103063242073943,0.5930857550473252,116,276,141
2000691,20629.4,0.1924668809158051,0.6796808076015762,0.38979926685786437,0.5927163453784626,116,277,142
2000693,20628.8,0.19185900396141,0.679661039286232,0.3885681460019772,0.5923331713009555,118,279,143
2000695,20628.8,0.19125124783328293,0.679661039286232,0.38733726985307787,0.5919639084562858,118,280,144
2000697,20630.2,0.19064276674754776,0.6797071653553685,0.3861049254622515,0.5916264933874333,114,282,145
2000702,20631.1,0.18912120155440576,0.6797368178283847,0.38302333036422187,0.5907227715891358,112,284,146
2000706,20630.5,0.18790315194652324,0.6797170495130406,0.3805564392196783,0.5899688664250318,113,286,147
2000709,20629.9,0.18698753048748806,0.6796972811976965,0.37870204966573023,0.5893987117381065,115,289,148
2000712,20632.1,0.18607009663443264,0.6797697650206249,0.37684398950696435,0.5888920323665267,110,290,149
2000716,20632.5,0.18484588488688122,0.6797829438975211,0.37436461830604034,0.5881574462200768,109,292,150
2000718,20632.1,0.1842328124029614,0.6797697650206249,0.3731229750496755,0.5877757280293401,110,294,151
2000722,20633.4,0.18300666743512173,0.6798125963705374,0.37063968853694584,0.58706072402046,108,295,152
2000727,20634.9,0.1814696364796735,0.6798620171588978,0.36752677094447106,0.5861614432945698,107,298,153
2000731,20636.2,0.180237691850969,0.6799048485088102,0.3650317384963245,0.5854429155050644,106,299,154
2000744,20639.7,0.1762237224011659,0.6800201636816511,0.35690232765286845,0.5830848128730163,105,303,155
2000752,20641.9,0.17375645000825243,0.6800926475045798,0.3519054109609154,0.5816364765414804,104,305,156
2000757,20642.4,0.17220902799375473,0.6801091211006999,0.3487714485674853,0.5807078193407355,103,306,157
2000761,20642.8,0.17096765891614488,0.6801222999775959,0.3462573289742862,0.579962808676603,102,308,158
2000767,20645.8,0.16910173885915353,0.6802211415543168,0.3424783189608762,0.5788982947762846,101,311,159
2000771,20647.1,0.16785553673082299,0.6802639729042291,0.339954411088163,0.5781711043594092,100,313,160
3000003,13592.0,0.4061073570389638,0.44781823692984885,0.8224809862670438,0.5602170617310073,260,78,161
3000007,13590.4,0.40584951378301487,0.4477655214222644,0.821958781554966,0.5600234994620749,261,79,162
3000009,13590.2,0.40571974637116426,0.4477589319838164,0.8216959662500122,0.5599400422636751,262,80,163
3000011,13589.3,0.40558901234916955,0.4477292795108001,0.8214311932891556,0.5598398536443068,263,81,164
3000015,13587.2,0.4053276651314481,0.44766009040709553,0.82090189207443,0.5596326309072959,264,82,165
3000020,13583.7,0.4050067505635941,0.44754477523425457,0.8202519503146931,0.5593569277583861,265,83,166
3000023,13580.7,0.4048168116702709,0.44744593365753377,0.8198672709297886,0.5591723348392101,266,84,167
3000027,13578.0,0.4045641639438467,0.44735697623848497,0.8193555886181886,0.558956559952396,267,85,168
3000032,13575.3,0.4042495323419296,0.44726801881943623,0.81871837162182,0.5587031246601514,268,86,169
3000044,13560.8,0.4035342408352671,0.4467902845319522,0.8172697062537317,0.557934111048486,269,87,170
3000057,13551.9,0.4027886219353323,0.44649705452101374,0.8157596194316925,0.5572758239942174,270,88,171
3000062,13550.1,0.4025037135953475,0.4464377495749813,0.8151826003543357,0.5570612048087875,271,89,172
3000073,13543.7,0.4018727588237611,0.4462268875446435,0.8139047404637687,0.556530243420381,272,90,173
3000079,13541.1,0.4015305788327361,0.4461412248448188,0.8132117302741697,0.5562623764736241,273,91,174
3000084,13539.9,0.4012433747936589,0.4461016882141304,0.8126300617640436,0.5560602002791044,274,92,175
3000090,13538.2,0.4008970867095213,0.446045677987322,0.8119287315368577,0.5558105940521827,275,93,176
3000096,13537.6,0.40054971118897154,0.4460259096719778,0.8112251989467811,0.5555856964544188,276,94,177
3000099,13536.6,0.40037439227407845,0.4459929624797375,0.8108701291074069,0.5554561124680383,277,95,178
3000106,13534.7,0.3999600790010471,0.445930362814481,0.8100310288460597,0.5551605626239546,278,97,179
3000109,13532.8,0.3997816790163195,0.44586776314922444,0.8096697189784952,0.5550083498980056,279,98,180
3000114,13532.5,0.39952160047441226,0.4458578789915524,0.8091429871871422,0.5548434114502293,280,100,181
3000117,13532.1,0.39941140691798044,0.44584470011465627,0.8089198144142203,0.5547672344045255,281,101,182
3000121,13531.0,0.39926134069310293,0.4458084582031919,0.8086158883353072,0.5546506872428265,282,102,183
3000127,13529.2,0.3990356372244466,0.44574915325715947,0.8081587756819983,0.5544720399846111,283,103,184
3000132,13527.9,0.39884690659380356,0.44570632190724707,0.8077765433669724,0.5543273883451646,284,104,185
2000263,20715.2,0.12553692172850192,0.682507676695792,0.2542473791881601,0.5540295874435024,99,357,186
3000146,13520.6,0.39833230751831783,0.4454658074038931,0.8067343363057075,0.5538463660744374,285,106,187
3000149,13520.1,0.39822489296605046,0.44544933380777296,0.8065167917935064,0.5537695712034929,286,107,188
3000155,13517.4,0.39801441360716433,0.44536037638872417,0.806090512220667,0.5535794171383069,287,108,189
3000163,13513.8,0.39778291047764314,0.44524176649665914,0.805621653631941,0.5533557326372437,288,110,190
3000168,13511.3,0.3976479475362678,0.44515939851605846,0.8053483159265096,0.5532160737391938,289,111,191
3000174,13508.5,0.39748072398133183,0.4450671463777857,0.8050096414553214,0.5530498949010464,290,112,192
3000178,13505.9,0.39736895968341585,0.444981483677961,0.8047832874915576,0.5529220248220399,291,113,193
3000183,13503.3,0.39723387591577247,0.44489582097813624,0.8045097050791382,0.5527799862084368,292,114,194
3000189,13499.8,0.3970734186318455,0.44478050580529527,0.8041847341992697,0.5526017743234876,293,115,195
3000194,13496.9,0.39694208047851065,0.44468495894779847,0.8039187377034738,0.552455092574501,294,116,196
3000199,13495.5,0.39681424628694834,0.4446388328786621,0.8036598377103256,0.5523451343281611,295,117,197
3000202,13493.0,0.39673619251780917,0.4445564648980614,0.8035017569961728,0.5522400525274949,296,118,198
3000211,13488.1,0.396497681464743,0.4443950236560841,0.8030187054021515,0.5519821281799042,297,119,199
3000216,13487.1,0.3963683973579645,0.4443620764638438,0.802756868925149,0.5518805142022354,298,120,200
2000252,20719.2,0.12157744492557464,0.6826394654647532,0.24622833119622564,0.5517161251841949,98,368,201
3000231,13478.8,0.3959985481515635,0.44408861476824946,0.8020078208353317,0.5514643765883741,299,122,202
3000239,13474.4,0.39580631355914797,0.44394364712239226,0.8016184920176581,0.551246100590972,300,123,203
3000248,13469.0,0.39559124280207714,0.4437657322842948,0.8011829135792802,0.5509908866727904,301,124,204
2000248,20721.4,0.12013526259052001,0.6827119492876818,0.24330750858921527,0.5508906170781418,97,372,205
2000241,20723.1,0.11760685210598977,0.6827679595144902,0.23818677016140874,0.5493936027085657,96,382,206
2000231,20726.0,0.11397952671384207,0.682863506371987,0.23084042167908145,0.5472565809641153,95,396,207
2000225,20726.4,0.11179704183464538,0.6828766852488831,0.2264202793574973,0.5459397634814673,94,404,208
2000221,20727.5,0.11033794382206834,0.6829129271603475,0.2234651977721876,0.5450786083438994,93,410,209
2000217,20729.1,0.10887739589427507,0.6829656426679318,0.22050717970302358,0.5442281037784593,92,416,210
2000209,20730.0,0.1059502587252877,0.6829952951409481,0.21457890821530298,0.5424703790632546,91,425,211
2000202,20731.4,0.10338149226723967,0.6830414212100846,0.20937643765355363,0.5409419261431253,90,436,212
2000196,20733.4,0.10117556709204763,0.6831073155945651,0.20490882217632608,0.5396477675690934,89,451,213
2000192,20734.5,0.09970100331716436,0.6831435575060294,0.20192241809657116,0.5387772156831919,88,460,214
2000185,20736.2,0.09712317488901502,0.6831995677328379,0.19670159451073282,0.5372501757662063,87,464,215
2000021,20781.5,0.09296083078208668,0.6846920755413224,0.18827168348619364,0.5357659579247838,55,476,216
2000178,20736.5,0.09453785523224863,0.68320945189051,0.19146559909164765,0.5356862960508513,86,470,217
2000025,20780.8,0.09272449460184481,0.6846690125067542,0.18779303661795366,0.5356062197401139,56,477,218
2000029,20779.9,0.09248658768011873,0.684639360033738,0.1873112085588716,0.5354409145912781,57,479,219
2000032,20778.4,0.09230981885000941,0.6845899392453776,0.18695320223564305,0.5352989181424572,58,480,220
2000035,20777.8,0.0921359498503325,0.6845701709300334,0.18660106888012293,0.5351794403150602,59,482,221
2000037,20776.9,0.092020802416912,0.6845405184570171,0.18636786312069928,0.5350887218561218,60,483,222
2000175,20737.3,0.0934264952190254,0.6832358096443021,0.18921478421737808,0.5350295020162249,85,475,223
2000041,20775.6,0.09178966176619488,0.6844976871071047,0.18589973865293696,0.5349183025708544,61,484,224
2000044,20774.9,0.09161712185546617,0.6844746240725366,0.18555029707428325,0.5347973259730605,62,485,225
2000048,20774.4,0.09138924351398552,0.6844581504764164,0.18508877969519297,0.5346473392420494,63,486,226
2000051,20773.6,0.09121803269220499,0.6844317927226241,0.18474202989340563,0.5345248638738586,65,487,227
2000054,20773.5,0.09104706352296049,0.6844284980034002,0.184395769505594,0.5344186794540583,66,488,228
2000056,20773.8,0.09093239939461206,0.6844383821610722,0.18416354257412174,0.5343559302849871,64,489,229
2000059,20772.9,0.09075949700507929,0.6844087296880561,0.18381336687450447,0.5342301208439906,67,491,230
2000063,20771.6,0.09052980626957838,0.6843658983381437,0.18334817889059637,0.5340605825038794,68,492,231
2000065,20770.0,0.09041586709883806,0.6843131828305592,0.18311742020105126,0.5339544540417068,69,494,232
2000068,20768.3,0.09024501875586158,0.6842571726037507,0.18277140452022747,0.5338114421786937,71,495,233
2000070,20769.0,0.0901307171063172,0.684280235638319,0.18253991170971878,0.5337581384597389,70,496,234
2000077,20765.1,0.08972884893889163,0.6841517415885818,0.18172601626812054,0.5334240239924434,72,500,235
2000079,20764.4,0.0896141848105432,0.6841286785540137,0.18149378933664828,0.533338211788804,73,501,236
2000167,20739.1,0.09045912290278825,0.6832951145903347,0.18320502530270252,0.533268087804045,84,493,237
2000084,20763.5,0.08932613498758993,0.6840990260809974,0.18091040787760734,0.5331424406199804,74,503,238
2000087,20762.7,0.08915274929298508,0.6840726683272053,0.18055925335003864,0.5330186438340552,75,506,239
2000090,20762.4,0.08897730955182395,0.6840627841695331,0.18020393880367647,0.5329051305597761,76,507,240
2000093,20760.8,0.08880029906917859,0.6840100686619487,0.1798454430664722,0.5327606809833058,77,508,241
2000100,20758.8,0.08838393174959094,0.6839441742774681,0.17900218278633165,0.5324615768301272,78,515,242
2000103,20757.9,0.08820269234756498,0.6839145218044519,0.17863512230455253,0.5323307019544821,79,516,243
2000106,20757.8,0.08801964055151874,0.6839112270852278,0.17826439121795562,0.5322171763250461,80,517,244
2000110,20756.3,0.08777279248595939,0.6838618062968674,0.17776445484177247,0.5320326008603389,81,518,245
2000128,20754.2,0.08664040870210114,0.6837926171931629,0.17547106095161652,0.5312961503206989,82,523,246
2000139,20751.1,0.0859358707332922,0.683690480897218,0.17404417450544718,0.5307965889796866,83,526,247
2000778,17499.2,0.15324395572635557,0.5765495064510603,0.31036187269363663,0.4966932163238331,198,321,248
2000783,17501.7,0.15129575298084444,0.576631874431661,0.306416217221499,0.4955671772686124,197,324,249
2000786,17502.5,0.15012748379538507,0.5766582321854532,0.3040501453559508,0.4948758061366024,196,326,250
2000796,17507.3,0.1462540352952861,0.5768163787082065,0.2962053287393675,0.4926330637175548,195,329,251
2000801,17507.8,0.1443239564899776,0.5768328523043267,0.29229637931540775,0.4914719104076509,194,331,252
2000806,17509.2,0.14239653586256543,0.576878978373463,0.2883928134451807,0.4903331288949783,193,333,253
2000816,17514.9,0.1385470109635339,0.5770667773692326,0.28059644881219226,0.4881256788021205,192,337,254
2000820,17518.4,0.13701336314359017,0.5771820925420736,0.2774903830153774,0.48727457968406473,191,339,255
2000824,17518.8,0.1354815277176667,0.5771952714189696,0.27438798782338025,0.48635308634029284,190,341,256
2000826,17520.3,0.13471621413604506,0.5772446922073301,0.27283801376232103,0.4859226886738273,188,342,257
2000829,17520.1,0.13356860624241665,0.577238102768882,0.27051378679169563,0.4852208079757261,189,345,258
2000832,17521.8,0.13242039421744814,0.5772941129956906,0.268188336286131,0.48456237998282264,187,347,259
2000836,17522.0,0.1308895254016688,0.5773007024341386,0.2650878987500367,0.48363686132890793,186,348,260
2000846,17528.7,0.12706138675207634,0.5775214486221485,0.2573348472538982,0.48146546821167335,185,352,261
2000848,17530.5,0.12629583151791865,0.577580753568181,0.2557843837788632,0.4810418426313856,183,355,262
2000851,17530.1,0.12514689453534203,0.5775675746912848,0.2534574650313714,0.4803345417933108,184,358,263
2000853,17531.7,0.12438073516984427,0.5776202901988693,0.2519057780213972,0.47990593654562763,182,360,264
2000856,17532.2,0.12323252314487576,0.5776367637949894,0.24958032751583253,0.4792198329112423,180,363,265
2000859,17531.8,0.12208346533603114,0.5776235849180933,0.24725316406135292,0.47851245866107117,181,366,266
2000862,17533.4,0.12093404504838245,0.5776763004256777,0.24492526648590976,0.47785099024374733,179,370,267
2000867,17536.2,0.11902039861552428,0.5777685525639505,0.241049597212298,0.47675286595845473,178,375,268
2000870,17538.6,0.11787496559472017,0.5778476258253271,0.23872977496745396,0.4761122705679651,177,380,269
2000874,17538.8,0.11634892982966154,0.5778542152637752,0.23563912571087378,0.47518968839790476,176,386,270
2000877,17541.0,0.11520385928766148,0.5779266990867039,0.23332003758699332,0.4745447006367907,174,391,271
2000879,17540.5,0.11444035810006009,0.5779102254905837,0.23177373413075184,0.4740692780826341,175,394,272
2000882,17543.0,0.11329613334193615,0.5779925934711844,0.2294563589557863,0.47343172311656495,172,398,273
2000885,17542.4,0.11215287519395636,0.5779728251558403,0.22714094143672367,0.4727232600401053,173,402,274
2000888,17544.0,0.11100780465195631,0.5780255406634247,0.2248218533128432,0.47206443445825025,171,407,275
2000892,17545.7,0.10947971484034137,0.5780815508902332,0.2217270440374695,0.47117519883440406,170,412,276
2000896,17546.8,0.10799306843865637,0.5781177928016974,0.21871616925892934,0.47029730573886697,167,419,277
2000898,17546.4,0.10728442237673486,0.5781046139248014,0.217280962775173,0.46985751857991287,168,422,278
2000902,17546.3,0.10586640529528368,0.5781013192055773,0.21440908156573318,0.4689936479136241,169,427,279
2000905,17547.8,0.10480337578926739,0.5781507399939377,0.21225614948660473,0.4683823628417378,166,431,280
1000190,15545.9,0.11991692952421273,0.5121937558481267,0.24286532306216535,0.43139522601233826,259,373,281
1000161,15559.1,0.10933279009843232,0.5126286587856983,0.22142948034024057,0.42526890525206096,258,413,282
1000151,15563.3,0.10573772531984525,0.5127670369931074,0.21414846862367,0.42318146648227617,257,428,283
1000146,15566.4,0.10394273028218008,0.5128691732890523,0.21051310161212963,0.4221623517859755,256,433,284
1000132,15571.0,0.10310190028304761,0.5130207303733576,0.20881018568366239,0.421757566966449,255,437,285
1000124,15573.7,0.10291184056345638,0.5131096877924064,0.20842526159177002,0.42170435993221544,254,438,286
1000113,15577.2,0.10264783516783856,0.5132250029652473,0.20789057682331175,0.4216246751226666,253,440,287
1000107,15577.9,0.10250356860382588,0.5132480659998155,0.20759839667981558,0.4215531652038155,252,441,288
1000101,15580.3,0.10235652303564882,0.5133271392611921,0.2073005882755988,0.42151917396551414,250,442,289
1000096,15580.6,0.10223038041183875,0.5133370234188643,0.20704511418028054,0.42144945064728917,249,443,290
1000093,15580.3,0.10215208499016352,0.5133271392611921,0.20688654405215193,0.42139496069848004,250,444,291
1000089,15582.0,0.10204817439966864,0.5133831494880007,0.20667609604259857,0.42137103345438004,248,445,292
1000084,15582.9,0.10191780285647796,0.5134128019610169,0.20641205720270547,0.42131257853352344,247,446,293
1000070,15586.6,0.10155206174318956,0.5135347065723059,0.20567132915047523,0.4211756933457567,246,447,294
1000067,15586.7,0.10147376632151435,0.5135380012915299,0.20551275902234664,0.4211304286107749,245,448,295
1000061,15587.1,0.10131536308414366,0.513551180168426,0.2051919481612717,0.4210434105662797,244,450,296
1000053,15588.8,0.10110162141602103,0.5136071903952345,0.20475906149976017,0.4209527517265922,243,452,297
1000049,15590.8,0.10099275694853743,0.5136730847797151,0.20453858050370485,0.42093273349691196,241,454,298
1000046,15590.3,0.10091047426001765,0.513656611183595,0.20437193504497714,0.42087120834200964,242,455,299
1000042,15591.9,0.10079870996210163,0.5137093266911794,0.20414558108121336,0.4208402030081896,240,456,300
1000035,15593.6,0.10060562958580997,0.5137653369179879,0.20375453931462467,0.4207620976369789,239,457,301
1000652,5020.6,0.3619181701683327,0.16541467336153615,0.7329855231345986,0.3356859282934549,425,137,302
1000656,5020.6,0.36088244739888836,0.16541467336153615,0.7308878948347249,0.33505663980349276,425,138,303
1000660,5020.5,0.3598428581888674,0.16541137864231212,0.7287824359112399,0.33442269582299045,427,139,304
1000663,5020.5,0.35906062892972335,0.16541137864231212,0.7271982028718812,0.3339474259111828,427,140,305
1000669,5019.5,0.3574896457929622,0.16537843145007183,0.7240165226158197,0.3329698587997962,429,141,306
1000710,5016.2,0.34652176213995883,0.16526970571567892,0.7018034905004746,0.32622984115111764,430,142,307
1000722,5015.1,0.3432348043448159,0.16523346380421464,0.6951464816029286,0.3242073691438288,431,143,308
1000732,5014.4,0.3404690910698997,0.1652104007696464,0.6895451386509793,0.32251082213404625,432,144,309
1000746,5013.5,0.3365564948589631,0.16518074829663018,0.6816210369703317,0.32011283489874065,433,145,310
1000750,5013.2,0.3354299107359697,0.16517086413895807,0.6793393890155928,0.3194214216019484,434,146,311
1000758,5012.5,0.33316514316825324,0.1651478011043899,0.6747526012352809,0.31802924114365716,435,147,312
1000761,5012.3,0.332311868063515,0.16514121166594184,0.6730244804870648,0.3175061923122787,436,148,313
1000773,5010.4,0.3288770189163189,0.1650786120006853,0.666067950236387,0.3153754134713958,438,149,314
1000777,5010.8,0.3277243363194337,0.16509179087758144,0.6637334455722718,0.3146842872859885,437,150,315
1000785,5009.0,0.32540737180393375,0.16503248593154893,0.6590409443732075,0.3132350234640465,441,151,316
1000788,5009.0,0.3245345228437767,0.16503248593154893,0.6572731810929593,0.31270469447997207,441,152,317
1000793,5009.7,0.3230749415261276,0.1650555489661171,0.6543171206796982,0.31183402048019143,439,153,318
1000796,5009.1,0.3221962929051057,0.16503578065077296,0.652537611464033,0.31128632989475097,440,154,319
1000810,5007.1,0.3180671760218821,0.16496988626629241,0.6441749948611533,0.30873141884475064,443,155,320
1000814,5006.5,0.31687872884966384,0.16495011795094822,0.6417680569286336,0.3079954996442538,444,156,321
1000817,5006.3,0.3159848561188718,0.1649435285125002,0.6399577146324991,0.30744778434849984,446,157,322
1000820,5006.0,0.3150888085152554,0.1649336443548281,0.6381429676105831,0.3068964413315546,447,158,323
1000822,5005.5,0.3144902351834976,0.16491717075870796,0.6369306891927605,0.30652122628892375,449,159,324
1000825,5006.5,0.3135905627918407,0.16495011795094822,0.635108600961209,0.30599766285402646,444,160,325
1000828,5005.8,0.31268871552735955,0.16492705491638004,0.6332821080038762,0.30543357084262884,448,161,326
1000831,5005.2,0.311784693390054,0.16490728660103587,0.6314512103207619,0.3048704637169537,450,162,327
1000834,5004.6,0.31087849637992415,0.1648875182856917,0.6296159079118663,0.30430603517354404,452,163,328
1000840,5004.7,0.3090595777411916,0.16489081300491573,0.6259320889167311,0.30320319577846033,451,164,329
1000843,5003.6,0.3081468561125888,0.16485457109345145,0.6240835723304914,0.3026232714645634,454,165,330
1000846,5003.3,0.30723195961116173,0.16484468693577933,0.6222306510184705,0.3020604761605867,456,166,331
1000852,5003.7,0.30539564198983465,0.16485786581267545,0.6185115942170845,0.3009539843339981,453,167,332
1000857,5003.3,0.30385873186065443,0.16484468693577933,0.6153989213315975,0.30001095725452476,456,168,333
1000861,5003.1,0.30262485401166167,0.1648380974973313,0.6128999735716453,0.2992566603196255,458,169,334
1000871,5002.4,0.2995232437116573,0.16481503446276308,0.6066183451934654,0.2973560276819738,459,170,335
1000874,5002.4,0.2985880483972033,0.16481503446276308,0.6047243131074851,0.29678781805617965,459,171,336
1000878,5003.4,0.29733773817576015,0.16484798165500336,0.6021920851971848,0.2960512127176578,455,172,337
1000890,5001.9,0.29356360886797145,0.16479856086664293,0.5945484177246165,0.293723517924035,461,173,338
2000910,10001.6,0.10143582687335691,0.3295246379103573,0.20543592102816086,0.29229802284569834,368,449,339
1000900,5001.3,0.290391919332517,0.1647787925512988,0.5881248592934819,0.2917826125739537,462,174,340
2000912,10001.5,0.10055741990487106,0.32952134319113324,0.20365690122647143,0.2917620106017347,370,458,341
1000903,5000.6,0.28943570024742804,0.1647557295167306,0.5861882481916154,0.291185485119196,463,175,342
5000050,11608.3,0.038085647941736606,0.3824608916828108,0.07713408964106379,0.2908628510702867,309,626,343
2000916,10001.7,0.09879770613746694,0.32952793262958135,0.20009298865538402,0.2906974494373221,367,461,344
1000906,5000.0,0.28847730628951473,0.16473596120138642,0.5842472323639675,0.2905893425501607,466,176,345
2000918,10001.6,0.09791639933854868,0.3295246379103573,0.1983080958859861,0.2901596753030459,368,463,346
1000909,5000.4,0.2875167374587771,0.16474914007828254,0.5823018118105381,0.29001494159795915,464,177,347
1000912,5000.3,0.2865539937552152,0.1647458453590585,0.5803519865313275,0.2894276877107392,465,178,348
2000921,10002.6,0.09659262674615102,0.3295575851025976,0.19562708612707144,0.28937843540993974,365,466,349
1000916,4999.9,0.28526695234829474,0.1647326664821624,0.5777453676967199,0.28863647684652965,467,179,350
2000924,10002.2,0.09526667928092905,0.32954440622570147,0.19294167164237544,0.28856358585070363,366,468,351
1000918,4999.8,0.28462198172961833,0.16472937176293836,0.5764391217955619,0.2882422967727254,468,180,352
2000926,10003.2,0.09438150604143422,0.32957735341794175,0.1911489482493662,0.28804883186736907,362,471,353
2000928,10003.2,0.09349536619179527,0.32957735341794175,0.18935426720045417,0.28751042755269546,362,473,354
2000931,10003.0,0.09216434402331657,0.3295707639794937,0.18665857502226832,0.28669710729232606,364,481,355
5000065,11612.5,0.03097018901819716,0.38259926989022,0.06272329512641563,0.2866364774610786,308,646,356
1000927,4998.3,0.2817076521450408,0.16467995097457797,0.5705367892485538,0.2864370024567707,471,181,357
2000934,10004.4,0.09083114698201356,0.32961689004863004,0.18395847811830113,0.28591936646953137,360,490,358
1000930,4998.3,0.28073185920453303,0.16467995097457797,0.568560535614655,0.28584412636660106,471,182,359
2000936,10004.0,0.08994114069179804,0.329603711171734,0.1821559664457778,0.2853693877539471,361,498,360
1000933,4998.0,0.2797538913912009,0.16467006681690588,0.5665798772549748,0.2852430099483265,474,183,361
2000004,12111.3,0.009631303476195896,0.3990333293796703,0.01950608341571802,0.2851751555904846,302,724,362
2000939,10005.6,0.08860431886245451,0.32965642667931844,0.17944852833217503,0.2845940571751754,359,510,363
1000937,4998.6,0.2784465511712536,0.16468983513225005,0.5639321476464082,0.2844625288864975,470,184,364
5000073,11614.0,0.02715304555899427,0.38264869067858037,0.054992511966171706,0.2843518370648577,307,659,365
2000943,10005.8,0.08681850662115866,0.32966301611776644,0.17583175905171147,0.2835136389979499,358,522,366
1000942,4998.8,0.27680693871425865,0.1646964245706981,0.5606114738212464,0.2834709393458626,469,185,367
2000945,10006.4,0.08592415058529453,0.3296827844331106,0.17402043792762548,0.28298408048146506,357,527,368
5000078,11615.7,0.02475947718957134,0.3827047009053889,0.05014486653680882,0.2829367505948149,306,666,369
5000003,9899.3,0.08943379119239335,0.32615414014417693,0.18112844180378412,0.2826464306420591,376,502,370
5000006,9899.9,0.0893175563225607,0.3261739084595211,0.1808930336814698,0.2825896460261057,375,504,371
5000009,9900.5,0.08920277136794426,0.32619367677486527,0.1806605620430097,0.2825337423553086,372,505,372
5000021,9900.6,0.08876429284130943,0.3261969714940893,0.17977252038409208,0.28226963616109013,371,509,373
2000948,10006.7,0.08458080413747805,0.3296926685907827,0.17129978563667864,0.2821748037045515,356,528,374
5000027,9900.3,0.08854934291050663,0.32618708733641716,0.17933718665270204,0.2821321171313026,374,512,375
5000032,9900.4,0.08838973141045577,0.3261903820556412,0.17901392872174857,0.2820374460554734,373,513,376
1000951,4997.7,0.27384041218189764,0.1646601826592338,0.5546034278554858,0.28164315621810937,475,186,377
2000952,10008.2,0.08278629240488496,0.3297420893791431,0.16766539745308967,0.28111908180132705,353,532,378
1000954,4997.6,0.2728472202587954,0.16465688794000977,0.5525919364153363,0.2810374024826077,476,187,379
5000087,11617.5,0.02043583001483988,0.38276400585142134,0.041388271683486196,0.2803512856010408,304,679,380
2000955,10008.2,0.08143787125381176,0.3297420893791431,0.164934467468653,0.2802998028059961,353,536,381
2000960,10008.0,0.07918566961796909,0.32973549994069506,0.16037312921507788,0.2789267887230099,355,542,382
5000092,11617.2,0.018025345967894527,0.3827541216937493,0.036506367275823924,0.27887979536837165,305,692,383
1000966,4998.2,0.2688527038381431,0.1646766562553539,0.5445019233969246,0.2786242363978251,473,188,384
2000962,10008.9,0.07828309739587977,0.3297651524137113,0.15854516801581786,0.27839915709434326,352,546,385
2000965,10009.7,0.07692742666872554,0.3297915101675036,0.15579955561211004,0.2775939238008855,350,549,386
2000968,10009.7,0.075569581068747,0.3297915101675036,0.1530495384826209,0.27676891866203873,350,552,387
2000971,10010.3,0.07420956059594415,0.3298112784828477,0.1502951166273504,0.2759564299261985,349,556,388
1000981,4996.5,0.26381062367378066,0.16462064602854545,0.5342903007938294,0.27552154245813065,477,189,389
2000974,10011.2,0.07284736525031699,0.329840930955864,0.14753629004629856,0.27514953868299435,347,559,390
2000977,10010.9,0.0714829950318655,0.32983104679819186,0.14477305873946536,0.27431365038057387,348,563,391
1000015,11683.3,0.0073474453581326826,0.38493193110083157,0.01488063193132543,0.2739165413499797,303,727,392
1000989,4995.7,0.2610992822194722,0.16459428827475323,0.5287990759864138,0.27385572458825136,478,190,393
2000981,10013.1,0.06966045160509239,0.3299035306211205,0.14108189853469455,0.27325704099519266,345,565,394
1000993,4995.3,0.25973781183145317,0.16458110939785714,0.5260417176472891,0.27301929187268675,479,191,395
2000984,10012.7,0.06829100668338418,0.3298903517442244,0.13830838953437152,0.2724157630812685,346,567,396
2000987,10013.7,0.06691938688885167,0.32992329893646466,0.1355304758082672,0.2716054519980054,344,570,397
1001003,4994.8,0.2563172201838831,0.164564635801737,0.5191140628211779,0.2709294639075692,480,192,398
2000991,10014.2,0.06508717736063717,0.32993977253258483,0.13181973904446814,0.2705037624861498,343,571,399
2000994,10015.2,0.06371048286284793,0.3299727197248251,0.12903154762487398,0.26969036809483976,342,574,400
2000997,10016.3,0.06233161349223437,0.33000896163628934,0.12623895147949846,0.26887795858925206,340,577,401
2001000,10016.2,0.06095056924879651,0.33000566691706534,0.12344195060834157,0.2680365520244482,341,581,402
2001003,10016.4,0.05956735013253433,0.3300122563555134,0.12064054501140334,0.26720074295228036,339,583,403
2001006,10017.0,0.058181956143447844,0.33003202467085757,0.11783473468868377,0.26637283767620545,338,585,404
1001027,4992.9,0.24800920599501278,0.16450203613648046,0.5022880103364232,0.26583782839646325,481,194,405
2001010,10018.1,0.05633138102249471,0.33006826658232186,0.11408680246273112,0.2652738273464446,337,589,406
1001030,4992.5,0.24696091729369457,0.16448885725958434,0.5001649325098128,0.26519167983465286,482,196,407
2001015,10020.5,0.05401272493924251,0.33014733984369854,0.10939087536583694,0.26392040050034005,336,592,408
1001038,4992.1,0.24415484804526055,0.16447567838268826,0.4944818574239206,0.263477532095058,483,198,409
2001020,10021.7,0.05168802754258944,0.3301868764743869,0.10468271291955013,0.26253562740793585,335,597,410
2001024,10023.2,0.04982391987961837,0.33023629726274734,0.10090737351095798,0.2614376201372105,334,601,411
2001029,10024.4,0.04748834811884375,0.3302758338934356,0.09617718743576441,0.26004623995613424,333,607,412
2001032,10024.6,0.04608410523194656,0.3302824233318837,0.0933332028229398,0.2591976571792005,332,609,413
1001059,4988.5,0.23671533307089868,0.16435706849062323,0.4794147587678514,0.25887437557379167,484,205,414
2001034,10025.5,0.04514673504466826,0.3303120758048999,0.09143476601117821,0.2586488828667834,330,610,415
2001037,10025.5,0.04373886736973055,0.3303120758048999,0.08858344018871803,0.25779348512004535,330,613,416
2001041,10027.0,0.04185832733430912,0.33036149659326036,0.0847748206297779,0.2566854938042156,329,617,417
1001070,4987.9,0.23277591342846227,0.16433730017527906,0.47143633213590047,0.2564670097634655,489,208,418
1001074,4987.6,0.23133614761876797,0.164327416017607,0.4685204036686471,0.25558531231291903,491,210,419
2001046,10028.2,0.03950221510797156,0.3304010332239487,0.08000303436664938,0.25528163356675887,328,623,420
1001076,4988.5,0.23061481479870463,0.16435706849062323,0.46705950295116627,0.25516779882878615,484,212,421
1001079,4988.3,0.22953100317458935,0.16435047905217517,0.46486448127012714,0.25450467971756074,486,214,422
1001081,4988.1,0.22880725382916567,0.16434388961372715,0.4633986864128892,0.2540603286534757,487,216,423
2001051,10028.5,0.03714006156823313,0.33041091738162076,0.0752190127541282,0.253853345993373,327,628,424
1001084,4988.1,0.22771981741700986,0.16434388961372715,0.46119632352221446,0.25339961978627334,487,218,425
1001087,4987.8,0.22663020613202975,0.16433400545605506,0.4589895559057584,0.25273067059096604,490,220,426
2001055,10029.6,0.035245988990793765,0.33044715929308505,0.07138298601254858,0.2527279073089241,326,632,427
1001090,4987.6,0.22553841997422533,0.164327416017607,0.456778383563521,0.2520627062813812,491,222,428
1001093,4987.5,0.2244444589435966,0.16432412129838295,0.4545628064955023,0.25139572685751876,493,224,429
2001060,10031.2,0.03287296108693377,0.3304998748006695,0.06657694077112065,0.25132299459180485,325,638,430
1001095,4987.1,0.22371394332716393,0.16431094242148686,0.4530833080469446,0.25094265210912414,496,226,431
1001098,4987.5,0.22261635750849468,0.16432412129838295,0.4508603897692902,0.25028500183965513,493,227,432
2001064,10031.8,0.03097018901819716,0.3305196431160137,0.06272329512641563,0.25018073871913427,323,646,433
1001101,4987.3,0.22151659681700112,0.16431753185993492,0.44863306676585457,0.24961219233171078,495,228,434
2001067,10031.8,0.029540572615016334,0.3305196431160137,0.05982792204614194,0.24931212679505213,323,652,435
1001103,4987.0,0.2207822147599919,0.16430764770226283,0.4471457376936856,0.24915907469968965,498,230,436
1001105,4986.8,0.22004686609283855,0.16430105826381478,0.4456564509656138,0.24870767607435446,500,232,437
1001107,4986.8,0.21931055081554104,0.16430105826381478,0.4441652065816391,0.24826030275916205,500,234,438
2001071,10032.4,0.027631034275270753,0.33053941143135784,0.05596057281011717,0.24816575984498562,321,657,439
1001110,4986.6,0.21820426550557456,0.16429446882536672,0.4419246694008594,0.2475835289980145,503,235,440
1001112,4986.6,0.2174655337029167,0.16429446882536672,0.4404285308771277,0.247134687440895,503,237,441
2001075,10032.2,0.025717629494948616,0.3305328219929098,0.05208539295048109,0.24699859328018117,322,663,442
1001116,4987.1,0.21598517026716862,0.16431094242148686,0.4374303808619559,0.24624677395362757,496,239,443
2001079,10034.2,0.023800358274049922,0.33059871637739036,0.048202382467233726,0.24587981620434335,319,669,444
1001118,4987.0,0.21524353863407836,0.16430764770226283,0.4359283693705157,0.2457938642027387,498,241,445
1001122,4986.7,0.21375737553746543,0.16429776354459072,0.43291847341992695,0.24488397650719157,502,243,446
2001083,10034.0,0.02187922061257468,0.3305921269389423,0.04431154136037509,0.24470795126537212,320,675,447
1001125,4986.4,0.2126402158633774,0.16428787938691863,0.4306559126102405,0.2441982893539152,505,245,448
2001086,10035.0,0.02043583001483988,0.3306250741311826,0.041388271683486196,0.24385403339687364,317,679,449
1001128,4986.3,0.21152088131646501,0.16428458466769463,0.42838894707477265,0.243515893389818,506,247,450
1001130,4985.7,0.2107734500225099,0.16426481635235046,0.42687518964791554,0.24304792834101996,507,249,451
2001089,10035.0,0.018990264544280773,0.3306250741311826,0.03846059728081595,0.2429757310760726,317,686,452
1001134,4985.0,0.20927568760416734,0.16424175331778226,0.42384180182649295,0.24212176787039547,515,252,453
2001093,10035.8,0.017059460781364142,0.33065143188497476,0.03455017961492908,0.24182105620396105,316,694,454
2001097,10036.6,0.015124790577870958,0.33067778963876704,0.03063193132543093,0.24066403214476617,315,701,455
1001143,4985.3,0.20589158548953848,0.16425163747545435,0.41698804851071325,0.240072560786032,509,257,456
1001145,4985.3,0.20513690461950237,0.16425163747545435,0.41545960866458503,0.23961402883219352,509,258,457
2001104,10038.9,0.011729814099120554,0.3307535681809196,0.023756154380744497,0.23865434404086708,313,714,458
1001150,4984.9,0.20324597352503146,0.16423845859855823,0.4116299443046896,0.23845590431039762,517,261,459
2001108,10038.9,0.009784511184041847,0.3307535681809196,0.0198163718763153,0.2374724092895383,313,723,460
1001155,4985.4,0.20134900111715967,0.16425493219467838,0.40778804459540147,0.23731486591489528,508,263,461
1001162,4984.7,0.19868309033962572,0.16423186916011018,0.4023888296154185,0.23567895729670268,520,266,462
2001117,10041.5,0.005393442951756729,0.33083923088074435,0.010923230523770837,0.23486443077365227,311,731,463
1001168,4984.1,0.19638859950997697,0.16421210084476603,0.39774184391609485,0.23427102376616465,530,269,464
2001119,10041.3,0.004414991833352544,0.3308326414422963,0.008941593336139305,0.23426532701044916,312,732,465
1001172,4984.1,0.19485410590615712,0.16421210084476603,0.394634065170365,0.23333869014244568,530,272,466
1001174,4985.1,0.194085409189031,0.16424504803700632,0.39307723931364585,0.23289470541999818,512,274,467
2001125,10043.0,0.0014738388172751598,0.33088865166910475,0.0029849358378277848,0.23251753691972166,310,735,468
1001176,4985.1,0.19331574586176073,0.16424504803700632,0.39151845580102385,0.23242707036621157,512,275,469
1001179,4985.0,0.19215943847683506,0.16424175331778226,0.3891766099272731,0.2317222103006295,515,278,470
1001182,4985.0,0.19100095621908508,0.16424175331778226,0.38683035932774096,0.23101833512076986,515,281,471
1001185,4984.8,0.1898402990885108,0.1642351638793342,0.3844797040024275,0.23030852591626216,518,283,472
1001187,4984.8,0.18906531940544777,0.1642351638793342,0.38291015338233997,0.22983766073023593,518,285,473
1001190,4984.6,0.18790103748683296,0.16422857444088618,0.3805521568473909,0.22912564916283756,524,287,474
1001192,4984.6,0.18712364127840958,0.16422857444088618,0.3789777120875464,0.22865331573488423,524,288,475
1001195,4984.6,0.18595573457175424,0.16422857444088618,0.37661237434296174,0.22794371441150885,524,291,476
1000030,9527.4,0.013409903355901262,0.3139010793500178,0.027158805046836914,0.22787839705906351,378,708,477
1000027,9527.3,0.01196856680472276,0.31389778463079376,0.02423969538874152,0.2270003578581781,379,712,478
1001199,4984.6,0.18439514249404265,0.16422857444088618,0.37345173888785566,0.226995523774977,524,293,479
1000025,9527.9,0.01100654805876893,0.31391755294613793,0.022291338351457964,0.22642968856773393,377,720,480
1001203,4984.6,0.1828306839757545,0.16422857444088618,0.3702832728091383,0.2260449839513618,524,296,481
1001205,4984.6,0.18204700480139424,0.16422857444088618,0.36869610328592545,0.22556883309439796,524,297,482
1001210,4984.5,0.18008357794611293,0.16422527972166212,0.3647196147333183,0.22437358022515896,528,300,483
1001212,4985.1,0.17929651563624815,0.16424504803700632,0.3631255934144455,0.22390921165023805,512,301,484
1001217,4984.7,0.17732463094220566,0.16423186916011018,0.35913197537268876,0.22270190102388376,520,302,485
1001222,4984.0,0.17534670493476226,0.16420880612554198,0.35512612198153926,0.22148400088234116,532,304,486
1001230,4984.4,0.17216945739097905,0.1642219850024381,0.3486913070289635,0.21956278161039572,529,307,487
1001234,4983.9,0.17057503395822263,0.16420551140631795,0.3454621536172587,0.21858250406960017,533,309,488
1001237,4983.7,0.16937667903202694,0.1641989219678699,0.34303514971173515,0.21784979029102947,534,310,489
1001240,4983.2,0.16817614923300692,0.16418244837174975,0.3406037410804303,0.2171088361843539,535,312,490
1001244,4982.8,0.16657205969880912,0.16416926949485366,0.33735501110969723,0.21612499197930674,536,314,491
1001252,4982.6,0.1633522813086838,0.1641626800564056,0.3308340592973973,0.2141640938287031,537,315,492
1001257,4981.8,0.16133206610743436,0.16413632230261338,0.3267425584604994,0.21291819314997917,539,316,493
1001259,4982.5,0.16052228845918234,0.16415938533718158,0.3251025322279103,0.21244232940440017,538,317,494
1001266,4981.7,0.1576804546354152,0.16413302758338935,0.31934702387361374,0.21069722647045666,540,318,495
1001271,4981.4,0.15564332375664333,0.16412314342571727,0.31522126405841644,0.20945257961552702,543,319,496
7000003,5288.7,0.142909987088505,0.17424781560115446,0.289432695790061,0.2088032796578264,421,332,497
1001274,4981.0,0.1544181453989478,0.16410996454882115,0.3127399352015896,0.20869895574465167,545,320,498
7000007,5288.7,0.14130638085937924,0.17424781560115446,0.28618494464727934,0.2078289543149919,421,334,499
1001278,4981.5,0.15278119111984925,0.1641264381449413,0.3094246449301606,0.20771590018050706,541,322,500
1001281,4981.4,0.151550938058897,0.16412314342571727,0.306933038379844,0.20696611191195527,543,323,501
7000011,5288.5,0.1397015663675733,0.17424122616270643,0.28293474643461913,0.20684928224428023,423,336,502
1001283,4981.4,0.15072956108891533,0.16412314342571727,0.305269520276421,0.2064670564809284,543,325,503
7000016,5288.2,0.13769657527609405,0.17423134200503435,0.2788740786781907,0.20562416300698125,424,338,504
1001287,4980.8,0.14908390731851953,0.1641033751103731,0.3019366111018666,0.20545334590782113,546,327,505
1001290,4980.7,0.14784712963909435,0.16410008039114907,0.2994317903742059,0.2046995933860661,547,328,506
7000025,5289.1,0.13410513528554752,0.1742609944780506,0.27160040817125575,0.20346281858601212,420,344,507
1001295,4979.8,0.14578100045599832,0.16407042791813284,0.29524730088192397,0.20342348980727015,548,330,508
1001307,4979.0,0.14079764185789234,0.1640440701643406,0.2851546058749253,0.20037723087751602,549,335,509
7000044,5290.0,0.12785128847923952,0.17429064695106683,0.2589346191869855,0.1996838386218424,417,351,510
7000047,5289.9,0.1269270883551751,0.1742873522318428,0.2570628554368999,0.19912000319335993,419,353,511
7000050,5290.3,0.1260016799684305,0.17430053110873892,0.2551886446169357,0.19856696516119793,408,356,512
7000053,5290.1,0.12507590910288188,0.1742939416702909,0.253313699676008,0.197999869072006,413,359,513
1001319,4978.4,0.13577948529459738,0.1640243018489964,0.27499143525542513,0.197314441870925,550,340,514
7000057,5290.3,0.12383973555479676,0.17430053110873892,0.2508101024832865,0.19725340252110318,408,362,515
7000059,5290.3,0.12322207167269227,0.17430053110873892,0.24955916036138326,0.1968781198845322,408,364,516
1001322,4978.4,0.1345195089717129,0.1640243018489964,0.27243963078609673,0.1965489005301265,550,343,517
7000064,5290.0,0.1216832283232238,0.17429064695106683,0.2464425721640907,0.195936224514974,417,367,518
1001326,4978.1,0.1328361574056957,0.16401441769132435,0.2690303730313323,0.19551920429332675,552,346,519
7000068,5290.0,0.12045780831299223,0.17429064695106683,0.24396075389328817,0.19519167903373325,417,371,520
4000007,6808.9,0.06187150706362445,0.22433413724482398,0.1253071072697552,0.19462602825230332,388,578,521
7000073,5290.2,0.11893225585300565,0.1742972363895149,0.2408710834646594,0.19426939051205822,410,376,522
7000075,5290.2,0.11832341228846643,0.1742972363895149,0.23963800495286944,0.19389946695852123,410,378,523
7000077,5290.1,0.11771493120273124,0.1742939416702909,0.238405660562043,0.1935274573378165,413,381,524
1001334,4977.8,0.12945785495193168,0.16400453353365227,0.26218836565096953,0.19345968316884743,554,349,525
7000079,5290.1,0.1171066917695321,0.1742939416702909,0.23717380558519227,0.1931579008447613,413,384,526
1001337,4977.8,0.1281870042649256,0.16400453353365227,0.25961453755273434,0.1926875347393769,554,350,527
7000082,5290.1,0.11619493675107348,0.1742939416702909,0.23532724665485547,0.19260393316566027,413,388,528
7000084,5290.9,0.11558766392801847,0.17432029942408309,0.23409734933390758,0.19225341439703042,403,389,529
7000087,5290.9,0.11467929204506433,0.17432029942408309,0.23225764219923065,0.19170150225662735,403,392,530
1001341,4977.8,0.12648915354674634,0.16400453353365227,0.25617591495942754,0.19165594796138485,554,354,531
4000018,6808.0,0.056794387281537045,0.22430448477180776,0.11502451964018284,0.1915204952323203,392,587,532
7000090,5290.6,0.11376995355196605,0.17431041526641103,0.23041597740865088,0.191142083909083,405,397,533
7000094,5291.4,0.11255915352016457,0.17433677302020323,0.22796376868337853,0.1904248717191558,397,401,534
1001346,4977.4,0.1243614029669615,0.16399135465675616,0.2518666249033407,0.1903539357307315,556,361,535
7000096,5291.2,0.11195441804873793,0.17433018358175517,0.22673901020917553,0.19005283156998126,400,403,536
7000099,5290.5,0.11104665029712388,0.17430712054718697,0.22490052660943788,0.18948514236586222,406,406,537
1001350,4977.3,0.122654852757485,0.16398805993753213,0.24841038340690855,0.18931475697834504,557,365,538
7000101,5291.3,0.11044131069435714,0.1743334783009792,0.2236745446002956,0.1891357981907741,398,409,539
4000027,6808.0,0.052618631458858776,0.22430448477180776,0.10656744613999197,0.18898337318226302,392,595,540
7000105,5291.3,0.10923014818375162,0.1743334783009792,0.2212216017540597,0.18839991533690334,398,415,541
1001354,4977.0,0.12094443610743194,0.16397817577986004,0.2449463112868651,0.18826861643196155,559,369,542
7000107,5291.2,0.10862480858098489,0.17433018358175517,0.21999561974491744,0.18802981443070382,400,417,543
7000109,5291.0,0.10801958980448619,0.17432359414330711,0.21876988244276305,0.18765748063314389,402,418,544
1001358,4977.2,0.11923015301680234,0.1639847652183081,0.24147440854321037,0.18723165821577875,558,374,545
7000114,5291.6,0.10651989416585532,0.17434336245865129,0.21573257930953477,0.1867601275139163,396,424,546
7000116,5292.4,0.10592542892721014,0.17436972021244349,0.21452862092929925,0.18641739042750022,395,426,547
1001362,4976.8,0.11751200348559618,0.163971586341412,0.23799467517594433,0.18617851299177168,560,383,548
1001365,4976.5,0.11622085398556319,0.1639617021837399,0.23537973630374986,0.18538711241974287,561,387,549
1001369,4976.3,0.11449593818334806,0.16395511274529187,0.2318862993451641,0.18433446872525355,562,393,550
1001373,4975.8,0.11276715594055638,0.16393863914917173,0.22838503176296704,0.18327255693331032,565,400,551
4000051,6807.1,0.04138758819411368,0.22427483229879153,0.0838214422051036,0.18213881527068512,394,618,552
1001379,4976.2,0.1101667330002878,0.1639518180260678,0.22311844797040023,0.18170180700936753,563,411,553
1001384,4976.0,0.10799306843865637,0.16394522858761978,0.21871616925892934,0.18037651078901262,564,419,554
1001390,4975.2,0.10537669643100953,0.16391887083382756,0.21341728414396602,0.17876839482686907,568,429,555
1001392,4975.2,0.1045026392081723,0.16391887083382756,0.21164707379383924,0.17823733172183104,568,432,556
1001394,4975.2,0.10362761537519093,0.16391887083382756,0.20987490578780965,0.17770568132002218,568,434,557
1001396,4975.2,0.10275162493206542,0.16391887083382756,0.20810078012587727,0.17717344362144247,568,439,558
1001402,4974.6,0.10011785394182408,0.16389910251848339,0.20276665720466314,0.1755593689243373,576,459,559
4000076,6808.5,0.029540572615016334,0.2243209583679279,0.05982792204614194,0.17497304747139208,391,652,560
1001405,4974.3,0.09879770613746694,0.1638892183608113,0.20009298865538402,0.1747503494491831,579,461,561
1001409,4975.1,0.09703412592948626,0.16391557611460353,0.19652124546068536,0.17369727691842807,571,465,562
1001411,4975.1,0.09615088591027973,0.16391557611460353,0.19473243737948182,0.173160634494067,571,467,563
4000083,6808.8,0.0261963431688332,0.22433084252559998,0.05305492203635367,0.17294806637882607,389,662,564
1001413,4975.0,0.09526667928092905,0.1639122813953795,0.19294167164237544,0.17262109846947826,573,468,565
1001417,4974.9,0.09349536619179527,0.16390898667615544,0.18935426720045417,0.17154257083344504,575,473,566
4000091,6808.8,0.022359867506747542,0.22433084252559998,0.04528498575805331,0.17061708549533597,389,672,567
4000095,6809.0,0.02043583001483988,0.22433743196404804,0.041388271683486196,0.16945268387987947,387,679,568
1001425,4974.4,0.08994114069179804,0.1638925130800353,0.1821559664457778,0.16937154908975804,577,498,569
1001428,4974.4,0.08860431886245451,0.1638925130800353,0.17944852833217503,0.16855931765567722,577,510,570
1001430,4974.3,0.08771189604687865,0.1638892183608113,0.17764112251989467,0.1680147896085363,579,519,571
1001433,4975.3,0.08637144942949461,0.16392216555305159,0.17492634319665631,0.167223418846133,566,525,572
1001438,4975.0,0.08413253868313383,0.1639122813953795,0.17039192271174494,0.1658561737902891,573,530,573
4000108,6809.4,0.01415600556090816,0.22435061084094413,0.02866987069682762,0.16564638879770918,386,705,574
1001443,4974.0,0.0818875866233722,0.16387933420313922,0.16584526687744094,0.1644691140054297,581,535,575
4000113,6810.0,0.011729814099120554,0.22437037915628832,0.023756154380744497,0.16418611172362518,382,714,576
1001446,4973.5,0.08053771555708279,0.16386286060701907,0.16311140040915006,0.16363742254765837,583,539,577
4000115,6810.0,0.01075764594665327,0.22437037915628832,0.02178724195648131,0.1635954379963462,382,722,578
1001448,4973.5,0.07963659325020969,0.16386286060701907,0.1612863756937443,0.1630899151330366,583,541,579
4000118,6809.8,0.009297581323932083,0.22436378971784027,0.018830202715268737,0.16270371361706878,385,725,580
9000002,3921.6,0.11880097811280485,0.1292057090894714,0.2406052093223574,0.16262555915933719,623,377,581
1001450,4973.3,0.07873450433319244,0.16385627116857102,0.1594593933224357,0.1625372078147304,585,545,582
9000004,3921.6,0.11794190334720177,0.1292057090894714,0.2388653426387244,0.1621035991542473,623,379,583
9000006,3921.4,0.11708186197145455,0.12919911965102335,0.23712351829918854,0.16157643924547288,625,385,584
1001454,4973.2,0.07692742666872554,0.163852976449347,0.15579955561211004,0.1614369501981759,586,549,585
4000124,6810.5,0.006370927460016775,0.22438685275240844,0.012902910055499544,0.16094166994333578,381,729,586
9000010,3921.0,0.1153588793895277,0.12918594077412723,0.23363399665240842,0.16052035753761157,627,390,587
1001458,4974.0,0.07511648256368209,0.16387933420313922,0.15213188727817312,0.16035510012564938,581,554,588
9000013,3921.6,0.11406410510145419,0.1292057090894714,0.2310117165705784,0.1597475113338035,623,395,589
9000015,3921.3,0.11319971398005835,0.12919582493179932,0.22926108277947985,0.15921540228610348,626,399,590
4000130,6809.9,0.0034355741048042216,0.22436708443706427,0.006957998492604955,0.15914435865372645,384,734,591
1001463,4973.0,0.07284736525031699,0.16384638701089893,0.14753629004629856,0.15895335792151882,587,559,592
4000002,6834.3,0.0009828008640528079,0.22517099592772705,0.0019904466391942287,0.1582168311411672,380,737,593
9000019,3920.8,0.11146803190683424,0.12917935133567918,0.2257539422295743,0.15815172860384769,628,405,594
9000021,3920.7,0.11060074095500598,0.12917605661645515,0.22399743547076728,0.15762247027274878,629,408,595
1001468,4972.7,0.07057220662355101,0.16383650285322685,0.14292845746503136,0.15756408923676818,589,564,596
9000024,3920.0,0.10929799213324334,0.12915299358188695,0.221359004727739,0.15681479692564254,630,414,597
1001473,4972.3,0.06829100668338418,0.16382332397633076,0.13830838953437152,0.15616884364374298,590,567,598
9000028,3919.3,0.10755761056872198,0.12912993054731878,0.21783424527470804,0.15574122496553555,631,421,599
1001475,4973.0,0.06737683513956522,0.16384638701089893,0.13645693646427767,0.15562955184691254,587,569,600
9000030,3919.0,0.10668596987124511,0.1291200463896467,0.21606892906433836,0.15520471119205417,632,423,601
9000033,3918.8,0.10537669643100953,0.12911345695119864,0.21341728414396602,0.15440460510902884,633,429,602
1001483,4971.7,0.06371048286284793,0.16380355566098656,0.12903154762487398,0.1533719532501528,592,574,603
9000037,3918.3,0.10362761537519093,0.1290969833550785,0.20987490578780965,0.15333036008489784,634,434,604
1001487,4971.5,0.06187150706362445,0.16379696622253853,0.1253071072697552,0.15225000853670353,594,578,605
9000043,3917.0,0.100996744215382,0.12905415200516612,0.204546655834304,0.15170190315390747,635,453,606
1001495,4971.9,0.058181956143447844,0.16381014509943462,0.11783473468868377,0.15001752197620935,591,585,607
1001502,4971.7,0.05494091233015149,0.16380355566098656,0.11127071444652173,0.1480437032966471,592,590,608
9000058,3914.7,0.09438150604143422,0.1289783734630135,0.1911489482493662,0.1476295458989193,636,471,609
9000062,3914.4,0.09260825973201217,0.1289684893053414,0.1875576284956393,0.14654523106243078,637,478,610
1001508,4970.7,0.052153450326992125,0.1637706084687463,0.1056253242367589,0.14632702319915009,595,596,611
1001511,4970.3,0.050756457016175975,0.1637574295918502,0.10279602204320545,0.14546900732725676,596,600,612
9000068,3914.2,0.08994114069179804,0.12896189986689335,0.1821559664457778,0.1449201198405587,638,498,613
1001513,4970.3,0.04982391987961837,0.1637574295918502,0.10090737351095798,0.1449024127675825,596,601,614
9000074,3913.3,0.08726532216028668,0.1289322473938771,0.17673668549279092,0.14327357882355124,639,521,615
1001524,4970.1,0.04467768747222506,0.16375084015340216,0.09048481348433385,0.14177103215268166,598,611,616
1001527,4969.9,0.04326909483967925,0.16374425071495408,0.08763201941994656,0.14091058132645182,599,615,617
9000084,3912.7,0.08278629240488496,0.12891247907853293,0.16766539745308967,0.14053835459089994,640,532,618
1001531,4969.6,0.04138758819411368,0.16373436655728202,0.0838214422051036,0.13976048925162848,600,618,619
9000088,3912.2,0.0809879142317153,0.12889600548241278,0.1640231786458894,0.13943415743145576,642,538,620
9000092,3911.8,0.07918566961796909,0.1288828266055167,0.16037312921507788,0.13832991738838504,644,542,621
9000095,3911.7,0.07783144880603106,0.12887953188629264,0.1576304532952243,0.13750480830897213,645,547,622
1001539,4969.6,0.037612975581252886,0.16373436655728202,0.07617679590458386,0.13746709536147256,600,627,623
1001543,4968.8,0.03571986961395766,0.1637080088034898,0.07234272681890704,0.13629842420811494,602,631,624
9000100,3912.4,0.075569581068747,0.12890259492086084,0.1530495384826209,0.13614667798938884,641,552,625
1001546,4968.7,0.03429750278685787,0.16370471408426573,0.06946203615790453,0.13543191070635735,603,634,626
9000103,3912.2,0.07420956059594415,0.12889600548241278,0.1502951166273504,0.13531573882589407,642,556,627
1001549,4968.7,0.03287296108693377,0.16370471408426573,0.06657694077112065,0.1345663820903222,603,638,628
1001552,4968.6,0.031446244514185366,0.16370141936504173,0.06368744065855544,0.13369722575309584,606,643,629
1001554,4968.6,0.03049389186967292,0.16370141936504173,0.06175866018030011,0.13311859160961925,606,648,630
9000115,3911.3,0.06874772997648962,0.12886635300939656,0.13923338194845492,0.13197646169111407,646,566,631
1001559,4968.5,0.0281087813390112,0.16369812464581768,0.056928144240086916,0.13166713052409845,608,656,632
1001562,4968.1,0.026674815190181753,0.1636849457689216,0.05402396170825054,0.13078665055072028,611,661,633
1001566,4968.0,0.02475947718957134,0.16368165104969756,0.05014486653680882,0.12962061569583094,613,666,634
9000124,3910.1,0.06462852084724345,0.12882681637870821,0.13089083131857912,0.12944602086066948,647,572,635
1001569,4967.8,0.023320436337485165,0.1636750616112495,0.04723040631148263,0.12874166502131942,615,670,636
1001571,4968.6,0.022359867506747542,0.16370141936504173,0.04528498575805331,0.1281764892829452,606,672,637
1001574,4968.4,0.020917201866620848,0.16369482992659365,0.04236318432309153,0.127295336245543,609,677,638
9000132,3909.1,0.06095056924879651,0.12879386918646793,0.12344195060834157,0.12718829361303002,648,581,639
1001578,4968.1,0.018990264544280773,0.1636849457689216,0.03846059728081595,0.1261176412224899,611,686,640
9000136,3908.8,0.0591057937887082,0.12878398502879587,0.11970576431780584,0.12606051881549885,649,584,641
1001584,4968.1,0.01609260898468962,0.1636849457689216,0.032592034298131414,0.12435707232768453,611,696,642
9000145,3908.5,0.05494091233015149,0.12877410087112376,0.11127071444652173,0.12352308494374314,650,590,643
1001588,4967.8,0.01415600556090816,0.1636750616112495,0.02866987069682762,0.12317350433692292,615,705,644
1001590,4967.8,0.01318625393380122,0.1636750616112495,0.026705852412321485,0.12258429885157109,615,709,645
9000149,3908.2,0.053083570938189384,0.12876421671345167,0.10750907862924933,0.12238767528819097,651,594,646
1001592,4967.7,0.012215535696550144,0.16367176689202545,0.02473987647191253,0.12199219976599156,617,711,647
9000152,3908.2,0.05168802754258944,0.12876421671345167,0.10468271291955013,0.1215397655752812,651,597,648
1001598,4967.5,0.009297581323932083,0.16366517745357742,0.018830202715268737,0.12021468503208481,618,725,649
9000158,3907.6,0.04889041613291663,0.1287444483981075,0.09901676732280768,0.11982614407551755,654,604,650
1001602,4966.9,0.0073474453581326826,0.16364540913823322,0.01488063193132543,0.11901597597616088,620,727,651
9000162,3907.9,0.04702050880908072,0.12875433255577962,0.09522968197879858,0.1186969373826853,653,608,652
9000168,3907.4,0.044208398247245824,0.12873785895965947,0.08953437154351379,0.11697681273481576,655,612,653
1001609,4967.1,0.0039254037953464,0.1636519985766813,0.007950040621359983,0.1169414111900849,619,733,654
9000172,3907.0,0.042328824821968536,0.12872468008276336,0.08572770964047649,0.1158255889500773,656,616,655
1001614,4966.7,0.0014738388172751598,0.1636388196997852,0.0029849358378277848,0.11544265454119797,621,735,656
9000176,3906.4,0.04044538495611469,0.1287049117674192,0.0819132171138279,0.11466740337134179,657,621,657
9000179,3906.0,0.03903026770509594,0.12869173289052308,0.07904720887209654,0.11379837568499511,658,624,658
9000183,3906.0,0.03714006156823313,0.12869173289052308,0.0752190127541282,0.11264991684960461,658,628,659
9000191,3904.6,0.03334804997277784,0.12864560682138668,0.06753912864735766,0.11031366336917796,660,637,660
9000194,3904.1,0.031922058357637534,0.12862913322526653,0.06465109677671955,0.10943572229070243,661,642,661
9000197,3903.9,0.03049389186967292,0.1286225437868185,0.06175866018030011,0.10856337870486298,662,648,662
9000203,3903.2,0.027631034275270753,0.1285994807522503,0.05596057281011717,0.10680780836961036,663,657,663
9000210,3902.7,0.02428003855807865,0.12858300715613016,0.04917386920900913,0.10476026577199385,664,668,664
9000221,3900.9,0.018990264544280773,0.12852370221009765,0.03846059728081595,0.10150477073131313,665,686,665
9000227,3900.6,0.01609260898468962,0.12851381805242557,0.032592034298131414,0.09973728292613732,666,696,666
9000229,3900.6,0.015124790577870958,0.12851381805242557,0.03063193132543093,0.09914925203432717,666,701,667
9000233,3900.1,0.01318625393380122,0.12849734445630542,0.026705852412321485,0.09795989684311024,668,709,668
9000237,3900.0,0.011243850849154928,0.12849404973708142,0.022771942875600755,0.0967774176786372,669,719,669
9000247,3898.5,0.006370927460016775,0.128444628948721,0.012902910055499544,0.09378211328075454,670,729,670
8000003,832.4,0.0883850191860031,0.02742524282080681,0.17900438514922232,0.07289898551933147,693,514,671
8000005,832.4,0.08762115551959765,0.02742524282080681,0.17745734757201725,0.07243487424616994,693,520,672
8000008,832.5,0.08647560167252553,0.02742853754003084,0.1751372806201854,0.0717411604640772,686,524,673
8000013,832.7,0.08456932564201641,0.027435126978478896,0.1712765384728326,0.07058755042678501,676,529,674
8000017,832.7,0.08304268574561768,0.027435126978478896,0.16818466568131318,0.06965998858932917,676,531,675
8000020,832.8,0.08189761520361763,0.02743842169770292,0.16586557755743273,0.06896656845562187,673,534,676
8000022,832.6,0.08113459732108831,0.027431832259254867,0.16432025292914262,0.06849835846022119,681,537,677
8000025,832.6,0.07999001008416033,0.027431832259254867,0.1620021436332136,0.06780292567144248,681,540,678
8000028,832.6,0.07884409375828415,0.027431832259254867,0.15968134256041816,0.06710668534960385,681,544,679
8000032,832.7,0.07731491651025706,0.027435126978478896,0.1565843309221538,0.06617988816158137,676,548,680
8000035,832.6,0.07616670448528855,0.027431832259254867,0.15425888041658917,0.06547994670645516,681,551,681
8000039,832.6,0.074634264928025,0.027431832259254867,0.1511552616896528,0.06454886108837424,681,555,682
8000041,832.6,0.0738678639099912,0.027431832259254867,0.14960308526570285,0.06408320816118926,681,558,683
8000044,832.5,0.07271916857995062,0.02742853754003084,0.14727665593218678,0.06338297305767762,686,561,684
8000046,832.5,0.07195385499832897,0.02742853754003084,0.1457266818711275,0.06291798083935984,686,562,685
8000067,832.9,0.06391455842952916,0.02744171641692695,0.12944485772735725,0.05804265881005604,671,573,686
8000071,832.8,0.06238381044001785,0.02743842169770292,0.12634466489825083,0.057110294657867294,673,576,687
8000074,832.8,0.06123584006758538,0.02743842169770292,0.1240197038066619,0.056412806330390614,673,580,688
8000086,832.6,0.05663719230684652,0.027431832259254867,0.11470615584898643,0.053614129336174335,681,588,689
8000095,832.4,0.05317781542724289,0.02742524282080681,0.10769995007977448,0.051507654998497104,693,593,690
8000101,832.2,0.05086604644126768,0.027418653382358757,0.1030179712811879,0.0500984487520075,702,599,691
8000104,832.2,0.04971118897155822,0.027418653382358757,0.10067906189129136,0.04939677593503854,702,603,692
8000107,832.1,0.04855427745529246,0.02741535866313473,0.09833599248260132,0.0486915488089747,707,605,693
8000109,832.1,0.0477825600814659,0.02741535866313473,0.09677304895118584,0.04822266574955006,707,606,694
8000120,832.1,0.043535637586925434,0.02741535866313473,0.0881718430351497,0.045642303974739215,707,614,695
8000126,832.2,0.04121347754190074,0.027418653382358757,0.0834688194356078,0.04423370319833347,702,620,696
8000129,832.2,0.04005137049611024,0.027418653382358757,0.0811152276264401,0.04352762565558316,702,622,697
8000134,832.3,0.03811017567414412,0.027421948101582782,0.07718376515959789,0.04235049321898732,699,625,698
8000138,832.4,0.0365563498674415,0.02742524282080681,0.0740368332958116,0.04140871996330824,693,630,699
8000146,832.4,0.03344084454661513,0.02742524282080681,0.06772706361402855,0.03951578905877333,693,636,700
8000149,832.4,0.03227112544593955,0.02742524282080681,0.06535805526462614,0.03880508655395261,693,640,701
8000152,832.4,0.031101406345263958,0.02742524282080681,0.06298904691522371,0.038094384049131874,693,645,702
8000154,832.4,0.030320627001336097,0.02742524282080681,0.06140775035971927,0.037619995082480547,693,650,703
8000156,832.4,0.02953900187353211,0.02742524282080681,0.05982474085529986,0.037145092231154725,693,654,704
8000158,832.4,0.02875677261438804,0.02742524282080681,0.058240507815941193,0.03666982231934712,693,655,705
8000163,832.2,0.026981593084677707,0.027418653382358757,0.05464527275040866,0.035586639192773724,702,660,706
8000169,832.5,0.024944703858441875,0.02742853754003084,0.050520002349187076,0.03435597698277771,686,665,707
8000177,832.2,0.022240249501410403,0.027418653382358757,0.04504272584007909,0.032705875119674856,702,674,708
8000183,832.0,0.020234473039189033,0.0274120639439107,0.040980467488229595,0.03148258500720637,710,682,709
8000188,831.8,0.01857341391962105,0.027405474505462643,0.03761635817272398,0.030468739605641042,713,689,710
8000192,831.8,0.017248795543347267,0.027405474505462643,0.03493363546489433,0.029663922793292146,713,693,711
8000211,832.1,0.015753087171560976,0.02741535866313473,0.031904407662265204,0.02876207336287387,707,698,712
8000197,831.9,0.015593717324046142,0.02740876922468667,0.03158163914528743,0.0286606302008669,711,700,713
8000202,831.8,0.013944438765609846,0.027405474505462643,0.02824138876109746,0.027656248782153087,713,707,714
6000002,0.0,0.035012613054118326,0.0,0.070910334465511,0.021273100339653298,728,633,715
7000147,361.0,0.019984000185589147,0.0118939363987401,0.040473189902410854,0.020467712449841326,715,683,716
6000005,0.0,0.033606195294396825,0.0,0.06806194512690504,0.02041858353807151,728,635,717
6000008,0.0,0.03219760266185101,0.0,0.06520915106251773,0.01956274531875532,728,641,718
7000192,360.7,0.018398276244129957,0.011884052241068017,0.037261655393831423,0.019497333186897038,718,690,719
6000010,0.0,0.031257453470408314,0.0,0.06330508599003552,0.018991525797010658,728,644,720
7000188,360.7,0.016764946753071948,0.011884052241068017,0.03395370633203802,0.01850494846835902,718,695,721
6000013,0.0,0.02984596100743009,0.0,0.06044641895793976,0.018133925687381928,728,651,722
7000182,360.9,0.014313865080072775,0.011890641679516072,0.028989580376457227,0.01702032328859842,717,704,723
6000025,0.0,0.025619820630988603,0.0,0.0518873026438143,0.015566190793144289,728,664,724
7000171,361.0,0.011682631441459793,0.0118939363987401,0.023660596301987996,0.01542393436971447,715,716,725
6000038,0.0,0.022866914940482187,0.0,0.04631189863257735,0.013893569589773204,728,671,726
6000043,0.0,0.02180908096399063,0.0,0.04416948895392656,0.013250846686177969,728,676,727
6000050,0.0,0.020327388439294346,0.0,0.04116864716188835,0.012350594148566506,728,681,728
6000055,0.0,0.019269071157730716,0.0,0.03902525865528616,0.011707577596585847,728,684,729
6000057,0.0,0.018845212609525992,0.0,0.038166826541898735,0.011450047962569621,728,688,730
6000060,0.0,0.018208820655878814,0.0,0.03687795483687832,0.011063386451063495,728,691,731
6000072,0.0,0.015669898286031058,0.0,0.03173592690112859,0.009520778070338578,728,699,732
6000106,0.0,0.014357120884022972,0.0,0.02907718547810851,0.008723155643432552,728,703,733
6000090,0.0,0.01190700582116794,0.0,0.024115017178430544,0.007234505153529163,728,713,734
6000100,0.0,0.011531598606438155,0.0,0.02335471256717207,0.007006413770151621,728,717,735
6000092,0.0,0.011493115440074642,0.0,0.02327677339154097,0.006983032017462291,728,718,736
6000095,0.0,0.010873457924547861,0.0,0.022021793604338164,0.006606538081301449,728,721,737
