Link_No,Name,Start_LRP,Start_Offset,Start_Chainage,End_LRP,End_Offset,End_Chainage,Length_km,Heavy_Truck,Medium_Truck,Small_Truck,Large_Bus,Medium_Bus,Micro_Bus,Utility,Car,Auto_Rickshaw,Motor_Cycle,Bi_Cycle,Cycle_Rickshaw,Cart,Motorized,Non_Motorized,Total_AADT,AADT,Road
N1-1L,Jatrabari - Int.with Z1101 (Left) (Left),LRPS,0,0,LRPS,822,0.822,0.822,402.0,5842.0,1147.0,2842.0,526.0,2010.0,238.0,1851.0,2980.0,398.0,232.0,889.0,0.0,18236.0,1121.0,19357.0,19357.0,N1
N1-1L,Jatrabari - Int.with Z1101 (Left) (Left),LRPS,0,0,LRPS,822,0.822,0.822,402.0,5842.0,1147.0,2842.0,526.0,2010.0,238.0,1851.0,2980.0,398.0,232.0,889.0,0.0,18236.0,1121.0,19357.0,19357.0,N1
N1-1L,Jatrabari - Int.with Z1101 (Left) (Left),LRPS,0,0,LRPS,822,0.822,0.822,402.0,5842.0,1147.0,2842.0,526.0,2010.0,238.0,1851.0,2980.0,398.0,232.0,889.0,0.0,18236.0,1121.0,19357.0,19357.0,N1
N1-1R,Jatrabari - Int.with Z1101 (Left) (Right),LRPS,0,0,LRPS,822,0.822,0.822,660.0,6155.0,1554.0,2744.0,971.0,2120.0,480.0,2608.0,2508.0,436.0,213.0,1088.0,0.0,20236.0,1301.0,21537.0,21537.0,N1
N1-2L,Int.with Z1101 - Signboard (Left) R111 (Left),LRPS,822,0.822,LRPS,4175,4.175,3.353,660.0,6155.0,1554.0,2744.0,971.0,2120.0,480.0,2608.0,2508.0,436.0,213.0,1088.0,0.0,20236.0,1301.0,21537.0,21537.0,N1
N1-2R,Int.with Z1101 - Signboard (Left) R111 (Right),LRPS,822,0.822,LRPS,4175,4.175,3.353,402.0,5842.0,1147.0,2842.0,526.0,2010.0,238.0,1851.0,2980.0,398.0,232.0,889.0,0.0,18236.0,1121.0,19357.0,19357.0,N1
N1-3L,Signboard - Shimrail (Left)R110 (Left),LRPS,4175,4.175,LRPS,7181,7.181,3.006,91.0,2706.0,2184.0,2534.0,1773.0,1643.0,314.0,1690.0,2266.0,1087.0,75.0,1198.0,0.0,16288.0,1273.0,17561.0,17561.0,N1
N1-3R,Signboard - Shimrail (Left)R110 (Right),LRPS,4175,4.175,LRPS,7181,7.181,3.006,85.0,2544.0,2053.0,2412.0,1688.0,1564.0,298.0,1609.0,2157.0,1035.0,72.0,1140.0,0.0,15445.0,1212.0,16657.0,16657.0,N1
N1-4L,Shimrail  - Katchpur  (Left)N2 (Left),LRPS,7181,7.181,LRP009,260,8.763,1.582,174.0,2905.0,1360.0,2576.0,1356.0,1415.0,320.0,1579.0,3154.0,1162.0,211.0,1077.0,0.0,16001.0,1288.0,17289.0,17289.0,N1
N1-4R,Shimrail  - Katchpur  (Left)N2 (Right),LRPS,7181,7.181,LRP009,260,8.763,1.582,153.0,2955.0,1566.0,2438.0,1456.0,1299.0,345.0,1948.0,2693.0,1143.0,517.0,1531.0,0.0,15996.0,2048.0,18044.0,18044.0,N1
N1-5L,Katchpur - Madanpur (Left)N105 (Left),LRP009,260,8.763,LRP012,439,11.936,3.173,174.0,4965.0,3478.0,3296.0,2791.0,1751.0,249.0,1579.0,3154.0,1154.0,211.0,1077.0,0.0,22591.0,1288.0,23879.0,23879.0,N1
N1-5R,Katchpur - Madanpur (Left)N105 (Right),LRP009,260,8.763,LRP012,439,11.936,3.173,153.0,4419.0,3221.0,2880.0,2408.0,2787.0,345.0,2105.0,3080.0,1143.0,517.0,1531.0,0.0,22541.0,2048.0,24589.0,24589.0,N1
N1-6L,Madanpur - Langalband (Left)Z1061 (Left),LRP012,439,11.936,LRP013,3411,15.935,3.999,153.0,4419.0,3221.0,2880.0,2408.0,2787.0,345.0,2105.0,3080.0,1143.0,517.0,1531.0,0.0,22541.0,2048.0,24589.0,24589.0,N1
N1-6R,Madanpur - Langalband (Left)Z1061 (Right),LRP012,439,11.936,LRP013,3411,15.935,3.999,174.0,4965.0,3478.0,3296.0,2791.0,1751.0,249.0,1579.0,3154.0,1154.0,211.0,1077.0,0.0,22591.0,1288.0,23879.0,23879.0,N1
N1-7L,Langalband - Mograpara Chowrasta (Left)Z1089 (Left),LRP013,3411,15.935,LRP013,7520,20.044,4.109,153.0,4419.0,3221.0,2880.0,2408.0,2787.0,345.0,2105.0,3080.0,1143.0,517.0,1531.0,0.0,22541.0,2048.0,24589.0,24589.0,N1
N1-7R,Langalband - Mograpara Chowrasta (Left)Z1089 (Right),LRP013,3411,15.935,LRP013,7520,20.044,4.109,174.0,4965.0,3478.0,3296.0,2791.0,1751.0,249.0,1579.0,3154.0,1154.0,211.0,1077.0,0.0,22591.0,1288.0,23879.0,23879.0,N1
N1-8L,Mograpara(Int.with Z1089)-Meghna Bridge West End (Left) (Left),LRP013,7520,20.044,LRP022,1935,23.564,3.520,355.0,5314.0,1116.0,1401.0,726.0,1663.0,403.0,2137.0,1364.0,110.0,37.0,196.0,0.0,14589.0,233.0,14822.0,14822.0,N1
N1-8R,Mograpara(Int.with Z1089)-Meghna Bridge West End (Left) (Right),LRP013,7520,20.044,LRP022,1935,23.564,3.520,244.0,4999.0,1005.0,2019.0,684.0,1647.0,396.0,1961.0,1120.0,314.0,31.0,131.0,0.0,14389.0,162.0,14551.0,14551.0,N1
N1-9L,Meghna Bridge Satrt-Bhaberchar (Left) z1063 (Left),LRP022,1935,23.564,LRP031,162,30.936,7.372,244.0,4999.0,1005.0,2019.0,684.0,1647.0,396.0,1961.0,1120.0,314.0,31.0,131.0,0.0,14389.0,162.0,14551.0,14551.0,N1
N1-9R,Meghna Bridge Satrt-Bhaberchar (Left) z1063 (Right),LRP022,1935,23.564,LRP031,162,30.936,7.372,355.0,5314.0,1116.0,1401.0,726.0,1663.0,403.0,2137.0,1364.0,110.0,37.0,196.0,0.0,14589.0,233.0,14822.0,14822.0,N1
N1-10L,Bhaberchar(Int.with Z1063)-Daudkandi Bridge (Left) (Left),LRP031,162,30.936,LRP033,3664,36.271,5.335,355.0,5314.0,1116.0,1401.0,726.0,1663.0,403.0,2137.0,1364.0,110.0,37.0,196.0,0.0,14589.0,233.0,14822.0,14822.0,N1
N1-10R,Bhaberchar(Int.with Z1063)-Daudkandi Bridge (Left) (Right),LRP031,162,30.936,LRP033,3664,36.271,5.335,244.0,4999.0,1005.0,2019.0,684.0,1647.0,396.0,1961.0,1120.0,314.0,31.0,131.0,0.0,14389.0,162.0,14551.0,14551.0,N1
N1-11L,Daudkandi Bridge- Daudkandi Z1062 (Left),LRP033,3664,36.271,LRP033,5859,38.466,2.195,355.0,5314.0,1116.0,1401.0,726.0,1663.0,403.0,2137.0,1364.0,110.0,37.0,196.0,0.0,14589.0,233.0,14822.0,14822.0,N1
N1-11R,Daudkandi Bridge- Daudkandi Z1062 (Right),LRP033,3664,36.271,LRP033,5859,38.466,2.195,244.0,4999.0,1005.0,2019.0,684.0,1647.0,396.0,1961.0,1120.0,314.0,31.0,131.0,0.0,14389.0,162.0,14551.0,14551.0,N1
N1-12L,Daudkandi Z1062 - Pennai Z1053 (Left),LRP033,5859,38.466,LRP043,3119,45.388,6.922,348.0,4941.0,928.0,1627.0,632.0,695.0,397.0,1049.0,800.0,132.0,26.0,106.0,0.0,11549.0,132.0,11681.0,11681.0,N1
N1-12R,Daudkandi Z1062 - Pennai Z1053 (Right),LRP033,5859,38.466,LRP043,3119,45.388,6.922,359.0,4772.0,851.0,1637.0,566.0,699.0,398.0,1126.0,786.0,198.0,44.0,147.0,0.0,11392.0,191.0,11583.0,11583.0,N1
N1-13L,Pennai Z1053- Gouripur (Int.with Z1044) (Left),LRP043,3119,45.388,LRP043,4955,47.224,1.836,348.0,4941.0,928.0,1627.0,632.0,695.0,397.0,1049.0,800.0,132.0,26.0,106.0,0.0,11549.0,132.0,11681.0,11681.0,N1
N1-13R,Pennai Z1053- Gouripur (Int.with Z1044) (Right),LRP043,3119,45.388,LRP043,4955,47.224,1.836,359.0,4772.0,851.0,1637.0,566.0,699.0,398.0,1126.0,786.0,198.0,44.0,147.0,0.0,11392.0,191.0,11583.0,11583.0,N1
N1-14L,Gouripur (Int.with Z1044) - Eliotganj Z1042 (Left),LRP043,4955,47.224,LRP043,13208,55.477,8.253,359.0,4772.0,851.0,1637.0,566.0,699.0,398.0,1126.0,786.0,198.0,44.0,147.0,0.0,11392.0,191.0,11583.0,11583.0,N1
N1-14R,Gouripur (Int.with Z1044) - Eliotganj Z1042 (Right),LRP043,4955,47.224,LRP043,13208,55.477,8.253,348.0,4941.0,928.0,1627.0,632.0,695.0,397.0,1049.0,800.0,132.0,26.0,106.0,0.0,11549.0,132.0,11681.0,11681.0,N1
N1-15L,Eliotganj Z1042- Madhaya Z1017 (Left),LRP043,13208,55.477,LRP043,20009,62.278,6.801,348.0,4941.0,928.0,1627.0,632.0,695.0,397.0,1049.0,800.0,132.0,26.0,106.0,0.0,11549.0,132.0,11681.0,11681.0,N1
N1-15R,Eliotganj Z1042- Madhaya Z1017 (Right),LRP043,13208,55.477,LRP043,20009,62.278,6.801,359.0,4772.0,851.0,1637.0,566.0,699.0,398.0,1126.0,786.0,198.0,44.0,147.0,0.0,11392.0,191.0,11583.0,11583.0,N1
N1-16L,Madhaya Z1017 - Chandina Z1022 (Left),LRP043,20009,62.278,LRP067,3912,69.638,7.360,348.0,4941.0,928.0,1627.0,632.0,695.0,397.0,1049.0,800.0,132.0,26.0,106.0,0.0,11549.0,132.0,11681.0,11681.0,N1
N1-16R,Madhaya Z1017 - Chandina Z1022 (Right),LRP043,20009,62.278,LRP067,3912,69.638,7.360,359.0,4772.0,851.0,1637.0,566.0,699.0,398.0,1126.0,786.0,198.0,44.0,147.0,0.0,11392.0,191.0,11583.0,11583.0,N1
N1-17L,Chandina Z1022 - Nimsar  (Int.with Z1219 & Z1028)  (Left),LRP067,3912,69.638,LRP076,1760,75.589,5.951,308.0,5253.0,680.0,1824.0,454.0,959.0,393.0,1215.0,1997.0,617.0,128.0,174.0,0.0,13700.0,302.0,14002.0,14002.0,N1
N1-17R,Chandina Z1022 - Nimsar  (Int.with Z1219 & Z1028)  (Right),LRP067,3912,69.638,LRP076,1760,75.589,5.951,336.0,5605.0,763.0,1863.0,474.0,1037.0,415.0,1042.0,1906.0,492.0,96.0,184.0,0.0,13933.0,280.0,14213.0,14213.0,N1
N1-18L,Nimsar (Int.with Z1219 & Z1028) - Mainamati N102 (Left),LRP076,1760,75.589,LRP076,8017,81.846,6.257,308.0,5253.0,680.0,1824.0,454.0,959.0,393.0,1215.0,1997.0,617.0,128.0,174.0,0.0,13700.0,302.0,14002.0,14002.0,N1
N1-18R,Nimsar (Int.with Z1219 & Z1028) - Mainamati N102 (Right),LRP076,1760,75.589,LRP076,8017,81.846,6.257,336.0,5605.0,763.0,1863.0,474.0,1037.0,415.0,1042.0,1906.0,492.0,96.0,184.0,0.0,13933.0,280.0,14213.0,14213.0,N1
N1-19L,Mainamati  N102- Int.with Z1029 (Left),LRP076,8017,81.846,LRP076,12068,85.897,4.051,308.0,5253.0,680.0,1824.0,454.0,959.0,393.0,1215.0,1997.0,617.0,128.0,174.0,0.0,13700.0,302.0,14002.0,14002.0,N1
N1-19R,Mainamati  N102- Int.with Z1029 (Right),LRP076,8017,81.846,LRP076,12068,85.897,4.051,336.0,5605.0,763.0,1863.0,474.0,1037.0,415.0,1042.0,1906.0,492.0,96.0,184.0,0.0,13933.0,280.0,14213.0,14213.0,N1
N1-20L,Int.with Z1029 - Int.with Z1052 (Left),LRP076,12068,85.897,LRP076,13537,87.366,1.469,308.0,5253.0,680.0,1824.0,454.0,959.0,393.0,1215.0,1997.0,617.0,128.0,174.0,0.0,13700.0,302.0,14002.0,14002.0,N1
N1-20R,Int.with Z1029 - Int.with Z1052 (Right),LRP076,12068,85.897,LRP076,13537,87.366,1.469,336.0,5605.0,763.0,1863.0,474.0,1037.0,415.0,1042.0,1906.0,492.0,96.0,184.0,0.0,13933.0,280.0,14213.0,14213.0,N1
N1-21L,Int.with Z1052 - Changani (Kotbari) (Left),LRP076,13537,87.366,LRP091,897,89.41,2.044,294.0,5781.0,770.0,1356.0,307.0,516.0,257.0,732.0,1429.0,384.0,72.0,144.0,0.0,11826.0,216.0,12042.0,12042.0,N1
N1-21R,Int.with Z1052 - Changani (Kotbari) (Right),LRP076,13537,87.366,LRP091,897,89.41,2.044,321.0,5542.0,848.0,1306.0,321.0,522.0,282.0,825.0,1412.0,370.0,64.0,143.0,0.0,11749.0,207.0,11956.0,11956.0,N1
N1-22L,Changani (Kotbari) - Paduar Bazar Biswa Rd. R140 (Left),LRP091,897,89.41,LRP093,1090,91.583,2.173,294.0,5781.0,770.0,1356.0,307.0,516.0,257.0,732.0,1429.0,384.0,72.0,144.0,0.0,11826.0,216.0,12042.0,12042.0,N1
N1-22R,Changani (Kotbari) - Paduar Bazar Biswa Rd. R140 (Right),LRP091,897,89.41,LRP093,1090,91.583,2.173,321.0,5542.0,848.0,1306.0,321.0,522.0,282.0,825.0,1412.0,370.0,64.0,143.0,0.0,11749.0,207.0,11956.0,11956.0,N1
N1-23L,Paduar Bazar Biswa Rd. R140 - Miabazar Z1046 (Left),LRP093,1090,91.583,LRP105,3631,105.879,14.296,294.0,5781.0,770.0,1356.0,307.0,516.0,257.0,732.0,1429.0,384.0,72.0,144.0,0.0,11826.0,216.0,12042.0,12042.0,N1
N1-23R,Paduar Bazar Biswa Rd. R140 - Miabazar Z1046 (Right),LRP093,1090,91.583,LRP105,3631,105.879,14.296,321.0,5542.0,848.0,1306.0,321.0,522.0,282.0,825.0,1412.0,370.0,64.0,143.0,0.0,11749.0,207.0,11956.0,11956.0,N1
N1-24L,Miabazar Z1046 - Chauddagram(Int.with Z1045) (Left),LRP105,3631,105.879,LRP105,17450,119.698,13.819,294.0,5781.0,770.0,1356.0,307.0,516.0,257.0,732.0,1429.0,384.0,72.0,144.0,0.0,11826.0,216.0,12042.0,12042.0,N1
N1-24R,Miabazar Z1046 - Chauddagram(Int.with Z1045) (Right),LRP105,3631,105.879,LRP105,17450,119.698,13.819,321.0,5542.0,848.0,1306.0,321.0,522.0,282.0,825.0,1412.0,370.0,64.0,143.0,0.0,11749.0,207.0,11956.0,11956.0,N1
N1-25L,Chauddagram(Int.with Z1045)-Md. Ali bazar (Int.with Z1031) (Left),LRP105,17450,119.698,LRP142,230,138.869,19.171,459.0,3515.0,726.0,761.0,304.0,688.0,251.0,508.0,929.0,324.0,33.0,121.0,0.0,8465.0,154.0,8619.0,8619.0,N1
N1-25R,Chauddagram(Int.with Z1045)-Md. Ali bazar (Int.with Z1031) (Right),LRP105,17450,119.698,LRP142,230,138.869,19.171,398.0,3838.0,863.0,780.0,314.0,674.0,306.0,589.0,760.0,353.0,36.0,115.0,0.0,8875.0,151.0,9026.0,9026.0,N1
N1-26L,Md. Ali bazar (Int.with Z1031)-Int.with Z1031 (Left),LRP142,230,138.869,LRP143,500,140.251,1.382,459.0,3515.0,726.0,761.0,304.0,688.0,251.0,508.0,929.0,324.0,33.0,121.0,0.0,8465.0,154.0,8619.0,8619.0,N1
N1-26R,Md. Ali bazar (Int.with Z1031)-Int.with Z1031 (Right),LRP142,230,138.869,LRP143,500,140.251,1.382,398.0,3838.0,863.0,780.0,314.0,674.0,306.0,589.0,760.0,353.0,36.0,115.0,0.0,8875.0,151.0,9026.0,9026.0,N1
N1-27L,Int.with Z1031 - Elahiganj (Feni) Z1030 (Left),LRP143,500,140.251,LRP146,240,143.034,2.783,626.0,4617.0,1156.0,1923.0,588.0,791.0,216.0,716.0,1212.0,331.0,92.0,228.0,0.0,12176.0,320.0,12496.0,12496.0,N1
N1-27R,Int.with Z1031 - Elahiganj (Feni) Z1030 (Right),LRP143,500,140.251,LRP146,240,143.034,2.783,728.0,4991.0,1253.0,2234.0,667.0,1164.0,249.0,813.0,1676.0,426.0,148.0,235.0,0.0,14201.0,383.0,14584.0,14584.0,N1
N1-28L,Elahiganj (Feni)  Z1030- Feni (Int.with N104) (Left),LRP146,240,143.034,LRP147,1614,145.409,2.375,728.0,4991.0,1253.0,2234.0,667.0,1164.0,249.0,813.0,1676.0,426.0,148.0,235.0,0.0,14201.0,383.0,14584.0,14584.0,N1
N1-28R,Elahiganj (Feni)  Z1030- Feni (Int.with N104) (Right),LRP146,240,143.034,LRP147,1614,145.409,2.375,626.0,4617.0,1156.0,1923.0,588.0,791.0,216.0,716.0,1212.0,331.0,92.0,228.0,0.0,12176.0,320.0,12496.0,12496.0,N1
N1-29L,Feni (Int.with N104) - Feni Shahid Minar (Int.with Z1034) (Left),LRP147,1614,145.409,LRP152,448,149.289,3.880,355.0,5555.0,1533.0,1572.0,630.0,1141.0,285.0,980.0,1252.0,415.0,89.0,199.0,0.0,13718.0,288.0,14006.0,14006.0,N1
N1-29R,Feni (Int.with N104) - Feni Shahid Minar (Int.with Z1034) (Right),LRP147,1614,145.409,LRP152,448,149.289,3.880,350.0,5976.0,1656.0,1618.0,669.0,1185.0,355.0,1071.0,1266.0,409.0,96.0,196.0,0.0,14555.0,292.0,14847.0,14847.0,N1
N1-30L,Feni Shahid Minar( Int.with Z1034)-Fazilpur (Z1081) (Left),LRP152,448,149.289,LRP160,738,157.685,8.396,393.0,4967.0,1201.0,1656.0,293.0,775.0,282.0,973.0,840.0,207.0,224.0,188.0,0.0,11587.0,412.0,11999.0,11999.0,N1
N1-30R,Feni Shahid Minar( Int.with Z1034)-Fazilpur (Z1081) (Right),LRP152,448,149.289,LRP160,738,157.685,8.396,437.0,5132.0,981.0,1477.0,239.0,613.0,235.0,833.0,847.0,187.0,200.0,141.0,0.0,10981.0,341.0,11322.0,11322.0,N1
N1-31L,Fazilpur Z1081 - Muhuriganj Z1032 (Left),LRP160,738,157.685,LRP164,619,161.582,3.897,355.0,5555.0,1533.0,1572.0,630.0,1141.0,285.0,980.0,1252.0,415.0,89.0,199.0,0.0,13718.0,288.0,14006.0,14006.0,N1
N1-31R,Fazilpur Z1081 - Muhuriganj Z1032 (Right),LRP160,738,157.685,LRP164,619,161.582,3.897,350.0,5976.0,1656.0,1618.0,669.0,1185.0,355.0,1071.0,1266.0,409.0,96.0,196.0,0.0,14555.0,292.0,14847.0,14847.0,N1
N1-32L,Muhuriganj Z1032-Baraiyerhat R151 (Left),LRP164,619,161.582,LRP164,6720,167.683,6.101,366.0,3877.0,1050.0,1313.0,539.0,752.0,319.0,770.0,2247.0,371.0,109.0,251.0,0.0,11604.0,360.0,11964.0,11964.0,N1
N1-32R,Muhuriganj Z1032-Baraiyerhat R151 (Right),LRP164,619,161.582,LRP164,6720,167.683,6.101,376.0,4095.0,978.0,1358.0,526.0,765.0,277.0,770.0,2304.0,292.0,75.0,282.0,0.0,11741.0,357.0,12098.0,12098.0,N1
N1-33L,Baraiyerhat R151- Mirersarai Z1021 (Left),LRP164,6720,167.683,LRP164,20501,181.464,13.781,366.0,3877.0,1050.0,1313.0,539.0,752.0,319.0,770.0,2247.0,371.0,109.0,251.0,0.0,11604.0,360.0,11964.0,11964.0,N1
N1-33R,Baraiyerhat R151- Mirersarai Z1021 (Right),LRP164,6720,167.683,LRP164,20501,181.464,13.781,376.0,4095.0,978.0,1358.0,526.0,765.0,277.0,770.0,2304.0,292.0,75.0,282.0,0.0,11741.0,357.0,12098.0,12098.0,N1
N1-34L,Mirersarai Z1021 - Baroirdala Z1086 (Left),LRP164,20501,181.464,LRP197,1120,194.603,13.139,366.0,3877.0,1050.0,1313.0,539.0,752.0,319.0,770.0,2247.0,371.0,109.0,251.0,0.0,11604.0,360.0,11964.0,11964.0,N1
N1-34R,Mirersarai Z1021 - Baroirdala Z1086 (Right),LRP164,20501,181.464,LRP197,1120,194.603,13.139,376.0,4095.0,978.0,1358.0,526.0,765.0,277.0,770.0,2304.0,292.0,75.0,282.0,0.0,11741.0,357.0,12098.0,12098.0,N1
N1-35L,Baroirdala Z1086- Barabkunda Z1087 (Left),LRP197,1120,194.603,LRP209,486,206.402,11.799,986.0,5219.0,1000.0,1499.0,561.0,881.0,230.0,831.0,2864.0,451.0,93.0,288.0,0.0,14522.0,381.0,14903.0,14903.0,N1
N1-35R,Baroirdala Z1086- Barabkunda Z1087 (Right),LRP197,1120,194.603,LRP209,486,206.402,11.799,1217.0,5230.0,1456.0,1648.0,654.0,843.0,247.0,775.0,2735.0,415.0,109.0,350.0,0.0,15220.0,459.0,15679.0,15679.0,N1
N1-36L,Barabkunda Z1087-Fouzderhat Z1016 (Left),LRP209,486,206.402,LRP225,6400,228.406,22.004,986.0,5219.0,1000.0,1499.0,561.0,881.0,230.0,831.0,2864.0,451.0,93.0,288.0,0.0,14522.0,381.0,14903.0,14903.0,N1
N1-36R,Barabkunda Z1087-Fouzderhat Z1016 (Right),LRP209,486,206.402,LRP225,6400,228.406,22.004,1217.0,5230.0,1456.0,1648.0,654.0,843.0,247.0,775.0,2735.0,415.0,109.0,350.0,0.0,15220.0,459.0,15679.0,15679.0,N1
N1-37,Fouzderhat Z1016 - Alonker Cinema Hall (Chittagong),LRP225,6400,228.406,LRP225,10748,232.754,4.348,21.0,1105.0,808.0,898.0,621.0,987.0,194.0,694.0,2994.0,581.0,221.0,426.0,0.0,8903.0,647.0,9550.0,9550.0,N1
N1-38,Chittagong (Badderhat)-Maizzertek int with Z1804,LRP225,10748,232.754,LRP251,496,247.893,15.139,21.0,1105.0,808.0,898.0,621.0,987.0,194.0,694.0,2994.0,581.0,221.0,426.0,0.0,8903.0,647.0,9550.0,9550.0,N1
N1-39,Maizzertek Int with Z1804-Sikolbaha Int with Z1018,LRP251,496,247.893,LRP251,3048,250.445,2.552,21.0,1105.0,808.0,898.0,621.0,987.0,194.0,694.0,2994.0,581.0,221.0,426.0,0.0,8903.0,647.0,9550.0,9550.0,N1
N1-40,Sikolbaha Int with Z1018-Santirhat Int. with Z1071,LRP251,3048,250.445,LRP251,5559,252.956,2.511,21.0,1105.0,808.0,898.0,621.0,987.0,194.0,694.0,2994.0,581.0,221.0,426.0,0.0,8903.0,647.0,9550.0,9550.0,N1
N1-41,Santirhat Int. with Z1071 - Int. with Z1070,LRP251,5559,252.956,LRP259,726,255.725,2.769,21.0,1105.0,808.0,898.0,621.0,987.0,194.0,694.0,2994.0,581.0,221.0,426.0,0.0,8903.0,647.0,9550.0,9550.0,N1
N1-42,Int. with Z1070 - Mansertek(Int.with N107),LRP259,726,255.725,LRP259,1810,256.809,1.084,30.0,1077.0,795.0,994.0,658.0,1483.0,305.0,658.0,3125.0,536.0,207.0,240.0,7.0,9661.0,454.0,10115.0,10115.0,N1
N1-43,Mansertek(Int.with N107)- Patiya (Int.with Z1059),LRP259,1810,256.809,LRP264,3734,263.744,6.935,30.0,1077.0,795.0,994.0,658.0,1483.0,305.0,658.0,3125.0,536.0,207.0,240.0,7.0,9661.0,454.0,10115.0,10115.0,N1
N1-44,Patiya (Int.with Z1059) - Patiya Dakbanglo (Int.with Z1057),LRP264,3734,263.744,LRP264,4060,264.07,0.326,24.0,1181.0,882.0,802.0,639.0,1307.0,196.0,840.0,4070.0,910.0,819.0,3156.0,0.0,10851.0,3975.0,14826.0,14826.0,N1
N1-45,Patiya Dakbanglo (Int.with Z1057) - Patiya (Int.with Z1039),LRP264,4060,264.07,LRP264,5400,265.41,1.340,24.0,1181.0,882.0,802.0,639.0,1307.0,196.0,840.0,4070.0,910.0,819.0,3156.0,0.0,10851.0,3975.0,14826.0,14826.0,N1
N1-46,Patiya (Int.with Z1039)-Khanhat Int.with Z1026,LRP264,5400,265.41,LRP277,1763,274.982,9.572,24.0,1181.0,882.0,802.0,639.0,1307.0,196.0,840.0,4070.0,910.0,819.0,3156.0,0.0,10851.0,3975.0,14826.0,14826.0,N1
N1-47,Khanhat Int.with Z1026 - Hashimpur Z1036,LRP277,1763,274.982,LRP281,700,278.013,3.031,23.0,786.0,1237.0,944.0,92.0,1267.0,109.0,811.0,6505.0,905.0,220.0,843.0,0.0,12679.0,1063.0,13742.0,13742.0,N1
N1-48,Hashimpur Z1036- Keranirhat N108,LRP281,700,278.013,LRP291,2558,289.612,11.599,23.0,786.0,1237.0,944.0,92.0,1267.0,109.0,811.0,6505.0,905.0,220.0,843.0,0.0,12679.0,1063.0,13742.0,13742.0,N1
N1-49,Keranirhat N108 - Int.with Z1019,LRP291,2558,289.612,LRP291,2920,289.974,0.362,23.0,786.0,1237.0,944.0,92.0,1267.0,109.0,811.0,6505.0,905.0,220.0,843.0,0.0,12679.0,1063.0,13742.0,13742.0,N1
N1-50,"Int.with Z1019 - Lohagara, Bara Aulia (Int.with Z1013)",LRP291,2920,289.974,LRP299,2769,297.441,7.467,23.0,786.0,1237.0,944.0,92.0,1267.0,109.0,811.0,6505.0,905.0,220.0,843.0,0.0,12679.0,1063.0,13742.0,13742.0,N1
N1-51,"Lohagara, Bara Aulia (Int.with Z1013) - Chunati R171",LRP299,2769,297.441,LRP312,171,307.582,10.141,42.0,2364.0,1215.0,1015.0,787.0,2025.0,345.0,1013.0,1668.0,779.0,642.0,728.0,0.0,11253.0,1370.0,12623.0,12623.0,N1
N1-52,Chunati R171 - Aziznagar Z1007,LRP312,171,307.582,LRP320,308,315.728,8.146,42.0,2364.0,1215.0,1015.0,787.0,2025.0,345.0,1013.0,1668.0,779.0,642.0,728.0,0.0,11253.0,1370.0,12623.0,12623.0,N1
N1-53,Aziznagar (Int.with Z1007)-Harbang (Int.with Z1124),LRP320,308,315.728,LRP321,63,316.356,0.628,42.0,2364.0,1215.0,1015.0,787.0,2025.0,345.0,1013.0,1668.0,779.0,642.0,728.0,0.0,11253.0,1370.0,12623.0,12623.0,N1
N1-54,Harbang (Int.with Z1124) - Ekatabazar Z1125,LRP321,63,316.356,LRP328,485,323.842,7.486,42.0,2364.0,1215.0,1015.0,787.0,2025.0,345.0,1013.0,1668.0,779.0,642.0,728.0,0.0,11253.0,1370.0,12623.0,12623.0,N1
N1-55,Ekatabazar Z1125 - Baraitali Int.with Z1002,LRP328,485,323.842,LRP331,844,327.188,3.346,44.0,774.0,249.0,749.0,144.0,1058.0,202.0,661.0,1133.0,552.0,233.0,267.0,0.0,5566.0,500.0,6066.0,6066.0,N1
N1-56,Baraitali Int.with Z1002-Int.with Z1126,LRP331,844,327.188,LRP335,500,330.874,3.686,44.0,774.0,249.0,749.0,144.0,1058.0,202.0,661.0,1133.0,552.0,233.0,267.0,0.0,5566.0,500.0,6066.0,6066.0,N1
N1-57,Int.with Z1126-Janatabazar (Int.with Z1127),LRP335,500,330.874,LRP336,764,332.066,1.192,44.0,774.0,249.0,749.0,144.0,1058.0,202.0,661.0,1133.0,552.0,233.0,267.0,0.0,5566.0,500.0,6066.0,6066.0,N1
N1-58,Janatabazar (Int.with Z1127) - Chokoria R172,LRP336,764,332.066,LRP336,1575,332.877,0.811,44.0,774.0,249.0,749.0,144.0,1058.0,202.0,661.0,1133.0,552.0,233.0,267.0,0.0,5566.0,500.0,6066.0,6066.0,N1
N1-59,Chokoria R172 - Faishakhali Z1005,LRP336,1575,332.877,LRP341,852,337.31,4.433,39.0,1009.0,549.0,784.0,238.0,1018.0,165.0,318.0,2511.0,1443.0,428.0,4183.0,0.0,8074.0,4611.0,12685.0,12685.0,N1
N1-60,Faishakhali Z1005- Dulahazra Z1130,LRP341,852,337.31,LRP348,96,343.559,6.249,35.0,595.0,159.0,412.0,136.0,760.0,118.0,109.0,1548.0,403.0,118.0,450.0,0.0,4275.0,568.0,4843.0,4843.0,N1
N1-61,Dulahazra Z1130-Khutakhali Z1131,LRP348,96,343.559,LRP354,509,350.054,6.495,35.0,595.0,159.0,412.0,136.0,760.0,118.0,109.0,1548.0,403.0,118.0,450.0,0.0,4275.0,568.0,4843.0,4843.0,N1
N1-62,Khutakhali Z1131 - Ramu (Int.with Z1001),LRP354,509,350.054,LRP376,57,370.982,20.928,35.0,595.0,159.0,412.0,136.0,760.0,118.0,109.0,1548.0,403.0,118.0,450.0,0.0,4275.0,568.0,4843.0,4843.0,N1
N1-63,Ramu (Int.with Z1001)-Ramu Intersection N109,LRP376,57,370.982,LRP378,593,373.475,2.493,35.0,595.0,159.0,412.0,136.0,760.0,118.0,109.0,1548.0,403.0,118.0,450.0,0.0,4275.0,568.0,4843.0,4843.0,N1
N1-64,Ramu Intersection N109 - Coxsbazar Link Road N110,LRP378,593,373.475,LRP386,724,381.481,8.006,35.0,595.0,159.0,412.0,136.0,760.0,118.0,109.0,1548.0,403.0,118.0,450.0,0.0,4275.0,568.0,4843.0,4843.0,N1
N1-65,Coxsbazar Link Road N110-Maricha Z1009,LRP386,724,381.481,LRP403,217,398.205,16.724,24.0,455.0,137.0,129.0,200.0,568.0,131.0,142.0,2476.0,419.0,97.0,1042.0,0.0,4681.0,1139.0,5820.0,5820.0,N1
N1-66,Maricha Z1009-Ukhia Dakbanglo Z1503,LRP403,217,398.205,LRP413,300,408.434,10.229,24.0,455.0,137.0,129.0,200.0,568.0,131.0,142.0,2476.0,419.0,97.0,1042.0,0.0,4681.0,1139.0,5820.0,5820.0,N1
N1-67,Ukhia Dakbanglo Z1503 - Gundum Z1504,LRP413,300,408.434,LRP420,900,416.044,7.610,24.0,455.0,137.0,129.0,200.0,568.0,131.0,142.0,2476.0,419.0,97.0,1042.0,0.0,4681.0,1139.0,5820.0,5820.0,N1
N1-68,GundumGundum Z1504 - Whykong Z1133,LRP420,900,416.044,LRP433,521,428.908,12.864,24.0,455.0,137.0,129.0,200.0,568.0,131.0,142.0,2476.0,419.0,97.0,1042.0,0.0,4681.0,1139.0,5820.0,5820.0,N1
N1-69,Whykong Z1133 - Teknaf,LRP433,521,428.908,LRP467,130,462.254,33.346,24.0,455.0,137.0,129.0,200.0,568.0,131.0,142.0,2476.0,419.0,97.0,1042.0,0.0,4681.0,1139.0,5820.0,5820.0,N1
N2-1,Katchpur-Tarabo (Int with R201),LRPS,0,0,LRP002,1147,2.313,2.313,239.0,4475.0,1996.0,3707.0,794.0,3417.0,446.0,3024.0,4643.0,567.0,409.0,942.0,0.0,23308.0,1351.0,24659.0,24659.0,N2
N2-1,Katchpur-Tarabo (Int with R201),LRPS,0,0,LRP002,1147,2.313,2.313,239.0,4475.0,1996.0,3707.0,794.0,3417.0,446.0,3024.0,4643.0,567.0,409.0,942.0,0.0,23308.0,1351.0,24659.0,24659.0,N2
N2-1,Katchpur-Tarabo (Int with R201),LRPS,0,0,LRP002,1147,2.313,2.313,239.0,4475.0,1996.0,3707.0,794.0,3417.0,446.0,3024.0,4643.0,567.0,409.0,942.0,0.0,23308.0,1351.0,24659.0,24659.0,N2
N2-2,Tarabo(Int with R 201)-Barpa(Int. with Z1090 LGED Road),LRP002,1147,2.313,LRP006,900,6.076,3.763,227.0,4684.0,1904.0,1466.0,1026.0,1513.0,637.0,1458.0,3517.0,813.0,190.0,522.0,0.0,17245.0,712.0,17957.0,17957.0,N2
N2-3,Barpa(Int. with Z1090 LGED Road)-Bhulta (Int.with R202),LRP006,900,6.076,LRP011,915,11.111,5.035,237.0,4415.0,1904.0,1451.0,1018.0,1422.0,659.0,1473.0,4094.0,1075.0,393.0,3205.0,0.0,17748.0,3598.0,21346.0,21346.0,N2
N2-4,Bhulta (Int.with R202)-Bhulta (Int.with R203),LRP011,915,11.111,LRP011,1781,11.977,0.866,237.0,4415.0,1904.0,1451.0,1018.0,1422.0,659.0,1473.0,4094.0,1075.0,393.0,3205.0,0.0,17748.0,3598.0,21346.0,21346.0,N2
N2-5,Bhulta (Int.with R203)-Panchdona (Int.with R301),LRP011,1781,11.977,LRP030,999,30.225,18.248,244.0,1432.0,1041.0,961.0,1220.0,1068.0,152.0,1098.0,3128.0,899.0,218.0,1142.0,0.0,11243.0,1360.0,12603.0,12603.0,N2
N2-6,Panchdona-Shahepratap(Int.with R210),LRP030,999,30.225,LRP033,1280,33.536,3.311,70.0,1743.0,976.0,2192.0,437.0,1319.0,84.0,1392.0,2708.0,1305.0,304.0,651.0,0.0,12226.0,955.0,13181.0,13181.0,N2
N2-7,Shahepratap(Int.with R210)-Itakhola(Int.with R211),LRP033,1280,33.536,LRP042,1831,43.097,9.561,70.0,1743.0,976.0,2192.0,437.0,1319.0,84.0,1392.0,2708.0,1305.0,304.0,651.0,0.0,12226.0,955.0,13181.0,13181.0,N2
N2-8,Itakhola-Morgal (Int.with Z2042),LRP042,1831,43.097,LRP055,280,54.606,11.509,201.0,2039.0,974.0,1779.0,222.0,1030.0,242.0,859.0,2158.0,387.0,52.0,64.0,0.0,9891.0,116.0,10007.0,10007.0,N2
N2-9,Morgal (Int.with Z2042)-Narayanpur (Int.with Z2032),LRP055,280,54.606,LRP064,621,63.969,9.363,436.0,1971.0,896.0,1936.0,87.0,1104.0,266.0,808.0,3037.0,610.0,153.0,489.0,0.0,11151.0,642.0,11793.0,11793.0,N2
N2-10,Narayanpur (Int.with Z2032)-Bhairab (Int.with R360),LRP064,621,63.969,LRP069,2478,70.576,6.607,436.0,1971.0,896.0,1936.0,87.0,1104.0,266.0,808.0,3037.0,610.0,153.0,489.0,0.0,11151.0,642.0,11793.0,11793.0,N2
N2-11,Bhairab (Int.with R360)-Ashuganj (Int.with Z2031),LRP069,2478,70.576,LRP069,5435,73.533,2.957,436.0,1971.0,896.0,1936.0,87.0,1104.0,266.0,808.0,3037.0,610.0,153.0,489.0,0.0,11151.0,642.0,11793.0,11793.0,N2
N2-12,"Ashuganj (Int.with Z2031)-Kathirhat, Sarail (Int.with N102)",LRP069,5435,73.533,LRP086,710,85.823,12.290,329.0,1465.0,1081.0,1000.0,217.0,598.0,118.0,534.0,3351.0,690.0,389.0,843.0,0.0,9383.0,1232.0,10615.0,10615.0,N2
N2-13,"Kathirhat, Sarail (Int.with N102)-Sarail (Int.with R220)",LRP086,710,85.823,LRP086,1300,86.413,0.590,205.0,2203.0,596.0,1632.0,294.0,1402.0,162.0,398.0,3816.0,331.0,164.0,443.0,0.0,11039.0,607.0,11646.0,11646.0,N2
N2-14,Sarail (Int.with R220)-Jagadishpur(Int.with N204),LRP086,1300,86.413,LRP117,378,116.294,29.881,205.0,2203.0,596.0,1632.0,294.0,1402.0,162.0,398.0,3816.0,331.0,164.0,443.0,0.0,11039.0,607.0,11646.0,11646.0,N2
N2-15,Jagadishpur(Int.with N204)-Shaistaganj (Int.with N204),LRP117,378,116.294,LRP142,278,141.309,25.015,270.0,1818.0,958.0,1045.0,179.0,1178.0,196.0,764.0,1170.0,493.0,53.0,79.0,0.0,8071.0,132.0,8203.0,8203.0,N2
N2-16,Shaistaganj (Int.with N204)-Mirpur (Int.with N207),LRP142,278,141.309,LRP146,920,145.961,4.652,206.0,4176.0,708.0,1765.0,178.0,1494.0,298.0,1159.0,1975.0,721.0,170.0,415.0,0.0,12680.0,585.0,13265.0,13265.0,N2
N2-17,Mirpur (Int.with N207)-Auskandi (Int.with R240),LRP146,920,145.961,LRP182,527,181.657,35.696,338.0,1131.0,391.0,888.0,54.0,964.0,296.0,1058.0,1784.0,325.0,68.0,162.0,33.0,7229.0,263.0,7492.0,7492.0,N2
N2-18,Auskandi (Int.with R240)-Auskandi (Int.with R241),LRP182,527,181.657,LRP186,600,185.77,4.113,338.0,1131.0,391.0,888.0,54.0,964.0,296.0,1058.0,1784.0,325.0,68.0,162.0,33.0,7229.0,263.0,7492.0,7492.0,N2
N2-19,Auskandi (Int.with R241)-Sherpur (Int.with N207),LRP186,600,185.77,LRP191,672,190.892,5.122,321.0,669.0,504.0,961.0,36.0,911.0,183.0,621.0,1932.0,386.0,197.0,353.0,6.0,6524.0,556.0,7080.0,7080.0,N2
N2-20,Sherpur (Int.with N207)-Tajpur(Int.with Z2022),LRP191,672,190.892,LRP205,750,205.083,14.191,321.0,669.0,504.0,961.0,36.0,911.0,183.0,621.0,1932.0,386.0,197.0,353.0,6.0,6524.0,556.0,7080.0,7080.0,N2
N2-21,Tajpur(Int.with Z2022)-Rashidpur(Int.with Z2016),LRP205,750,205.083,LRP216,414,215.832,10.749,198.0,1089.0,529.0,1163.0,412.0,1183.0,455.0,991.0,3948.0,846.0,329.0,546.0,0.0,10814.0,875.0,11689.0,11689.0,N2
N2-22,Rashidpur(Int.with Z2016)-Int.with R283,LRP216,414,215.832,LRP224,571,224.044,8.212,198.0,1089.0,529.0,1163.0,412.0,1183.0,455.0,991.0,3948.0,846.0,329.0,546.0,0.0,10814.0,875.0,11689.0,11689.0,N2
N2-23,Int.with R283-Chandipole (Int.with Z2013),LRP224,571,224.044,LRP225,900,225.373,1.329,83.0,613.0,573.0,441.0,405.0,1002.0,49.0,356.0,3665.0,447.0,367.0,579.0,0.0,7634.0,946.0,8580.0,8580.0,N2
N2-24,Chandipole (Int.with Z2013)-Mominkhola (Int.with N208),LRP225,900,225.373,LRP226,2264,227.757,2.384,83.0,613.0,573.0,441.0,405.0,1002.0,49.0,356.0,3665.0,447.0,367.0,579.0,0.0,7634.0,946.0,8580.0,8580.0,N2
N2-25,Mominkhola (Int.with N208)-Nayarpool(Int.with N206),LRP226,2264,227.757,LRP229,2095,229.888,2.131,83.0,613.0,573.0,441.0,405.0,1002.0,49.0,356.0,3665.0,447.0,367.0,579.0,0.0,7634.0,946.0,8580.0,8580.0,N2
N2-26,Nayarpool(Int.with N206)-Int. with N210,LRP229,2095,229.888,LRP238,1040,237.923,8.035,466.0,1425.0,360.0,8.0,190.0,1010.0,119.0,337.0,653.0,525.0,139.0,328.0,0.0,5093.0,467.0,5560.0,5560.0,N2
N2-27,Int. with N210-Darbast(Int. with Z2011),LRP238,1040,237.923,LRP263,129,262.122,24.199,466.0,1425.0,360.0,8.0,190.0,1010.0,119.0,337.0,653.0,525.0,139.0,328.0,0.0,5093.0,467.0,5560.0,5560.0,N2
N2-28,Darbast(Int. with Z2011)-Tamabil(Int.with N212),LRP263,129,262.122,LRP282,1155,282.098,19.976,453.0,1322.0,435.0,7.0,269.0,910.0,131.0,335.0,874.0,372.0,203.0,356.0,0.0,5108.0,559.0,5667.0,5667.0,N2
N2-29,Tamabil(Int.with N212)-Jaflong,LRP282,1155,282.098,LRP287,578,286.516,4.418,462.0,1142.0,427.0,17.0,264.0,817.0,131.0,318.0,753.0,412.0,186.0,311.0,0.0,4743.0,497.0,5240.0,5240.0,N2
N102-1,Mainamati-Kangsanagar (Intersection with Z1219),LRPS,0,0,LRP009,1110,10.206,10.206,231.0,1170.0,336.0,285.0,197.0,224.0,421.0,164.0,5450.0,621.0,196.0,413.0,0.0,9099.0,609.0,9708.0,9708.0,N102
N102-1,Mainamati-Kangsanagar (Intersection with Z1219),LRPS,0,0,LRP009,1110,10.206,10.206,231.0,1170.0,336.0,285.0,197.0,224.0,421.0,164.0,5450.0,621.0,196.0,413.0,0.0,9099.0,609.0,9708.0,9708.0,N102
N102-1,Mainamati-Kangsanagar (Intersection with Z1219),LRPS,0,0,LRP009,1110,10.206,10.206,231.0,1170.0,336.0,285.0,197.0,224.0,421.0,164.0,5450.0,621.0,196.0,413.0,0.0,9099.0,609.0,9708.0,9708.0,N102
N102-2,Kangsanagar (Int with Z1219)-Debidduar (Int with Z1008),LRP009,1110,10.206,LRP018,2570,20.658,10.452,231.0,1170.0,336.0,285.0,197.0,224.0,421.0,164.0,5450.0,621.0,196.0,413.0,0.0,9099.0,609.0,9708.0,9708.0,N102
N102-3,Debiduar (Int with Z1008)- Companiganj (Int with Z1205),LRP018,2570,20.658,LRP024,1242,25.473,4.815,231.0,1170.0,336.0,285.0,197.0,224.0,421.0,164.0,5450.0,621.0,196.0,413.0,0.0,9099.0,609.0,9708.0,9708.0,N102
N102-4,Companiganj (Int with Z1205) - Mirpur (Int with Z1041),LRP024,1242,25.473,LRP038,408,38.866,13.393,346.0,840.0,575.0,457.0,46.0,436.0,107.0,231.0,2525.0,483.0,124.0,507.0,0.0,6046.0,631.0,6677.0,6677.0,N102
N102-5,Mirpur (Int with Z1041)- Kuti (Int with Z1201),LRP038,408,38.866,LRP042,1928,44.427,5.561,346.0,840.0,575.0,457.0,46.0,436.0,107.0,231.0,2525.0,483.0,124.0,507.0,0.0,6046.0,631.0,6677.0,6677.0,N102
N102-6,Kuti (Int with Z1201)- Dharkhar (Int with Z1202),LRP042,1928,44.427,LRP055,1143,56.883,12.456,346.0,840.0,575.0,457.0,46.0,436.0,107.0,231.0,2525.0,483.0,124.0,507.0,0.0,6046.0,631.0,6677.0,6677.0,N102
N102-7,Dharkhar (Int with Z1202)-Sultanpur (Int with Z1216),LRP055,1143,56.883,LRP062,169,63.061,6.178,346.0,840.0,575.0,457.0,46.0,436.0,107.0,231.0,2525.0,483.0,124.0,507.0,0.0,6046.0,631.0,6677.0,6677.0,N102
N102-8,Sultanpur (Int with Z1216)-Kuatali(Int. with N103),LRP062,169,63.061,LRP070,419,71.456,8.395,98.0,1352.0,1152.0,718.0,189.0,874.0,177.0,512.0,5591.0,858.0,209.0,1041.0,0.0,11521.0,1250.0,12771.0,12771.0,N102
N102-9,Kuatali(Int. with N103)-Gathuria(Int. with N103),LRP070,419,71.456,LRP070,6234,77.271,5.815,98.0,1352.0,1152.0,718.0,189.0,874.0,177.0,512.0,5591.0,858.0,209.0,1041.0,0.0,11521.0,1250.0,12771.0,12771.0,N102
N102-10,"Gathuria(Int. with N103)-Sarail(Kathihat, int. with N2)",LRP070,6234,77.271,LRPE,0,83.382,6.111,98.0,1352.0,1152.0,718.0,189.0,874.0,177.0,512.0,5591.0,858.0,209.0,1041.0,0.0,11521.0,1250.0,12771.0,12771.0,N102
N104-1,Feni (Trank Road)-Feni (Mohipal Chourasta) Int. with N1,LRPS,0,0,LRPS,1878,1.878,1.878,90.0,675.0,406.0,217.0,379.0,517.0,61.0,174.0,4683.0,597.0,258.0,1328.0,0.0,7799.0,1586.0,9385.0,9385.0,N104
N104-1,Feni (Trank Road)-Feni (Mohipal Chourasta) Int. with N1,LRPS,0,0,LRPS,1878,1.878,1.878,90.0,675.0,406.0,217.0,379.0,517.0,61.0,174.0,4683.0,597.0,258.0,1328.0,0.0,7799.0,1586.0,9385.0,9385.0,N104
N104-1,Feni (Trank Road)-Feni (Mohipal Chourasta) Int. with N1,LRPS,0,0,LRPS,1878,1.878,1.878,90.0,675.0,406.0,217.0,379.0,517.0,61.0,174.0,4683.0,597.0,258.0,1328.0,0.0,7799.0,1586.0,9385.0,9385.0,N104
N104-2,Feni (Int. with N1)-Feni (Temohoni)Int.with Z1444,LRPS,1878,1.878,LRP004,270,4.35,2.472,90.0,675.0,406.0,217.0,379.0,517.0,61.0,174.0,4683.0,597.0,258.0,1328.0,0.0,7799.0,1586.0,9385.0,9385.0,N104
N104-3,Feni (Temohoni)Int.with Z1444-Selonia (Int.with Z1443),LRP004,270,4.35,LRP008,485,8.315,3.965,90.0,675.0,406.0,217.0,379.0,517.0,61.0,174.0,4683.0,597.0,258.0,1328.0,0.0,7799.0,1586.0,9385.0,9385.0,N104
N104-4,Selonia(Int.with Z1443)-Daganbhuiyan (Int.with Z1441),LRP008,485,8.315,LRP014,994,14.809,6.494,90.0,675.0,406.0,217.0,379.0,517.0,61.0,174.0,4683.0,597.0,258.0,1328.0,0.0,7799.0,1586.0,9385.0,9385.0,N104
N104-5,Daganbhuiyan (Int.with Z1441)-Tulatali (Int.with Z1030),LRP014,994,14.809,LRP017,230,17.13,2.321,67.0,820.0,426.0,322.0,205.0,281.0,44.0,90.0,4147.0,768.0,332.0,1228.0,8.0,7170.0,1568.0,8738.0,8738.0,N104
N104-6,Tulatali (Int.with Z1030)- Kallandi (Int.with Z1421),LRP017,230,17.13,LRP023,923,23.823,6.693,67.0,820.0,426.0,322.0,205.0,281.0,44.0,90.0,4147.0,768.0,332.0,1228.0,8.0,7170.0,1568.0,8738.0,8738.0,N104
N104-7,Kallandi (Int.with Z1421)-  Chowmohoni (Int.with Z1420),LRP023,923,23.823,LRP032,2120,34.12,10.297,67.0,820.0,426.0,322.0,205.0,281.0,44.0,90.0,4147.0,768.0,332.0,1228.0,8.0,7170.0,1568.0,8738.0,8738.0,N104
N104-8,Chowmohoni (Int.with Z1420)-Chowmohoni (Int.with R142 & R140),LRP032,2120,34.12,LRP032,4033,36.033,1.913,67.0,820.0,426.0,322.0,205.0,281.0,44.0,90.0,4147.0,768.0,332.0,1228.0,8.0,7170.0,1568.0,8738.0,8738.0,N104
N104-9,Chowmohoni (Int.with R142 & R140)-Maijdee Bazar(Int.with R143),LRP032,4033,36.033,LRP042,1230,43.03,6.997,46.0,1263.0,625.0,975.0,565.0,755.0,147.0,357.0,3066.0,1066.0,270.0,447.0,0.0,8865.0,717.0,9582.0,9582.0,N104
N104-10,Maijdee Bazar(Int.with R143)-Maijdee(Int.with Z1429),LRP042,1230,43.03,LRP044,1380,45.2,2.170,46.0,1263.0,625.0,975.0,565.0,755.0,147.0,357.0,3066.0,1066.0,270.0,447.0,0.0,8865.0,717.0,9582.0,9582.0,N104
N104-11,Maijdee(Int.with Z1429)-Sonapur,LRP044,1380,45.2,LRPE,0,49.63,4.430,19.0,675.0,496.0,502.0,496.0,479.0,132.0,393.0,3681.0,1025.0,446.0,542.0,0.0,7898.0,988.0,8886.0,8886.0,N104
N105-1,"Madanpur (13th km of N1)-Nayapur, Bostail (Int.with R114)",LRPS,0,0,LRP006,181,6.309,6.309,338.0,3887.0,774.0,98.0,131.0,793.0,294.0,619.0,5625.0,552.0,145.0,1648.0,0.0,13111.0,1793.0,14904.0,14904.0,N105
N105-1,"Madanpur (13th km of N1)-Nayapur, Bostail (Int.with R114)",LRPS,0,0,LRP006,181,6.309,6.309,338.0,3887.0,774.0,98.0,131.0,793.0,294.0,619.0,5625.0,552.0,145.0,1648.0,0.0,13111.0,1793.0,14904.0,14904.0,N105
N105-1,"Madanpur (13th km of N1)-Nayapur, Bostail (Int.with R114)",LRPS,0,0,LRP006,181,6.309,6.309,338.0,3887.0,774.0,98.0,131.0,793.0,294.0,619.0,5625.0,552.0,145.0,1648.0,0.0,13111.0,1793.0,14904.0,14904.0,N105
N105-2,"Nayapur, Bostail(Int.with R114)-Bhulta (Int.with N2)",LRP006,181,6.309,LRP012,546,12.803,6.494,245.0,3444.0,1481.0,20.0,0.0,1159.0,102.0,954.0,2332.0,659.0,180.0,1011.0,0.0,10396.0,1191.0,11587.0,11587.0,N105
N105-3,Bhulta (Int.with N2)-Purbachal Road,LRP012,546,12.803,LRP020d,0,21.221,8.418,223.0,4762.0,1090.0,60.0,19.0,944.0,101.0,1275.0,2563.0,484.0,64.0,249.0,0.0,11521.0,313.0,11834.0,11834.0,N105
N105-4,Purbachal Road- Ulukhola (Int.with Z3010),LRP020d,0,21.221,LRP028,895,28.61,7.389,320.0,3715.0,1155.0,1.0,0.0,928.0,102.0,804.0,1144.0,622.0,102.0,363.0,0.0,8791.0,465.0,9256.0,9256.0,N105
N105-5,Ulukhola (Int.with Z3010)-Mirer Bazar (Int.with R301),LRP028,895,28.61,LRP035,1289,36.158,7.548,320.0,3715.0,1155.0,1.0,0.0,928.0,102.0,804.0,1144.0,622.0,102.0,363.0,0.0,8791.0,465.0,9256.0,9256.0,N105
N105-6,Mirer Bazar (Int.with R301)-Vogra Bypass(Int.with N3),LRP035,1289,36.158,LRP045,1118,45.998,9.840,320.0,3715.0,1155.0,1.0,0.0,928.0,102.0,804.0,1144.0,622.0,102.0,363.0,0.0,8791.0,465.0,9256.0,9256.0,N105
N105-7,Vogra Bypass(Int.with N3)-End of Road (Int.with N4),LRP045,1118,45.998,LRPE,0,48.881,2.883,328.0,3092.0,1796.0,351.0,309.0,1381.0,181.0,1240.0,1243.0,452.0,149.0,1353.0,0.0,10373.0,1502.0,11875.0,11875.0,N105
N106-1,Chittagong (Oxygen More)-Hathazari (Int. with R160),LRPS,0,0,LRP010,2084,12.192,12.192,12.0,2672.0,709.0,757.0,741.0,750.0,289.0,1063.0,8817.0,1355.0,234.0,393.0,0.0,17165.0,627.0,17792.0,17792.0,N106
N106-1,Chittagong (Oxygen More)-Hathazari (Int. with R160),LRPS,0,0,LRP010,2084,12.192,12.192,12.0,2672.0,709.0,757.0,741.0,750.0,289.0,1063.0,8817.0,1355.0,234.0,393.0,0.0,17165.0,627.0,17792.0,17792.0,N106
N106-1,Chittagong (Oxygen More)-Hathazari (Int. with R160),LRPS,0,0,LRP010,2084,12.192,12.192,12.0,2672.0,709.0,757.0,741.0,750.0,289.0,1063.0,8817.0,1355.0,234.0,393.0,0.0,17165.0,627.0,17792.0,17792.0,N106
N106-2,Hathazari (Int. with R160)-Gohira(Int.with Z1619),LRP010,2084,12.192,LRP018,1533,19.321,7.129,0.0,776.0,362.0,197.0,220.0,281.0,217.0,296.0,5481.0,1078.0,576.0,943.0,0.0,8908.0,1519.0,10427.0,10427.0,N106
N106-3,Gohira(Int.with Z1619)-Munshihat (Int.with Z1629),LRP018,1533,19.321,LRP024,828,24.297,4.976,0.0,776.0,362.0,197.0,220.0,281.0,217.0,296.0,5481.0,1078.0,576.0,943.0,0.0,8908.0,1519.0,10427.0,10427.0,N106
N106-4,Munshihat (Int.with Z1629)-Raozan (Int.with Z1012),LRP024,828,24.297,LRP025,820,25.278,0.981,0.0,776.0,362.0,197.0,220.0,281.0,217.0,296.0,5481.0,1078.0,576.0,943.0,0.0,8908.0,1519.0,10427.0,10427.0,N106
N106-5,Raozan (Int.with Z1012)-Ranirhat (Int.with Z1613),LRP025,820,25.278,LRP039,690,37.25,11.972,0.0,342.0,189.0,195.0,120.0,184.0,418.0,103.0,520.0,372.0,0.0,0.0,0.0,2443.0,0.0,2443.0,2443.0,N106
N106-6,Ranirhat (Int.with Z1613)-Gabtoli (Int.with Z1617),LRP039,690,37.25,LRP044,296,41.825,4.575,0.0,342.0,189.0,195.0,120.0,184.0,418.0,103.0,520.0,372.0,0.0,0.0,0.0,2443.0,0.0,2443.0,2443.0,N106
N106-7,Gabtoli (Int.with Z1617)-Ghagra (Int. with R161),LRP044,296,41.825,LRP051,147,48.879,7.054,0.0,342.0,189.0,195.0,120.0,184.0,418.0,103.0,520.0,372.0,0.0,0.0,0.0,2443.0,0.0,2443.0,2443.0,N106
N106-8,Ghagra (Int. with R161)-Manikchhari(Int. with R162),LRP051,147,48.879,LRP059,566,57.303,8.424,0.0,92.0,127.0,56.0,104.0,103.0,83.0,35.0,904.0,471.0,0.0,0.0,0.0,1975.0,0.0,1975.0,1975.0,N106
N106-9,Manikchhari(Int. with R162)-Rangamati,LRP059,566,57.303,LRPE,0,66.85,9.547,0.0,92.0,127.0,56.0,104.0,103.0,83.0,35.0,904.0,471.0,0.0,0.0,0.0,1975.0,0.0,1975.0,1975.0,N106
N204-1,Jagadishpur-Chunarughat (Int.with Z2008),LRPS,0,0,LRP022,5439,25.449,25.449,0.0,176.0,190.0,31.0,38.0,204.0,43.0,92.0,1119.0,378.0,127.0,230.0,0.0,2271.0,357.0,2628.0,2628.0,N204
N204-1,Jagadishpur-Chunarughat (Int.with Z2008),LRPS,0,0,LRP022,5439,25.449,25.449,0.0,176.0,190.0,31.0,38.0,204.0,43.0,92.0,1119.0,378.0,127.0,230.0,0.0,2271.0,357.0,2628.0,2628.0,N204
N204-1,Jagadishpur-Chunarughat (Int.with Z2008),LRPS,0,0,LRP022,5439,25.449,25.449,0.0,176.0,190.0,31.0,38.0,204.0,43.0,92.0,1119.0,378.0,127.0,230.0,0.0,2271.0,357.0,2628.0,2628.0,N204
N204-2,Chunarughat (Int.with Z2008)-Shaisthaganj,LRP022,5439,25.449,LRPE,0,34.421,8.972,0.0,176.0,190.0,31.0,38.0,204.0,43.0,92.0,1119.0,378.0,127.0,230.0,0.0,2271.0,357.0,2628.0,2628.0,N204
N207-1,Mirpur-Natun Bazar (Int.with Z2008),LRPS,0,0,LRP001,1990,2.99,2.990,31.0,423.0,312.0,198.0,142.0,323.0,162.0,386.0,2594.0,467.0,141.0,150.0,0.0,5038.0,291.0,5329.0,5329.0,N207
N207-1,Mirpur-Natun Bazar (Int.with Z2008),LRPS,0,0,LRP001,1990,2.99,2.990,31.0,423.0,312.0,198.0,142.0,323.0,162.0,386.0,2594.0,467.0,141.0,150.0,0.0,5038.0,291.0,5329.0,5329.0,N207
N207-1,Mirpur-Natun Bazar (Int.with Z2008),LRPS,0,0,LRP001,1990,2.99,2.990,31.0,423.0,312.0,198.0,142.0,323.0,162.0,386.0,2594.0,467.0,141.0,150.0,0.0,5038.0,291.0,5329.0,5329.0,N207
N207-2,Natun Bazar (Int.with Z2008)-Srimongal  (Int.with Z2003),LRP001,1990,2.99,LRP024,464,24.319,21.329,31.0,423.0,312.0,198.0,142.0,323.0,162.0,386.0,2594.0,467.0,141.0,150.0,0.0,5038.0,291.0,5329.0,5329.0,N207
N207-3,Srimongal (Int.with Z2003)-Moulvibazar (Int.with N208),LRP024,464,24.319,LRP043,12,42.917,18.598,31.0,423.0,312.0,198.0,142.0,323.0,162.0,386.0,2594.0,467.0,141.0,150.0,0.0,5038.0,291.0,5329.0,5329.0,N207
N207-4,Moulvibazar (Int.with N208)-Sherpur,LRP043,12,42.917,LRPE,0,67.985,25.068,31.0,423.0,312.0,198.0,142.0,323.0,162.0,386.0,2594.0,467.0,141.0,150.0,0.0,5038.0,291.0,5329.0,5329.0,N207
N208-1,Moulvibazar-Int.with Z2002,LRPS,0,0,LRPS,3190,3.19,3.190,15.0,453.0,496.0,54.0,732.0,557.0,149.0,741.0,3194.0,1123.0,147.0,486.0,0.0,7514.0,633.0,8147.0,8147.0,N208
N208-1,Moulvibazar-Int.with Z2002,LRPS,0,0,LRPS,3190,3.19,3.190,15.0,453.0,496.0,54.0,732.0,557.0,149.0,741.0,3194.0,1123.0,147.0,486.0,0.0,7514.0,633.0,8147.0,8147.0,N208
N208-1,Moulvibazar-Int.with Z2002,LRPS,0,0,LRPS,3190,3.19,3.190,15.0,453.0,496.0,54.0,732.0,557.0,149.0,741.0,3194.0,1123.0,147.0,486.0,0.0,7514.0,633.0,8147.0,8147.0,N208
N208-2,Int.with Z2002-Rajnagar (Int.with R281),LRPS,3190,3.19,LRP012,1661,13.461,10.271,15.0,453.0,496.0,54.0,732.0,557.0,149.0,741.0,3194.0,1123.0,147.0,486.0,0.0,7514.0,633.0,8147.0,8147.0,N208
N208-3,Rajnagar(Int.with R281)-Daudabad (Int.with Z2832),LRP012,1661,13.461,LRP052,385,51.05,37.589,0.0,588.0,332.0,0.0,179.0,525.0,78.0,811.0,2233.0,582.0,88.0,73.0,0.0,5328.0,161.0,5489.0,5489.0,N208
N208-4,Daudabad (Int.with Z2832)-Royal City Chottor(int.with N210),LRP052,385,51.05,LRP054,677,53.342,2.292,0.0,588.0,332.0,0.0,179.0,525.0,78.0,811.0,2233.0,582.0,88.0,73.0,0.0,5328.0,161.0,5489.0,5489.0,N208
N208-5,Royal City Chottor(int.with N210)-Int.with N2,LRP054,677,53.342,LRP058,900,57.495,4.153,39.0,1324.0,828.0,76.0,1106.0,1055.0,77.0,778.0,2974.0,1231.0,695.0,822.0,47.0,9488.0,1564.0,11052.0,11052.0,N208
