bridge_id,road,name,condition,length,lat,lon,avg_trucks_crossed,broken_pct,norm_traffic,norm_connectivity,criticality_score,criticality_rank
2000378,N2,Bridge start,B,0,24.144916350000003,91.3367219,30351.6,50.33,1.0,1.0,1.0,1
2000366,N2,Bridge start,B,0,24.126937508732876,91.31902061729453,30351.0,50.33,0.9999802316846559,1.0,0.9999861621792592,2
2000374,N2,Bridge start,B,0,24.14177745,91.3270688,30350.7,50.33,0.9999703475269838,1.0,0.9999792432688885,3
2000370,N2,Bridge start,B,0,24.1358052,91.3235132,30350.6,50.33,0.9999670528077598,1.0,0.9999769369654319,4
2000360,N2,Bridge start,B,0,24.1122778,91.30495835,30349.1,50.33,0.9999176320193993,1.0,0.9999423424135794,5
2000346,N2,KHATABARI CULVERT,A,10,24.0850552,91.2836941,30348.8,50.33,0.9999077478617272,1.0,0.999935423503209,6
2000356,N2,Bridge start,B,0,24.10704165,91.29998595,30347.9,50.33,0.9998780953887111,1.0,0.9999146667720977,7
2000350,N2,Bridge start/ Start of Habiganj road Division / Bridge start/ Start of Habiganj road Division,B,0,24.0943608,91.2897358,30346.7,50.33,0.9998385587580227,1.0,0.9998869911306159,8
2000330,N2,Bridge start,B,0,24.05318055,91.24138855,30345.9,50.33,0.9998122010042305,1.0,0.9998685407029613,9
2000324,N2,Bridge start,B,0,24.04438855,91.2215132,30344.7,50.33,0.9997726643735422,1.0,0.9998408650614794,10
2000320,N2,Khilsima Bridge,C,27,24.04202745,91.214,30344.6,50.33,0.9997693696543181,1.0,0.9998385587580225,11
2000316,N2,KATAKHALI BRIDGE (2 bridges at crossing),A,34,24.04079135,91.2082083,30344.5,50.33,0.9997660749350941,1.0,0.9998362524545659,12
2000314,N2,RAMPUR P C GIRDER BRIDGE (2 bridges at crossing),C,64,24.0429997,91.2045,30342.9,50.33,0.9997133594275097,1.0,0.9997993515992567,13
2000306,N2,Bridge start,B,0,24.0428052,91.1804577,30342.6,50.33,0.9997034752698375,1.0,0.9997924326888863,14
2000303,N2,Chatol Bridge (2 bridges at crossing),A,27,24.045333,91.17723545,30342.5,50.33,0.9997001805506135,1.0,0.9997901263854294,15
2000297,N2,BARURA BOX CULVERT,A,12,24.05240275,91.1662361,30341.3,50.33,0.9996606439199252,1.0,0.9997624507439475,16
2000292,N2,Bridge start,B,0,24.0542222,91.1506111,30341.3,50.33,0.9996606439199252,1.0,0.9997624507439475,17
2000278,N2,Bridge start,B,0,24.0584028,91.1188049,30341.1,50.33,0.999654054481477,1.0,0.9997578381370338,18
2000284,N2,Bridge start,B,0,24.055875,91.1379719,30340.6,50.33,0.9996375808853569,1.0,0.9997463066197498,19
2000288,N2,BARIUSA RCC GIDER BRIDGE (2 bridges at crossing),C,43,24.054958300000003,91.14529135,30339.3,50.33,0.9995947495354446,1.0,0.9997163246748111,20
2000501,N2,BASHINA BOX CULVERT,C,2,24.2861663,91.4980552,28176.3,42.48,0.9283299727197248,0.8440294059209219,0.9030398026800839,21
2000497,N2,Bridge start,B,0,24.280041,91.48802745,28176.3,42.48,0.9283299727197248,0.8440294059209219,0.9030398026800839,22
2000491,N2,Bridge start,B,0,24.2708882,91.47883265,28173.0,42.48,0.9282212469853319,0.8440294059209219,0.9029636946660089,23
1000243,N1,Bridge start,B,0,23.4036528,91.21772155,25030.4,42.48,0.8246814006510366,0.8440294059209219,0.8304858022320021,24
1000252,N1,Bridge start,B,0,23.37786045,91.2404441,25030.4,42.48,0.8246814006510366,0.8440294059209219,0.8304858022320021,25
1000228,N1,Bridge start,B,0,23.42349935,91.163125,25028.6,42.48,0.824622095705004,0.8440294059209219,0.8304442887697794,26
1000259,N1,Bridge start,B,0,23.35854165,91.25329165,25028.0,42.48,0.8246023273896599,0.8440294059209219,0.8304304509490384,27
1000220,N1,Bridge start,B,0,23.4487358,91.14719415,25027.6,42.48,0.8245891485127638,0.8440294059209219,0.8304212257352112,28
1000235,N1,Bridge start,B,0,23.41308335,91.1847913,25027.6,42.48,0.8245891485127638,0.8440294059209219,0.8304212257352112,29
1000283,N1,Bridge start,B,0,23.29602745,91.29151355,25027.3,42.48,0.8245792643550917,0.8440294059209219,0.8304143068248407,30
1000276,N1,Bridge start,B,0,23.314847200000003,91.28451355,25027.2,42.48,0.8245759696358677,0.8440294059209219,0.8304120005213839,31
1000325,N1,Bridge start,B,0,23.16809655,91.3213604,25027.1,42.48,0.8245726749166435,0.8440294059209219,0.830409694217927,32
1000299,N1,Bridge start,B,0,23.24824965,91.30984725,25027.0,42.48,0.8245693801974197,0.8440294059209219,0.8304073879144703,33
1000355,N1,UTTOR KAIEATI CULVERT,A,4,23.08074935,91.35490275,25026.9,42.48,0.8245660854781957,0.8440294059209219,0.8304050816110135,34
1000272,N1,Bridge start,B,0,23.32412435,91.2791382,25026.8,42.48,0.8245627907589715,0.8440294059209219,0.8304027753075566,35
1000266,N1,Bridge start,B,0,23.33587465,91.2701799,25026.7,42.48,0.8245594960397475,0.8440294059209219,0.8304004690040998,36
1000212,N1,TIPRA BAZAR BOX CULVERT,A,1,23.4793327,91.1234716,25026.7,42.48,0.8245594960397475,0.8440294059209219,0.8304004690040998,37
1000319,N1,BOSONTA PUR BOX CULVERT,C,6,23.18665245,91.3212632,25025.9,42.48,0.8245331382859553,0.8440294059209219,0.8303820185764452,38
1000342,N1,FOKIR BAZAR SLAB CULVERT,B,4,23.1193049,91.3329993,25024.9,42.48,0.8245001910937151,0.8440294059209219,0.8303589555418771,39
1000334,N1,DIMATOLY (2) BOX CULVERT,B,4,23.1433886,91.326666,25024.2,42.48,0.8244771280591469,0.8440294059209219,0.8303428114176793,40
2000464,N2,SATANKONADI BRIDGE,A,3,24.27658265,91.4042639,29387.2,0.0,0.9682257278034767,0.0,0.6777580094624337,41
2000458,N2,SHARALDI BOX CULVERT,A,2,24.2710271,91.3923052,29385.4,0.0,0.9681664228574441,0.0,0.6777164960002109,42
2000453,N2,GORIPUR BOX CULVERT,B,3,24.2655278,91.3821382,29383.3,0.0,0.9680972337537396,0.0,0.6776680636276177,43
2000448,N2,CHARA BOX CULVERT,A,4,24.2585833,91.3780827,29383.0,0.0,0.9680873495960675,0.0,0.6776611447172471,44
2000429,N2,SHIBPUR BOX CULVERT,A,8,24.223166,91.3647222,29382.7,0.0,0.9680774654383955,0.0,0.6776542258068767,45
2000419,N2,SAHAPUR BOX CULVERT,A,3,24.21094445,91.3561111,29380.7,0.0,0.9680115710539149,0.0,0.6776080997377404,46
2000439,N2,RIAZ NAGAR BOX CULVERT,A,2,24.239871780645164,91.36895125558311,29380.7,0.0,0.9680115710539149,0.0,0.6776080997377404,47
2000417,N2,Shapur Bridge (2 bridges at crossing),A,30,24.2088889,91.3546944,29379.9,0.0,0.9679852133001227,0.0,0.6775896493100858,48
2000424,N2,HORI TOLA BOX CULVERT,A,7,24.2185827,91.36275,29379.6,0.0,0.9679753291424504,0.0,0.6775827303997153,49
2000408,N2,PATONPUR,A,6,24.191083,91.3505278,29377.9,0.0,0.9679193189156421,0.0,0.6775435232409495,50
2000399,N2,ITAKHOLA BOX CULVERT,A,3,24.1700827,91.3490274,29375.7,0.0,0.9678468350927135,0.0,0.6774927845648995,51
2000388,N2,JAGADISHPUR 2 BOX CULVERT,A,4,24.15425,91.3487774,29375.3,0.0,0.9678336562158173,0.0,0.6774835593510721,52
2000391,N2,BELGOR CULVERT,A,2,24.1592222,91.3489163,29374.6,0.0,0.9678105931812491,0.0,0.6774674152268743,53
2000396,N2,NARAONPUR CULVERT,A,8,24.1655278,91.3490274,29374.6,0.0,0.9678105931812491,0.0,0.6774674152268743,54
1000425,N1,CHAIRMEN BARI BOX CULVERT,A,2,22.8731382,91.5414441,16923.9,29.41,0.5575949867552288,0.5843433339956289,0.5656194909273489,55
1000411,N1,DumGhat Bridge(L) (2 bridges at crossing),A,222,22.91473615,91.5264021,16923.9,29.41,0.5575949867552288,0.5843433339956289,0.5656194909273489,56
1000435,N1,MAMAFOUN ASTANA CULVERT,A,2,22.856,91.5457219,16923.9,29.41,0.5575949867552288,0.5843433339956289,0.5656194909273489,57
1000430,N1,DHARBAR TILA CULVERT,A,4,22.86111772310757,91.54512584501992,16923.9,29.41,0.5575949867552288,0.5843433339956289,0.5656194909273489,58
1000437,N1,MAMAFAKIR ASTANA SLAB CULVERT,A,2,22.8550556,91.545833,16923.8,29.41,0.5575916920360047,0.5843433339956289,0.565617184623892,59
1000427,N1,MADDAM SONAPAR(1) BOX CULVERT,A,2,22.868416,91.5431663,16923.7,29.41,0.5575883973167807,0.5843433339956289,0.5656148783204351,60
1000432,N1,MADDUM SONAPHAR-3,A,2,22.8595833,91.5454719,16923.6,29.41,0.5575851025975567,0.5843433339956289,0.5656125720169782,61
1000381,N1,Bridge start,B,0,22.99612465,91.40058335,16923.3,29.41,0.5575752184398846,0.5843433339956289,0.5656056531066078,62
1000474,N1,VARTAKA BOX CULVERT,A,13,22.752569450000003,91.58941635,16923.3,29.41,0.5575752184398846,0.5843433339956289,0.5656056531066078,63
1000440,N1,MASTANNAGOR BONCUL(1),A,8,22.84848575,91.54640245,16923.2,29.41,0.5575719237206606,0.5843433339956289,0.565603346803151,64
1000445,N1,MASTARI HAGOR 3 CULVERT,A,2,22.8432497,91.5482219,16923.0,29.41,0.5575653342822124,0.5843433339956289,0.5655987341962374,65
1000541,N1,HATILOTA BOX CULVERT,A,4,22.5942219,91.6737771,16922.7,29.41,0.5575554501245404,0.5843433339956289,0.565591815285867,66
1000443,N1,MUSTAU NOGAR(2),A,3,22.8452219,91.5475274,16922.5,29.41,0.5575488606860923,0.5843433339956289,0.5655872026789532,67
1000450,N1,PURPU DURGAPURE BOX CUL,C,12,22.8239438,91.5528333,16922.4,29.41,0.5575455659668683,0.5843433339956289,0.5655848963754965,68
1000391,N1,Lemua Bridge(L) (2 bridges at crossing),C,99,22.96211115,91.4420969,16922.3,29.41,0.5575422712476443,0.5843433339956289,0.5655825900720397,69
1000552,N1,Bridge start,B,0,22.57312435,91.68313825,16922.2,29.41,0.5575389765284203,0.5843433339956289,0.5655802837685828,70
1000530,N1,MOHADAB PUR BOX CULVERT,A,3,22.6175271,91.65825,16922.2,29.41,0.5575389765284203,0.5843433339956289,0.5655802837685828,71
1000527,N1,MOHADAB PUR BOX CULVERT,A,3,22.6187632,91.6573611,16922.2,29.41,0.5575389765284203,0.5843433339956289,0.5655802837685828,72
1000522,N1,UTTOR SITAKONDO BAZAR BOX CULVERT,B,6,22.625916,91.6541389,16922.2,29.41,0.5575389765284203,0.5843433339956289,0.5655802837685828,73
1000556,N1,R. R TEXTAIL BOX CULVERT,A,4,22.5664722,91.6851663,16921.6,29.41,0.5575192082130761,0.5843433339956289,0.5655664459478419,74
1000546,N1,Bridge start,B,0,22.583583,91.67852715,16921.6,29.41,0.5575192082130761,0.5843433339956289,0.5655664459478419,75
1000402,N1,MUHURI BRIDGE (2 bridges at crossing),B,192,22.94962465,91.5017778,16921.4,29.41,0.5575126187746281,0.5843433339956289,0.5655618333409282,76
1000580,N1,Chotokumir Bridge (2 bridges at crossing),A,41,22.51295835,91.70815275,16921.3,29.41,0.557509324055404,0.5843433339956289,0.5655595270374714,77
1000512,N1,RONA SORA CULVERT,A,3,22.6543889,91.6381386,16921.3,29.41,0.557509324055404,0.5843433339956289,0.5655595270374714,78
1000501,N1,TARAT BOX CULVERT,A,6,22.6769438,91.6268327,16921.2,29.41,0.55750602933618,0.5843433339956289,0.5655572207340147,79
1000572,N1,Bridge start,B,0,22.519340703614457,91.70538219036143,16921.1,29.41,0.5575027346169559,0.5843433339956289,0.5655549144305578,80
1000576,N1,Bridge start,B,0,22.51636115,91.70666665,16920.8,29.41,0.5574928504592839,0.5843433339956289,0.5655479955201874,81
1000558,N1,Bridge start,B,0,22.56406945,91.6859302,16920.8,29.41,0.5574928504592839,0.5843433339956289,0.5655479955201874,82
1000564,N1,Bridge start,B,0,22.55023615,91.690333,16920.7,29.41,0.5574895557400599,0.5843433339956289,0.5655456892167305,83
1000587,N1,ROYL CIMINT GATE CULVETRT,A,4,22.507375,91.71059725,16920.2,29.41,0.5574730821439398,0.5843433339956289,0.5655341576994465,84
1000584,N1,Bridge start,B,0,22.50940275,91.70966665,16919.5,29.41,0.5574500191093715,0.5843433339956289,0.5655180135752487,85
1000606,N1,Bridge start,B,0,22.4587361,91.730416,16918.7,29.41,0.5574236613555793,0.5843433339956289,0.5654995631475941,86
1000592,N1,Bridge start,B,0,22.49686075,91.71559725,16918.6,29.41,0.5574203666363552,0.5843433339956289,0.5654972568441372,87
1000642,N1,Bridge start,B,0,22.37634854468085,91.77047963315604,16918.5,29.41,0.5574170719171313,0.5843433339956289,0.5654949505406806,88
1000630,N1,Bridge start,B,0,22.398833000000003,91.7576667,16918.2,29.41,0.5574071877594592,0.5843433339956289,0.5654880316303101,89
1000616,N1,Bridge start,B,0,22.430596549999997,91.74162465,16918.2,29.41,0.5574071877594592,0.5843433339956289,0.5654880316303101,90
1000599,N1,Bridge start,B,0,22.477416,91.72108265,16917.9,29.41,0.5573973036017871,0.5843433339956289,0.5654811127199396,91
1000636,N1,Bridge start,B,0,22.3889997,91.7606111,16917.7,29.41,0.5573907141633391,0.5843433339956289,0.565476500113026,92
1000611,N1,Bridge start,B,0,22.4423608,91.736708,16917.7,29.41,0.5573907141633391,0.5843433339956289,0.565476500113026,93
1000621,N1,Bridge start,B,0,22.418416,91.75056945,16917.6,29.41,0.557387419444115,0.5843433339956289,0.5654741938095691,94
2000021,N2,GOLA GANDE BRIDGE (2 bridges at crossing),B,18,23.7853886,90.5689993,20781.5,0.0,0.6846920755413224,0.0,0.4792844528789256,95
2000025,N2,SHAWGHAT BOX CULVERT,A,4,23.7891108,90.5741104,20780.8,0.0,0.6846690125067542,0.0,0.47926830875472787,96
2000029,N2,ADURI BOX CULVERT,B,5,23.7977219,90.5808882,20779.9,0.0,0.684639360033738,0.0,0.4792475520236166,97
2000032,N2,ADURI BOX CULVERT,B,4,23.8044167,90.5869163,20778.4,0.0,0.6845899392453776,0.0,0.4792129574717643,98
2000035,N2,BANTI BOX CULVERT,A,3,23.8141389,90.5946941,20777.8,0.0,0.6845701709300334,0.0,0.4791991196510233,99
2000037,N2,BANTI BRIDGE (2 bridges at crossing),C,72,23.817666,90.59812465,20776.9,0.0,0.6845405184570171,0.0,0.47917836291991195,100
2000041,N2,PATCHRUKHI CULVERT,C,3,23.8240271,90.6041389,20775.6,0.0,0.6844976871071047,0.0,0.47914838097497325,101
2000044,N2,PUTCHRUCLAI CULVERT,A,4,23.829666,90.6093056,20774.9,0.0,0.6844746240725366,0.0,0.47913223685077555,102
2000048,N2,SON PARA,B,8,23.83620332566845,90.6158264106952,20774.4,0.0,0.6844581504764164,0.0,0.4791207053334915,103
2000056,N2,PURINDHA BOX CULVERT,A,8,23.8498608,90.6315827,20773.8,0.0,0.6844383821610722,0.0,0.4791068675127505,104
2000051,N2,FURINGDIA BOX CULVERT,A,8,23.8420274,90.6225549,20773.6,0.0,0.6844317927226241,0.0,0.47910225490583686,105
2000054,N2,PURINDA BAZAR BOX CULVERT,A,4,23.8455274,90.6272216,20773.5,0.0,0.6844284980034002,0.0,0.47909994860238014,106
2000059,N2,SHAT GRAM BOX CULVERT,B,4,23.8552222,90.6386941,20772.9,0.0,0.6844087296880561,0.0,0.47908611078163926,107
2000063,N2,BAGBARI BOX CULVERT,A,4,23.8551389,90.6522778,20771.6,0.0,0.6843658983381437,0.0,0.4790561288367005,108
2000065,N2,RAINADI BOX CULVERT,A,4,23.8548333,90.6585556,20770.0,0.0,0.6843131828305592,0.0,0.4790192279813914,109
2000070,N2,NAWPARA BOX CULVERT,A,2,23.8539167,90.6673049,20769.0,0.0,0.684280235638319,0.0,0.47899616494682323,110
2000068,N2,KANDA PARA BOX CULVERT,A,4,23.8544722,90.6635,20768.3,0.0,0.6842571726037507,0.0,0.4789800208226255,111
2000077,N2,KURIRPARA BOX CULVERT,A,2,23.8774438,90.6666389,20765.1,0.0,0.6841517415885818,0.0,0.47890621911200726,112
2000079,N2,CHAITABOR BOX CULVERT,A,2,23.8818882,90.6665556,20764.4,0.0,0.6841286785540137,0.0,0.47889007498780956,113
2000084,N2,Panchdona Bridge (2 bridges at crossing),A,32,23.89365245,90.6669299,20763.5,0.0,0.6840990260809974,0.0,0.47886931825669815,114
2000087,N2,BOLTIRISH KANE CULVERT,B,3,23.8943052,90.6717771,20762.7,0.0,0.6840726683272053,0.0,0.4788508678290436,115
2000090,N2,SHIKANDI BOX CULVERT,C,2,23.8950552,90.6740827,20762.4,0.0,0.6840627841695331,0.0,0.47884394891867316,116
2000093,N2,UTTAR BAYANDA CULVERT,A,4,23.9048611,90.6851386,20760.8,0.0,0.6840100686619487,0.0,0.47880704806336405,117
2000100,N2,BAGDI BOX CULVERT,A,13,23.921666,90.6968886,20758.8,0.0,0.6839441742774681,0.0,0.47876092199422765,118
2000103,N2,BAGDI - 2 CULVERT,A,3,23.924166,90.699083,20757.9,0.0,0.6839145218044519,0.0,0.4787401652631163,119
2000106,N2,BASAIL BRIDGE OVER ROAD (2 bridges at crossing),A,25,23.930818799999997,90.70466665,20757.8,0.0,0.6839112270852278,0.0,0.4787378589596594,120
2000110,N2,Bala Nagar Bridge (2 bridges at crossing),A,61,23.939346899999997,90.7100139,20756.3,0.0,0.6838618062968674,0.0,0.4787032644078072,121
2000128,N2,ITAKHOLA CULVERT,A,2,23.977916,90.7312771,20754.2,0.0,0.6837926171931629,0.0,0.478654832035214,122
2000139,N2,Simbi Bridge (2 bridges at crossing),A,96,23.9939441,90.75952775,20751.1,0.0,0.683690480897218,0.0,0.4785833366280525,123
2000167,N2,Bitimargal Bridge (2 bridges at crossing),A,19,24.0401108,90.84301355,20739.1,0.0,0.6832951145903347,0.0,0.47830658021323424,124
2000175,N2,BRIDE OVER ARIAL RCC GIDER BRIDGE (2 bridges at crossing),C,140,24.047333,90.86272225,20737.3,0.0,0.6832358096443021,0.0,0.47826506675101144,125
2000178,N2,SHIBPUR RCC GIDER BRIDGE (2 bridges at crossing),A,39,24.0485413,90.8642639,20736.5,0.0,0.68320945189051,0.0,0.47824661632335697,126
2000185,N2,Khamachor Bridge (2 bridges at crossing),A,40,24.0514722,90.87436045,20736.2,0.0,0.6831995677328379,0.0,0.47823969741298644,127
2000192,N2,Noya Kandi Bridge (2 bridges at crossing),A,14,24.05293055,90.89891635,20734.5,0.0,0.6831435575060294,0.0,0.47820049025422057,128
2000196,N2,Patila Dua Bridge (2 bridges at crossing),A,13,24.0533056,90.90361115,20733.4,0.0,0.6831073155945651,0.0,0.4781751209161955,129
2000202,N2,NARAYAN PUR RCC GIDER BRIDGE (2 bridges at crossing),A,12,24.0547222,90.92137435,20731.4,0.0,0.6830414212100846,0.0,0.4781289948470592,130
2000209,N2,Mahmudabad Bridge (2 bridges at crossing),A,16,24.0565833,90.94598575,20730.0,0.0,0.6829952951409481,0.0,0.47809670659866366,131
2000217,N2,OLD BRAMMAPULRA,C,429,24.05733335,90.96331945,20729.1,0.0,0.6829656426679318,0.0,0.47807594986755225,132
2000221,N2,JAKANNATHPUR,A,4,24.0570139,90.9697771,20727.5,0.0,0.6829129271603475,0.0,0.4780390490122432,133
2000225,N2,KOMOLPUR CULVERT (1),C,6,24.0561944,90.9752216,20726.4,0.0,0.6828766852488831,0.0,0.47801367967421815,134
2000231,N2,NEAR BHAIRAB SLAB CULVERT,A,14,24.0508333,90.9901108,20726.0,0.0,0.682863506371987,0.0,0.47800445446039086,135
2000241,N2,SONARAMPUR,B,3,24.0373052,91.0073056,20723.1,0.0,0.6827679595144902,0.0,0.4779375716601431,136
2000248,N2,Sonarampur Bridge (2 bridges at crossing),C,80,24.03802745,91.0244993,20721.4,0.0,0.6827119492876818,0.0,0.4778983645013772,137
2000252,N2,SUNSRAMPUR CULVERT,A,3,24.0386941,91.0281938,20719.2,0.0,0.6826394654647532,0.0,0.4778476258253272,138
2000263,N2,BATHTOLA-2 BOX CULVERT,A,10,24.044833,91.0677771,20715.2,0.0,0.682507676695792,0.0,0.4777553736870544,139
2000771,N2,GRAM SHERPUR BRIDGE (2 bridges at crossing),A,17,24.623888200000003,91.67033265,20647.1,0.0,0.6802639729042291,0.0,0.47618478103296036,140
2000767,N2,Aminnagar Bridge (2 bridges at crossing),A,30,24.61699935,91.660125,20645.8,0.0,0.6802211415543168,0.0,0.4761547990880217,141
2000761,N2,Chaar Nopul (2 bridges at crossing),A,15,24.612875000000003,91.64426355,20642.8,0.0,0.6801222999775959,0.0,0.4760856099843171,142
2000757,N2,Umarpur Bridge (2 bridges at crossing),A,60,24.6134722,91.6350691,20642.4,0.0,0.6801091211006999,0.0,0.47607638477048986,143
2000752,N2,SYADPUR,A,7,24.6105556,91.6265549,20641.9,0.0,0.6800926475045798,0.0,0.4760648532532058,144
2000744,N2,Minazpur Bridge,A,73,24.60140275,91.6154861,20639.7,0.0,0.6800201636816511,0.0,0.4760141145771557,145
2000731,N2,Batapur Bridge (2 bridges at crossing),A,35,24.5849719,91.59972185,20636.2,0.0,0.6799048485088102,0.0,0.4759333939561671,146
2000727,N2,batapur,A,3,24.580791,91.5980969,20634.9,0.0,0.6798620171588978,0.0,0.47590341201122843,147
2000722,N2,RATUM PUR (3) (2 bridges at crossing),A,14,24.570822275949368,91.60283593924048,20633.4,0.0,0.6798125963705374,0.0,0.47586881745937615,148
2000716,N2,Dhaka Katpass Bridge (2 bridges at crossing),A,22,24.5628333,91.60275,20632.5,0.0,0.6797829438975211,0.0,0.47584806072826474,149
2000718,N2,Bridge start,B,0,24.566263900000003,91.6028333,20632.1,0.0,0.6797697650206249,0.0,0.4758388355144374,150
2000712,N2,DHAKA KHATENPASS BRIDGE,A,2,24.5565,91.6041667,20632.1,0.0,0.6797697650206249,0.0,0.4758388355144374,151
2000702,N2,Bizrapar Bridge (2 bridges at crossing),A,140,24.54799965,91.6055,20631.1,0.0,0.6797368178283847,0.0,0.4758157724798692,152
2000706,N2,Bridge start,B,0,24.55194445,91.60543055,20630.5,0.0,0.6797170495130406,0.0,0.47580193465912834,153
2000697,N2,SHADARGHAT 1,A,7,24.5417219,91.6045278,20630.2,0.0,0.6797071653553685,0.0,0.4757950157487579,154
2000709,N2,VHARDEV CULVERT,A,2,24.5538889,91.605125,20629.9,0.0,0.6796972811976965,0.0,0.47578809683838746,155
2000691,N2,SODORPUR NOTUNBAZAR,A,2,24.5372497,91.6016389,20629.4,0.0,0.6796808076015762,0.0,0.47577656532110335,156
2000689,N2,NALSUZA,A,2,24.5363052,91.6007222,20629.4,0.0,0.6796808076015762,0.0,0.47577656532110335,157
2000695,N2,SHADUGHAT,A,6,24.5398608,91.6040556,20628.8,0.0,0.679661039286232,0.0,0.47576272750036236,158
2000693,N2,DHAKA SHAISTAGANG HALIGAN,A,2,24.5386941,91.6030556,20628.8,0.0,0.679661039286232,0.0,0.47576272750036236,159
2000677,N2,ANGOOM BOX CUL,A,1,24.5248604,91.5916108,20627.3,0.0,0.6796116184978717,0.0,0.47572813294851013,160
2000683,N2,NORTH DEVPARA 2 CULVER,A,2,24.5333886,91.5982219,20627.1,0.0,0.6796050290594235,0.0,0.47572352034159643,161
2000685,N2,NOLSUZA 2 CULVERT,A,2,24.5347497,91.5991663,20627.1,0.0,0.6796050290594235,0.0,0.47572352034159643,162
2000679,N2,DEVPARA BOXCULVERT,A,2,24.526916,91.5935274,20627.0,0.0,0.6796017343401995,0.0,0.47572121403813966,163
2000673,N2,AUGON BOX CULVERT,A,4,24.52137435,91.5895691,20625.8,0.0,0.6795621977095112,0.0,0.4756935383966578,164
2000662,N2,GARIPUR,A,6,24.5055556,91.5848886,20624.4,0.0,0.6795160716403749,0.0,0.4756612501482624,165
2000666,N2,MALAR BATAR,B,8,24.5086944,91.5851663,20623.6,0.0,0.6794897138865825,0.0,0.47564279972060775,166
2000658,N2,DEWPARA CUVERT,A,2,24.4996941,91.5833608,20622.9,0.0,0.6794666508520145,0.0,0.47562665559641015,167
2000653,N2,MURAURA CULVERT,A,3,24.4969441,91.5815827,20622.3,0.0,0.6794468825366702,0.0,0.4756128177756691,168
2000639,N2,SATAIHUL,A,2,24.4915136,91.58001325,20621.2,0.0,0.679410640625206,0.0,0.4755874484376441,169
2000646,N2,MARAURA,A,2,24.4939997,91.5805827,20621.1,0.0,0.6794073459059818,0.0,0.47558514213418723,170
2000644,N2,SATAIHAL BOX CULVERT,A,3,24.4934719,91.5804716,20621.1,0.0,0.6794073459059818,0.0,0.47558514213418723,171
2000642,N2,SATAIHAL BOX CULVERT,A,3,24.4930274,91.580416,20621.1,0.0,0.6794073459059818,0.0,0.47558514213418723,172
2000651,N2,MARAURA CULVERT,A,3,24.4961663,91.5811104,20620.8,0.0,0.6793974617483098,0.0,0.4755782232238169,173
2000632,N2,SATAIHUL,A,1,24.4852774,91.5779716,20620.5,0.0,0.6793875775906377,0.0,0.47557130431344635,174
2000634,N2,SATHAIL CULVERT,A,2,24.4862774,91.5782771,20620.3,0.0,0.6793809881521897,0.0,0.47556669170653276,175
2000627,N2,KURGGUB BOX CULVERT,A,2,24.4798327,91.5762771,20619.8,0.0,0.6793645145560695,0.0,0.4755551601892486,176
2000629,N2,SATAIHULL,A,3,24.4821938,91.5769993,20619.1,0.0,0.6793414515215013,0.0,0.47553901606505083,177
2000618,N2,PANIUNDAPC GIRDIR (2 bridges at crossing),A,21,24.4694299,91.57372155,20617.9,0.0,0.679301914890813,0.0,0.4755113404235691,178
2000622,N2,KORAGU BOX CULVERT,A,6,24.4733049,91.57433265,20617.5,0.0,0.6792887360139169,0.0,0.47550211520974184,179
2000610,N2,VORGOU BOX CULVERT,A,6,24.4568333,91.5723882,20616.8,0.0,0.6792656729793487,0.0,0.4754859710855441,180
2000614,N2,BOROKADI BOX CULVERT,A,7,24.4605833,91.5744716,20615.7,0.0,0.6792294310678845,0.0,0.4754606017475191,181
2000597,N2,Rokonpur Bridge (2 bridges at crossing),B,20,24.4421663,91.5698604,20615.3,0.0,0.6792162521909882,0.0,0.47545137653369174,182
2000606,N2,BARIMA BOX CULVERT,C,4,24.4527222,91.5719993,20615.3,0.0,0.6792162521909882,0.0,0.47545137653369174,183
2000600,N2,RAKONPUR BOX CULVERT,A,4,24.4451108,91.57058265,20614.8,0.0,0.6791997785948681,0.0,0.4754398450164077,184
2000594,N2,BARO CHAR BOX CULVERT,A,3,24.439210435714287,91.56926966696427,20614.4,0.0,0.6791865997179721,0.0,0.47543061980258045,185
2000581,N2,SHUKCHAR,A,4,24.4220827,91.5675549,20612.9,0.0,0.6791371789296117,0.0,0.47539602525072816,186
2000585,N2,COLTANPUR BOX CULVERT,A,2,24.42624935,91.5682493,20612.0,0.0,0.6791075264565954,0.0,0.47537526851961676,187
2000576,N2,RAJSURAT BOX CULVERT,A,11,24.4166389,91.5661111,20611.7,0.0,0.6790976422989233,0.0,0.4753683496092463,188
2000578,N2,SHUKCHAR,A,2,24.41938386425532,91.56687635787236,20611.3,0.0,0.6790844634220272,0.0,0.475359124395419,189
2000568,N2,PUTA JURI BOX CULVERT,C,2,24.4060972,91.5648889,20610.8,0.0,0.679067989825907,0.0,0.4753475928781349,190
2000572,N2,PUTA JURI SCHOOL,A,3,24.4076111,91.5649167,20610.8,0.0,0.679067989825907,0.0,0.4753475928781349,191
2000566,N2,Putajuri Bridge (2 bridges at crossing),A,20,24.4034167,91.5644444,20609.4,0.0,0.6790218637567708,0.0,0.4753153046297395,192
2000562,N2,MONDUL KAFON,A,3,24.3974163,91.5618333,20608.8,0.0,0.6790020954414265,0.0,0.47530146680899854,193
2000557,N2,SHOURATUL,A,8,24.3902523321393,91.55708278676616,20607.9,0.0,0.6789724429684103,0.0,0.4752807100778872,194
2000553,N2,Bridge start,B,0,24.38201325,91.5514028,20607.5,0.0,0.6789592640915142,0.0,0.4752714848640599,195
2000547,N2,Bridge start,B,0,24.36826325,91.54462465,20605.5,0.0,0.6788933697070336,0.0,0.4752253587949235,196
2000540,N2,CHALTA BOX CULVERT,A,3,24.35368055,91.5381941,20602.8,0.0,0.6788044122879848,0.0,0.47516308860158935,197
2000531,N2,KABIR PUR,A,11,24.340333,91.5342497,20601.9,0.0,0.6787747598149686,0.0,0.475142331870478,198
2000534,N2,ISLAMABAD,A,3,24.3429719,91.5348052,20601.6,0.0,0.6787648756572965,0.0,0.47513541296010753,199
2000526,N2,JANJJALIA,A,1,24.3336663,91.5334997,20601.1,0.0,0.6787484020611764,0.0,0.4751238814428234,200
2000536,N2,KABIR PUR CULVERT,A,2,24.3459719,91.535333,20600.8,0.0,0.6787385179035043,0.0,0.47511696253245295,201
2000528,N2,JANNJALIA,A,4,24.3367497,91.5336108,20600.7,0.0,0.6787352231842803,0.0,0.4751146562289961,202
2000520,N2,Bridge start,B,0,24.32269375,91.53011045,20598.9,0.0,0.6786759182382478,0.0,0.4750731427667734,203
2000508,N2,MIRPUR BOX CULVERT,A,17,24.2978886,91.5111944,20596.0,0.0,0.678580371380751,0.0,0.4750062599665257,204
2000510,N2,MIRPUR BOX CULVERT,A,2,24.3004444,91.5119444,20595.6,0.0,0.6785671925038548,0.0,0.47499703475269833,205
2000905,N2,SYHAT RAIL LINE OVER BRIDGE (2 bridges at crossing),A,21,24.8772216,91.87362435,17547.8,0.0,0.5781507399939377,0.0,0.4047055179957564,206
2000896,N2,CHANDRIPUR,A,2,24.8681382,91.8601111,17546.8,0.0,0.5781177928016974,0.0,0.40468245496118815,207
2000898,N2,Daudpur,A,2,24.868416,91.8613611,17546.4,0.0,0.5781046139248014,0.0,0.404673229747361,208
2000902,N2,FIRUSPUR (2),B,2,24.8740271,91.8677493,17546.3,0.0,0.5781013192055773,0.0,0.4046709234439041,209
2000892,N2,BALIADIKONE CULVERT,A,2,24.8635278,91.8519444,17545.7,0.0,0.5780815508902332,0.0,0.4046570856231632,210
2000888,N2,Teli Bazar Bridge,A,41,24.861,91.84704135,17544.0,0.0,0.5780255406634247,0.0,0.4046178784643973,211
2000882,N2,KETLIL CULVERT,A,3,24.8584167,91.8384719,17543.0,0.0,0.5779925934711844,0.0,0.40459481542982906,212
2000885,N2,KETLI 2 CULVERT,A,3,24.85925,91.8412497,17542.4,0.0,0.5779728251558403,0.0,0.4045809776090882,213
2000877,N2,LALA BAZAR,B,3,24.8484997,91.8255271,17541.0,0.0,0.5779266990867039,0.0,0.4045486893606927,214
2000879,N2,LALA BAZAR,B,12,24.8515556,91.8296104,17540.5,0.0,0.5779102254905837,0.0,0.40453715784340855,215
2000874,N2,LALA BAZAR,A,2,24.8402774,91.8217216,17538.8,0.0,0.5778542152637752,0.0,0.4044979506846426,216
2000870,N2,LALA BAZAR (2 bridges at crossing),B,12,24.83624965,91.8203049,17538.6,0.0,0.5778476258253271,0.0,0.40449333807772897,217
2000867,N2,LALA BAZAR START,A,2,24.8267216,91.813,17536.2,0.0,0.5777685525639505,0.0,0.40443798679476534,218
2000862,N2,ROSID PUR BOX CULVERT,A,19,24.8118056,91.7924163,17533.4,0.0,0.5776763004256777,0.0,0.4043734102979744,219
2000856,N2,KUTUB PUR BOX CULVERT,A,2,24.8055,91.7906663,17532.2,0.0,0.5776367637949894,0.0,0.40434573465649254,220
2000859,N2,ROSID PUR,A,2,24.8075833,91.7912774,17531.8,0.0,0.5776235849180933,0.0,0.4043365094426653,221
2000853,N2,NAZIR BAZAR,C,12,24.7961386,91.7895274,17531.7,0.0,0.5776202901988693,0.0,0.4043342031392085,222
2000848,N2,KURRZ BAZAR BOX CULVERT,A,2,24.7890552,91.7876386,17530.5,0.0,0.577580753568181,0.0,0.40430652749772666,223
2000851,N2,AHAMAD NAGAR CULVERT,A,2,24.7915274,91.7891108,17530.1,0.0,0.5775675746912848,0.0,0.4042973022838994,224
2000846,N2,KURRA BAZR BOX CULVERT,A,2,24.7847219,91.7849719,17528.7,0.0,0.5775214486221485,0.0,0.4042650140355039,225
2000836,N2,DAYA MIR BOX CULVERT,A,2,24.7522778,91.7813327,17522.0,0.0,0.5773007024341386,0.0,0.40411049170389696,226
2000832,N2,MOHAMMAD PUR CULVERT,A,2,24.7436663,91.7768327,17521.8,0.0,0.5772941129956906,0.0,0.40410587909698337,227
2000826,N2,SIMMANPUR BOX CULVERT,A,2,24.7322493,91.7669438,17520.3,0.0,0.5772446922073301,0.0,0.404071284545131,228
2000829,N2,KASIKAPON BOX CULVERT,A,6,24.7350274,91.7702216,17520.1,0.0,0.577238102768882,0.0,0.4040666719382174,229
2000824,N2,CHANDPUR BOX CULVERT,A,7,24.7284993,91.7615,17518.8,0.0,0.5771952714189696,0.0,0.40403668999327874,230
2000820,N2,TAJPUR BAZAR BOX,A,3,24.722916,91.7530556,17518.4,0.0,0.5771820925420736,0.0,0.4040274647794515,231
2000816,N2,GOYNAGAT BOXCULVERT,A,8,24.7098056,91.7382497,17514.9,0.0,0.5770667773692326,0.0,0.4039467441584628,232
2000806,N2,BROMMON GRAM (2 bridges at crossing),A,24,24.68654135,91.7243743,17509.2,0.0,0.576878978373463,0.0,0.4038152848614241,233
2000801,N2,Narkila Bridge (2 bridges at crossing),A,25,24.68020765,91.72305485,17507.8,0.0,0.5768328523043267,0.0,0.40378299661302863,234
2000796,N2,Onish Mill Bridge (2 bridges at crossing),A,22,24.671291,91.7153889,17507.3,0.0,0.5768163787082065,0.0,0.4037714650957445,235
2000786,N2,Katen Bridge (2 bridges at crossing),A,26,24.64904135,91.69843025,17502.5,0.0,0.5766582321854532,0.0,0.4036607625298172,236
2000783,N2,SHALIPUR BRIDGE (2 bridges at crossing),C,161,24.6427219,91.69144415,17501.7,0.0,0.576631874431661,0.0,0.40364231210216267,237
2000778,N2,Bridge start,B,0,24.62995765,91.68033265,17499.2,0.0,0.5765495064510603,0.0,0.40358465451574216,238
1000035,N1,Madanpur Bridge.(L) (3 bridges at crossing),A,28,23.6854997,90.5512778,15593.6,0.0,0.5137653369179879,0.0,0.3596357358425915,239
1000042,N1,Langalbandhu bridge,B,0,23.65870835,90.57036045,15591.9,0.0,0.5137093266911794,0.0,0.3595965286838256,240
1000049,N1,Darikandi Bridge (R) (2 bridges at crossing),A,20,23.65398615,90.5773882,15590.8,0.0,0.5136730847797151,0.0,0.35957115934580053,241
1000046,N1,Bridge start,B,0,23.65594445,90.5744299,15590.3,0.0,0.513656611183595,0.0,0.35955962782851647,242
1000053,N1,DARIKANDI BRIDGE (R) (2 bridges at crossing),B,20,23.65079165,90.58281875,15588.8,0.0,0.5136071903952345,0.0,0.35952503327666413,243
1000061,N1,SHADIPUR BOX CULVERT,B,10,23.633833,90.59736075,15587.1,0.0,0.513551180168426,0.0,0.3594858261178982,244
1000067,N1,Bridge start,B,0,23.62336045,90.6061111,15586.7,0.0,0.5135380012915299,0.0,0.3594766009040709,245
1000070,N1,SANGAKADI CULVERT,B,6,23.61999935,90.60827775,15586.6,0.0,0.5135347065723059,0.0,0.35947429460061414,246
1000084,N1,Bridge end,B,0,23.58024935,90.64005525,15582.9,0.0,0.5134128019610169,0.0,0.3593889613727118,247
1000089,N1,Anarpara Bridge (L) (4 bridges at crossing),A,30,23.57199935,90.645208,15582.0,0.0,0.5133831494880007,0.0,0.35936820464160046,248
1000096,N1,Alipur bridge(R) (4 bridges at crossing),A,27,23.56031945,90.6543611,15580.6,0.0,0.5133370234188643,0.0,0.359335916393205,249
1000093,N1,Bridge start,B,0,23.56380555,90.6503333,15580.3,0.0,0.5133271392611921,0.0,0.3593289974828345,250
1000101,N1,Bhaber char Bridge(R) (4 bridges at crossing),A,30,23.5563333,90.659,15580.3,0.0,0.5133271392611921,0.0,0.3593289974828345,251
1000107,N1,NOYAPARA,A,5,23.5471802,90.66972155,15577.9,0.0,0.5132480659998155,0.0,0.35927364619987084,252
1000113,N1,Bridge start,B,0,23.5359719,90.6822493,15577.2,0.0,0.5132250029652473,0.0,0.3592575020756731,253
1000124,N1,Bridge start,B,0,23.531554900000003,90.7174854,15573.7,0.0,0.5131096877924064,0.0,0.35917678145468446,254
1000132,N1,Bridge start,B,0,23.5293882,90.7515,15571.0,0.0,0.5130207303733576,0.0,0.3591145112613503,255
1000146,N1,Bridge start,B,0,23.5309021,90.80425,15566.4,0.0,0.5128691732890523,0.0,0.3590084213023366,256
1000151,N1,Bridge start,B,0,23.534694100000003,90.825041,15563.3,0.0,0.5127670369931074,0.0,0.3589369258951752,257
1000161,N1,Bridge start,B,0,23.51320835,90.87047155,15559.1,0.0,0.5126286587856983,0.0,0.3588400611499888,258
1000190,N1,Bridge start,B,0,23.48899965,91.0121389,15545.9,0.0,0.5121937558481267,0.0,0.35853562909368863,259
1000015,N1,Kachpur bridge,B,0,23.7033472,90.51730525,11683.3,11.11,0.38493193110083157,0.220743095569243,0.335675280441355,260
5000087,N105,"Gazipur 17 km, Tangail 75 km, Bangabandhu 98 km, / Bridge start",B,0,23.917221849999997,90.46874935,11617.5,11.11,0.38276400585142134,0.220743095569243,0.3341577327667678,261
5000092,N105,DIRASURAM,A,13,23.9240549,90.4591944,11617.2,11.11,0.3827541216937493,0.220743095569243,0.3341508138563974,262
5000078,N105,SHAMMUDDA,A,4,23.899083,90.4819021,11615.7,11.11,0.3827047009053889,0.220743095569243,0.3341162193045451,263
5000073,N105,Ulukhola Bridge (2 bridges at crossing),A,175,23.8859163,90.4924441,11614.0,11.11,0.38264869067858037,0.220743095569243,0.3340770121457791,264
5000065,N105,ULAKOLA,A,209,23.871416,90.5068056,11612.5,11.11,0.38259926989022,0.220743095569243,0.33404241759392683,265
5000050,N105,CHAPRY,A,4,23.835958,90.5455413,11608.3,11.11,0.3824608916828108,0.220743095569243,0.33394555284874045,266
3000003,N102,PORISPUR BOX CULVERT,A,3,23.4866663,91.1133611,13592.0,0.0,0.44781823692984885,0.0,0.3134727658508942,267
3000007,N102,Brorechon,A,2,23.4937774,91.1064722,13590.4,0.0,0.4477655214222644,0.0,0.31343586499558507,268
3000009,N102,SHABAR BAZAR,A,2,23.496333,91.1059167,13590.2,0.0,0.4477589319838164,0.0,0.3134312523886715,269
3000011,N102,ZUMUR BOX CULVERT,A,1,23.4976941,91.1055833,13589.3,0.0,0.4477292795108001,0.0,0.3134104956575601,270
3000015,N102,DEAB POR SLAB CULVERT,B,2,23.5112222,91.0981108,13587.2,0.0,0.44766009040709553,0.0,0.31336206328496685,271
3000020,N102,RAMPUR,C,4,23.5323882,91.0834719,13583.7,0.0,0.44754477523425457,0.0,0.31328134266397817,272
3000023,N102,Barura Bridge (2 bridges at crossing),A,18,23.54224965,91.07419375,13580.7,0.0,0.44744593365753377,0.0,0.3132121535602736,273
3000027,N102,KONSENOGOR BOX CUL,A,3,23.5501111,91.0661389,13578.0,0.0,0.44735697623848497,0.0,0.31314988336693944,274
3000032,N102,HATAMARA BOX CULVERT.,A,3,23.5605,91.0553056,13575.3,0.0,0.44726801881943623,0.0,0.31308761317360534,275
3000044,N102,BARRA BOX CULVERT,C,6,23.5911108,91.0077778,13560.8,0.0,0.4467902845319522,0.0,0.3127531991723665,276
3000057,N102,Bangl Bari Bridge (2 bridges at crossing),A,33,23.6237632,90.97270765,13551.9,0.0,0.44649705452101374,0.0,0.3125479381647096,277
3000062,N102,Compani Ganj Bridge (2 bridges at crossing),A,114,23.6346802,90.970791,13550.1,0.0,0.4464377495749813,0.0,0.31250642470248685,278
3000073,N102,GAFUR NAGOR RCC GIDER BRIDGE (2 bridges at crossing),C,51,23.6588472,90.98223545,13543.7,0.0,0.4462268875446435,0.0,0.3123588212812504,279
3000079,N102,CMB Bazar Bridge (2 bridges at crossing),A,40,23.6658611,90.99368025,13541.1,0.0,0.4461412248448188,0.0,0.31229885739137314,280
3000084,N102,YOUSUF PUR BRIDGE (2 bridges at crossing),B,29,23.67124935,91.0020694,13539.9,0.0,0.4461016882141304,0.0,0.31227118174989127,281
3000090,N102,USUP - PUR BOX CULVERT,C,13,23.6780549,91.01269445,13538.2,0.0,0.446045677987322,0.0,0.31223197459112534,282
3000096,N102,NAYAPARA BOX CULVERT,C,9,23.6841108,91.02174935,13537.6,0.0,0.4460259096719778,0.0,0.31221813677038446,283
3000099,N102,SHALGANG BOX CULVERT,A,9,23.68591635,91.02649935,13536.6,0.0,0.4459929624797375,0.0,0.31219507373581623,284
3000106,N102,SONG CHAIL RCC GIDER BRIDGE,C,36,23.6956663,91.03811075,13534.7,0.0,0.445930362814481,0.0,0.3121512539701367,285
3000109,N102,HAJIBARI BOX CULVERT,A,6,23.69997205,91.04416635,13532.8,0.0,0.44586776314922444,0.0,0.3121074342044571,286
3000114,N102,BRAMMON PARA BOX CULVERT,A,12,23.70427775,91.05004165,13532.5,0.0,0.4458578789915524,0.0,0.31210051529408667,287
3000117,N102,BRAMMON PARA BOX CULVERT,A,12,23.705297617582417,91.05139557472526,13532.1,0.0,0.44584470011465627,0.0,0.3120912900802594,288
3000121,N102,MUDUPPUR BOX CULVERT,C,13,23.70833335,91.05529165,13531.0,0.0,0.4458084582031919,0.0,0.3120659207422343,289
3000127,N102,MURPUR BOX,A,12,23.71490275,91.0632639,13529.2,0.0,0.44574915325715947,0.0,0.31202440728001163,290
3000132,N102,MOKIMPUR RCC GRIDER BRIDGE,B,17,23.72208265,91.07209655,13527.9,0.0,0.44570632190724707,0.0,0.31199442533507293,291
3000146,N102,CHOTICHOIMOHARI RCC GIDER BRIGDE (2 bridges at crossing),A,46,23.755527800000003,91.09827745,13520.6,0.0,0.4454658074038931,0.0,0.31182606518272515,292
3000149,N102,MIRPUKUR CULVERT,B,19,23.75733284150943,91.1004282009434,13520.1,0.0,0.44544933380777296,0.0,0.31181453366544104,293
3000155,N102,Kharer bazar Bridge (2 bridges at crossing),A,17,23.76991038367347,91.11487448435376,13517.4,0.0,0.44536037638872417,0.0,0.3117522634721069,294
3000163,N102,MONKASHA RCC GRIDER BRIDGE,B,16,23.78448575,91.13315215,13513.8,0.0,0.44524176649665914,0.0,0.3116692365476614,295
3000168,N102,Saidabad Bridge (2 bridges at crossing),A,21,23.793315921008407,91.14675187521009,13511.3,0.0,0.44515939851605846,0.0,0.3116115789612409,296
3000174,N102,TILLACK PUR RCC GIDER BRIDGE (2 bridges at crossing),A,50,23.80695835,91.15134725,13508.5,0.0,0.4450671463777857,0.0,0.31154700246445,297
3000178,N102,CHATURA CULVERT,B,37,23.814375,91.15294445,13505.9,0.0,0.444981483677961,0.0,0.31148703857457266,298
3000183,N102,MATIA PARA BOX CULVERT,A,5,23.82987435,91.1551389,13503.3,0.0,0.44489582097813624,0.0,0.3114270746846953,299
3000189,N102,Bridge start,B,0,23.8457913,91.15729165,13499.8,0.0,0.44478050580529527,0.0,0.31134635406370664,300
3000194,N102,AWARON CULVERT,B,3,23.86070835,91.1550972,13496.9,0.0,0.44468495894779847,0.0,0.3112794712634589,301
3000199,N102,Bridge start,B,0,23.86638885,91.14793025,13495.5,0.0,0.4446388328786621,0.0,0.3112471830150635,302
3000202,N102,MODINAGOR RCC GIDER BRIDGE,B,27,23.87495765,91.14093025,13493.0,0.0,0.4445564648980614,0.0,0.311189525428643,303
3000211,N102,Bridge start,B,0,23.8947358,91.130041,13488.1,0.0,0.4443950236560841,0.0,0.31107651655925883,304
3000216,N102,Bridge start,B,0,23.9058611,91.12577715,13487.1,0.0,0.4443620764638438,0.0,0.31105345352469066,305
3000231,N102,Bridge start,B,0,23.95565275,91.11622225,13478.8,0.0,0.44408861476824946,0.0,0.3108620303377746,306
3000239,N102,Bridge Start,B,0,23.970825540206185,91.10118129896908,13474.4,0.0,0.44394364712239226,0.0,0.31076055298567457,307
3000248,N102,Bridge Start,B,0,24.00177775,91.10956945,13469.0,0.0,0.4437657322842948,0.0,0.3106360125990063,308
2001125,N2,Bridge start,B,0,25.16115275,92.0173049,10043.0,11.11,0.33088865166910475,0.220743095569243,0.29784498483914623,309
2001117,N2,bridge 241,A,40,25.1719438,92.0199716,10041.5,11.11,0.33083923088074435,0.220743095569243,0.29781039028729395,310
2001119,N2,bridge 242,A,5,25.1710827,92.0188049,10041.3,11.11,0.3308326414422963,0.220743095569243,0.2978057776803803,311
2001104,N2,Noljuri Bridge (2 bridges at crossing),A,40,25.1771521,92.05569445,10038.9,11.11,0.3307535681809196,0.220743095569243,0.2977504263974166,312
2001108,N2,NOLJURI (2 bridges at crossing),A,24,25.17631875,92.0540972,10038.9,11.11,0.3307535681809196,0.220743095569243,0.2977504263974166,313
2001097,N2,ASUM BAZAR (2 bridges at crossing),A,37,25.16470835,92.0959302,10036.6,11.11,0.33067778963876704,0.220743095569243,0.2976973814179098,314
2001093,N2,Bangla Bazar Bridge (3 bridges at crossing),A,81,25.1591667,92.09986095,10035.8,11.11,0.33065143188497476,0.220743095569243,0.2976789309902552,315
2001089,N2,RANG PASI (2 bridges at crossing),B,38,25.1548194,92.10554165,10035.0,11.11,0.3306250741311826,0.220743095569243,0.2976604805626007,316
2001086,N2,Rang Pasi Bridge (2 bridges at crossing),A,17,25.15375,92.10727775,10035.0,11.11,0.3306250741311826,0.220743095569243,0.2976604805626007,317
2001079,N2,Bilay More Bridge (2 bridges at crossing),A,64,25.15037180621693,92.11239825449736,10034.2,11.11,0.33059871637739036,0.220743095569243,0.29764203013494617,318
2001083,N2,RANG PANI STEEL BEAM AND RCC SLAB (2 bridges at crossing),A,48,25.152444449999997,92.10843055,10034.0,11.11,0.3305921269389423,0.220743095569243,0.2976374175280325,319
2001071,N2,Ching Gil Bridge (2 bridges at crossing),A,79,25.138642362931034,92.11997014051724,10032.4,11.11,0.33053941143135784,0.220743095569243,0.29760051667272336,320
2001075,N2,Mukterpur Bridge (2 bridges at crossing),A,14,25.1409441,92.1197771,10032.2,11.11,0.3305328219929098,0.220743095569243,0.2975959040658097,321
2001064,N2,LAMAPARA BRIGE (2 bridges at crossing),A,26,25.12973545,92.1196382,10031.8,11.11,0.3305196431160137,0.220743095569243,0.2975866788519824,322
2001067,N2,Chuna Hati Bridge (2 bridges at crossing),A,22,25.13174935,92.12037435,10031.8,11.11,0.3305196431160137,0.220743095569243,0.2975866788519824,323
2001060,N2,Boro Gung Bridge (2 bridges at crossing),A,88,25.1256382,92.11630555,10031.2,11.11,0.3304998748006695,0.220743095569243,0.29757284103124154,324
2001055,N2,Eraboty Bridge (2 bridges at crossing),A,26,25.1031389,92.1184577,10029.6,11.11,0.33044715929308505,0.220743095569243,0.29753594017593243,325
2001051,N2,SARIGHUT BRIDGE (2 bridges at crossing),A,190,25.092944099999997,92.11784655,10028.5,11.11,0.33041091738162076,0.220743095569243,0.29751057083790744,326
2001046,N2,Sari Ghat Bridge (2 bridges at crossing),A,21,25.083041,92.1155139,10028.2,11.11,0.3304010332239487,0.220743095569243,0.29750365192753697,327
2001041,N2,borbos bazer (2 bridges at crossing),A,22,25.0676799,92.11069445,10027.0,11.11,0.33036149659326036,0.220743095569243,0.29747597628605515,328
2001037,N2,borbos bazer,A,9,25.0588056,92.1061389,10025.5,11.11,0.3303120758048999,0.220743095569243,0.2974413817342028,329
2001034,N2,SRIKAL BOX CULVERT,A,9,25.0551111,92.1038889,10025.5,11.11,0.3303120758048999,0.220743095569243,0.2974413817342028,330
2001032,N2,DAMA BOX CULVERT,A,6,25.05306973636364,92.1016686348485,10024.6,11.11,0.3302824233318837,0.220743095569243,0.29742062500309147,331
2001029,N2,DIGIR PAR,A,12,25.0478886,92.0959441,10024.4,11.11,0.3302758338934356,0.220743095569243,0.2974160123961778,332
2001024,N2,DAMRI RCC GIDER BRIDGE (2 bridges at crossing),A,56,25.03738855,92.0836108,10023.2,11.11,0.33023629726274734,0.220743095569243,0.297388336754696,333
2001020,N2,GOYALI RCC GIDER BRIDGE (2 bridges at crossing),B,37,25.02923545,92.0719299,10021.7,11.11,0.3301868764743869,0.220743095569243,0.2973537422028437,334
2001015,N2,SALI RCC GIDER BRIDGE (2 bridges at crossing),B,36,25.0142222,92.0613889,10020.5,11.11,0.33014733984369854,0.220743095569243,0.29732606656136185,335
2001010,N2,Korish Bridge (2 bridges at crossing),B,82,25.00193055,92.0481108,10018.1,11.11,0.33006826658232186,0.220743095569243,0.2972707152783982,336
2001006,N2,HORIPUR (2 bridges at crossing),A,91,24.98990245,92.042583,10017.0,11.11,0.33003202467085757,0.220743095569243,0.2972453459403732,337
2001003,N2,HORIPUR,A,4,24.9832216,92.037833,10016.4,11.11,0.3300122563555134,0.220743095569243,0.2972315081196323,338
2000997,N2,OMON PUR,A,7,24.972666,92.0328327,10016.3,11.11,0.33000896163628934,0.220743095569243,0.2972292018161754,339
2001000,N2,OMON PUR,A,3,24.9750271,92.0346663,10016.2,11.11,0.33000566691706534,0.220743095569243,0.29722689551271864,340
2000994,N2,PANI CHARA,A,9,24.9645278,92.024166,10015.2,11.11,0.3299727197248251,0.220743095569243,0.29720383247815046,341
2000991,N2,KHAN BAGAN,A,6,24.96325,92.0188604,10014.2,11.11,0.32993977253258483,0.220743095569243,0.2971807694435823,342
2000987,N2,SHIK NAGAR,A,4,24.9565278,92.0110278,10013.7,11.11,0.32992329893646466,0.220743095569243,0.2971692379262981,343
2000981,N2,THAKURRAMATI BOX CULVERT,A,3,24.9488608,92.0035833,10013.1,11.11,0.3299035306211205,0.220743095569243,0.2971554001055572,344
2000984,N2,THAKURAMATI BOX CULVERT,A,9,24.951875,92.0073611,10012.7,11.11,0.3298903517442244,0.220743095569243,0.29714617489172995,345
2000974,N2,PULI BOX CULVERT,A,6,24.93677745,91.983958,10011.2,11.11,0.329840930955864,0.220743095569243,0.29711158033987767,346
2000977,N2,BOTESSOR BOX CULVERT,A,9,24.9389997,91.9905274,10010.9,11.11,0.32983104679819186,0.220743095569243,0.2971046614295072,347
2000971,N2,BOTESSOR BOX CULVERT,A,3,24.9342219,91.9789716,10010.3,11.11,0.3298112784828477,0.220743095569243,0.29709082360876626,348
2000965,N2,PILOR CHAK BOX CULVERT,B,12,24.92949935,91.9708327,10009.7,11.11,0.3297915101675036,0.220743095569243,0.2970769857880254,349
2000968,N2,HAGIVILA BOX CULVERT,A,3,24.9305827,91.9725549,10009.7,11.11,0.3297915101675036,0.220743095569243,0.2970769857880254,350
2000962,N2,PORGONA BAZAR BOX CULVERT,A,6,24.921166,91.9611389,10008.9,11.11,0.3297651524137113,0.220743095569243,0.29705853536037075,351
2000952,N2,Khadem Nagar Bridge (2 bridges at crossing),B,15,24.91525,91.94788855,10008.2,11.11,0.3297420893791431,0.220743095569243,0.29704239123617304,352
2000955,N2,KASIM NAGAR,A,3,24.9157778,91.9473608,10008.2,11.11,0.3297420893791431,0.220743095569243,0.29704239123617304,353
2000960,N2,HATIMA BOX CULVERT,A,14,24.9197493,91.9585278,10008.0,11.11,0.32973549994069506,0.220743095569243,0.2970377786292594,354
2000948,N2,Khadim Nagar Bridge (2 bridges at crossing),A,12,24.9132778,91.93665245,10006.7,11.11,0.3296926685907827,0.220743095569243,0.29700779668432076,355
2000945,N2,KHASIM RLAQAR,A,6,24.9069444,91.930416,10006.4,11.11,0.3296827844331106,0.220743095569243,0.29700087777395034,356
2000943,N2,HATIM PARA (2 bridges at crossing),A,12,24.9068333,91.9244993,10005.8,11.11,0.32966301611776644,0.220743095569243,0.2969870399532094,357
2000939,N2,ISLAM PUR BOX CULVERT,A,2,24.9005,91.9141667,10005.6,11.11,0.32965642667931844,0.220743095569243,0.29698242734629576,358
2000934,N2,TILA GOR BOX CULVERT,A,2,24.8951941,91.897833,10004.4,11.11,0.32961689004863004,0.220743095569243,0.2969547517048139,359
2000936,N2,TILA GOR BOX CULVERT,B,6,24.8966108,91.9039444,10004.0,11.11,0.329603711171734,0.220743095569243,0.29694552649098666,360
2000926,N2,MIRA BAZAR BOX CULVERT,A,3,24.8953052,91.8822493,10003.2,11.11,0.32957735341794175,0.220743095569243,0.29692707606333213,361
2000928,N2,MIRA BAZAR BOX CULVERT,A,2,24.8953608,91.8848052,10003.2,11.11,0.32957735341794175,0.220743095569243,0.29692707606333213,362
2000931,N2,FORHADKHA POLL BOX CULVERT,A,8,24.8951941,91.8877774,10003.0,11.11,0.3295707639794937,0.220743095569243,0.2969224634564185,363
2000921,N2,NAYER POLL BOX CULVERT,A,2,24.8929997,91.8783049,10002.6,11.11,0.3295575851025976,0.220743095569243,0.2969132382425912,364
2000924,N2,MIRA BAZAR CULVERT,A,4,24.8951663,91.880166,10002.2,11.11,0.32954440622570147,0.220743095569243,0.2969040130287639,365
2000916,N2,SUCLTY BOX CULVERT,A,9,24.8874719,91.8804993,10001.7,11.11,0.32952793262958135,0.220743095569243,0.29689248151147984,366
2000918,N2,SUB CITY BOX CULVERT,A,9,24.8884163,91.8801104,10001.6,11.11,0.3295246379103573,0.220743095569243,0.29689017520802297,367
2000910,N2,KADAMTALY CULVERT,A,10,24.878666,91.8771382,10001.6,11.11,0.3295246379103573,0.220743095569243,0.29689017520802297,368
2000912,N2,SHAHJALAL BRIDGE (2 bridges at crossing),B,298,24.88147155,91.87897155,10001.5,11.11,0.32952134319113324,0.220743095569243,0.29688786890456614,369
2000004,N2,JATRAMURA BRIDGE (2 bridges at crossing),B,36,23.71844375,90.515625,12111.3,0.0,0.3990333293796703,0.0,0.2793233305657692,370
5000021,N105,Bridge Start,B,0,23.744708000000003,90.58551355,9900.6,0.0,0.3261969714940893,0.0,0.2283378800458625,371
5000009,N105,KHAJLA PUR,A,6,23.7161944,90.5700827,9900.5,0.0,0.32619367677486527,0.0,0.22833557374240568,372
5000032,N105,Bridge Start,B,0,23.76937435,90.57192985,9900.4,0.0,0.3261903820556412,0.0,0.22833326743894883,373
5000027,N105,Bridge Start,B,0,23.75968055,90.57737435,9900.3,0.0,0.32618708733641716,0.0,0.228330961135492,374
5000006,N105,LALADI CULVERT,A,6,23.7072222,90.5596389,9899.9,0.0,0.3261739084595211,0.0,0.22832173592166474,375
5000003,N105,MODONPUR COLLEGE,A,6,23.6993052,90.5515278,9899.3,0.0,0.32615414014417693,0.0,0.22830789810092383,376
4000002,N104,S.S.SK ROAD SLAB CULVERT,B,3,23.0092778,91.3952497,6834.3,11.11,0.22517099592772705,0.220743095569243,0.22384262582018183,377
4000124,N104,POKIR PUR BOX CULVERT,B,4,22.861,91.0962497,6810.5,11.11,0.22438685275240844,0.220743095569243,0.2232937255974588,378
4000115,N104,TOWN HALL MORE CULVERT,C,1,22.87070765,91.0968886,6810.0,11.11,0.22437037915628832,0.220743095569243,0.22328219408017472,379
4000113,N104,TOWN HALL MORE CULVERT,C,1,22.87139801896552,91.09690368017242,6810.0,11.11,0.22437037915628832,0.220743095569243,0.22328219408017472,380
4000130,N104,Bridge start,B,0,22.84141635,91.09829135,6809.9,11.11,0.22436708443706427,0.220743095569243,0.22327988777671787,381
4000118,N104,BOXSI MAZIR BOX CULVERT,A,6,22.8674438,91.0969719,6809.8,11.11,0.22436378971784027,0.220743095569243,0.22327758147326107,382
4000108,N104,Bridge start,B,0,22.87669375,91.0968469,6809.4,11.11,0.22435061084094413,0.220743095569243,0.22326835625943378,383
4000095,N104,AKLASPUR CULVERT,B,3,22.92261045,91.10269445,6809.0,11.11,0.22433743196404804,0.220743095569243,0.22325913104560652,384
4000007,N104,PAZGACIA SLAB CULVERT,C,3,23.0098611,91.3737216,6808.9,11.11,0.22433413724482398,0.220743095569243,0.22325682474214967,385
4000083,N104,Bridge start,B,0,22.9446802,91.1097639,6808.8,11.11,0.22433084252559998,0.220743095569243,0.22325451843869287,386
4000091,N104,CONTRACTOR MOSJIDE BOX CULNERT,A,6,22.9360274,91.1042222,6808.8,11.11,0.22433084252559998,0.220743095569243,0.22325451843869287,387
4000076,N104,Bridge start,B,0,22.9459997,91.12334655,6808.5,11.11,0.2243209583679279,0.220743095569243,0.2232475995283224,388
4000018,N104,SILONIA PC GIDER BRIDGE (2 bridges at crossing),A,87,22.982235449999997,91.3373191,6808.0,11.11,0.22430448477180776,0.220743095569243,0.22323606801103832,389
4000027,N104,Matuvhuia Bridge (2 bridges at crossing),A,49,22.95369445,91.32595765,6808.0,11.11,0.22430448477180776,0.220743095569243,0.22323606801103832,390
4000051,N104,Bridge start,B,0,22.95768055,91.23206875,6807.1,11.11,0.22427483229879153,0.220743095569243,0.22321531127992694,391
1000025,N1,NOYAPARA CULVERT,A,6,23.6943608,90.5376108,9527.9,0.0,0.31391755294613793,0.0,0.21974228706229654,392
1000030,N1,NAYABARI BOX CULVERT,B,11,23.691083,90.5450136,9527.4,0.0,0.3139010793500178,0.0,0.21973075554501245,393
1000027,N1,NAYABARI KASPUR BOX CULVERT,A,8,23.6922774,90.5410552,9527.3,0.0,0.31389778463079376,0.0,0.21972844924155563,394
1000652,N1,Bridge start,B,0,22.35544445,91.85306945,5020.6,11.11,0.16541467336153615,0.220743095569243,0.1820132000238482,395
1000656,N1,Bridge start,B,0,22.34254135,91.8531111,5020.6,11.11,0.16541467336153615,0.220743095569243,0.1820132000238482,396
1000660,N1,HAFAS BAGAR BRIDGE (2 bridges at crossing),B,38,22.338194943814436,91.8537922427835,5020.5,11.11,0.16541137864231212,0.220743095569243,0.18201089372039136,397
1000663,N1,RAZAKATI BRIDGE (2 bridges at crossing),B,39,22.337208,91.8544028,5020.5,11.11,0.16541137864231212,0.220743095569243,0.18201089372039136,398
1000669,N1,Bridge end,B,0,22.3183191,91.85445835,5019.5,11.11,0.16537843145007183,0.220743095569243,0.18198783068582317,399
1000710,N1,Patiya Bridge (2 bridges at crossing),B,50,22.3009861,91.9644167,5016.2,11.11,0.16526970571567892,0.220743095569243,0.18191172267174813,400
1000722,N1,Srimi Bridge (2 bridges at crossing),B,61,22.2864441,91.9913469,5015.1,11.11,0.16523346380421464,0.220743095569243,0.18188635333372313,401
1000732,N1,Korna Bridge (2 bridges at crossing),B,15,22.26216182782258,92.00706971290322,5014.4,11.11,0.1652104007696464,0.220743095569243,0.18187020920952537,402
1000746,N1,Kanchon Nagar Bridge (2 bridges at crossing),B,13,22.23163825,92.024916,5013.5,11.11,0.16518074829663018,0.220743095569243,0.181849452478414,403
1000750,N1,Bridge start,B,0,22.22783265,92.0259299,5013.2,11.11,0.16517086413895807,0.220743095569243,0.18184253356804353,404
1000758,N1,MAZAR POINT BRIDGE (2 bridges at crossing),C,50,22.2082361,92.03572185,5012.5,11.11,0.1651478011043899,0.220743095569243,0.18182638944384583,405
1000761,N1,MAZAR POINT BRIDGE (2 bridges at crossing),C,50,22.20591665,92.037083,5012.3,11.11,0.16514121166594184,0.220743095569243,0.18182177683693218,406
1000777,N1,KATGOR CULVERT,A,9,22.15093055,92.0696799,5010.8,11.11,0.16509179087758144,0.220743095569243,0.1817871822850799,407
1000773,N1,Sangu Bridge (2 bridges at crossing),B,211,22.15886115,92.068041,5010.4,11.11,0.1650786120006853,0.220743095569243,0.1817779570712526,408
1000793,N1,NOYA KHALAR MUK (KARANIERHAT) BOX CULVERT,A,20,22.1208049,92.0719438,5009.7,11.11,0.1650555489661171,0.220743095569243,0.18176181294705485,409
1000796,N1,KARANERHAT CULVERT,A,5,22.1133056,92.0726938,5009.1,11.11,0.16503578065077296,0.220743095569243,0.18174797512631397,410
1000788,N1,Noyakhalar Muk Bridge (2 bridges at crossing),A,28,22.1284021,92.0708882,5009.0,11.11,0.16503248593154893,0.220743095569243,0.18174566882285714,411
1000785,N1,Pathanerpul Bridge (2 bridges at crossing),A,34,22.13063825,92.07045765,5009.0,11.11,0.16503248593154893,0.220743095569243,0.18174566882285714,412
1000810,N1,RAJGHATA BRIDGE (2 bridges at crossing),A,30,22.06987435,92.10391665,5007.1,11.11,0.16496988626629241,0.220743095569243,0.18170184905717757,413
1000825,N1,PODUA BAZAR BOX CULVERT,A,6,22.0486386,92.1082222,5006.5,11.11,0.16495011795094822,0.220743095569243,0.18168801123643663,414
1000814,N1,Khoria Nagar Bridge (2 bridges at crossing),A,38,22.0640139,92.10704165,5006.5,11.11,0.16495011795094822,0.220743095569243,0.18168801123643663,415
1000817,N1,NOYA PARA BOX CULVERT,A,2,22.0605556,92.1078056,5006.3,11.11,0.1649435285125002,0.220743095569243,0.181683398629523,416
1000820,N1,PODUA NOYA PARA BOX CULVERT,A,8,22.0568611,92.1090833,5006.0,11.11,0.1649336443548281,0.220743095569243,0.18167647971915257,417
1000828,N1,BARO AWLIA(R),A,14,22.0443052,92.1073056,5005.8,11.11,0.16492705491638004,0.220743095569243,0.18167186711223893,418
1000822,N1,PODUA BAZAR BOX CULVERT,A,13,22.0522778,92.1091111,5005.5,11.11,0.16491717075870796,0.220743095569243,0.18166494820186846,419
1000831,N1,TALOCKDNR PARA BOX CULVERT (2 bridges at crossing),A,2,22.0379163,92.104,5005.2,11.11,0.16490728660103587,0.220743095569243,0.181658029291498,420
1000840,N1,AMIRABAD LOHAGORA BOX CULVERT,A,10,22.0205549,92.1015,5004.7,11.11,0.16489081300491573,0.220743095569243,0.1816464977742139,421
1000834,N1,AMIRABAD BOX CULVERT,A,2,22.0320827,92.1041667,5004.6,11.11,0.1648875182856917,0.220743095569243,0.18164419147075708,422
1000852,N1,ZADUNAGOR BUS STATION BOX CULVERT,A,14,21.9911386,92.08599965,5003.7,11.11,0.16485786581267545,0.220743095569243,0.1816234347396457,423
1000843,N1,LOHAGORA L.S BOX CULVERT,A,3,22.0077222,92.0927497,5003.6,11.11,0.16485457109345145,0.220743095569243,0.18162112843618888,424
1000878,N1,SANTI RCC GIDER BRIDGE (2 bridges at crossing),A,22,21.95152775,92.0678604,5003.4,11.11,0.16484798165500336,0.220743095569243,0.18161651582927524,425
1000857,N1,Aadunagor bridge (2 bridges at crossing),A,24,21.98613855,92.08348575,5003.3,11.11,0.16484468693577933,0.220743095569243,0.18161420952581842,426
1000846,N1,DIGIRPARK BOX CULVERT,A,13,22.0039167,92.0904163,5003.3,11.11,0.16484468693577933,0.220743095569243,0.18161420952581842,427
1000861,N1,HATIAR PULL PC GIDER BRIDGE (2 bridges at crossing),A,22,21.98108265,92.07998545,5003.1,11.11,0.1648380974973313,0.220743095569243,0.1816095969189048,428
1000871,N1,Rataykul Bridge (2 bridges at crossing),A,22,21.96194445,92.06340275,5002.4,11.11,0.16481503446276308,0.220743095569243,0.18159345279470704,429
1000874,N1,BONPUKR PARA BOX CULVERT,A,8,21.9590833,92.0653889,5002.4,11.11,0.16481503446276308,0.220743095569243,0.18159345279470704,430
1000890,N1,AZIZNAGOR BOX CULVERT,A,2,21.9177216,92.0597778,5001.9,11.11,0.16479856086664293,0.220743095569243,0.18158192127742295,431
1000900,N1,HARBHANG CHOR,A,14,21.8908886,92.0596667,5001.3,11.11,0.1647787925512988,0.220743095569243,0.18156808345668204,432
1000903,N1,GHOIL MARA BOX CULVERT,A,9,21.8810271,92.0589722,5000.6,11.11,0.1647557295167306,0.220743095569243,0.1815519393324843,433
1000909,N1,HARBANG,A,3,21.8625,92.0595,5000.4,11.11,0.16474914007828254,0.220743095569243,0.18154732672557067,434
1000912,N1,HARBANGCHORA (2 bridges at crossing),A,56,21.8594722,92.0603611,5000.3,11.11,0.1647458453590585,0.220743095569243,0.18154502042211385,435
1000906,N1,HARBANG,A,3,21.874916,92.0591111,5000.0,11.11,0.16473596120138642,0.220743095569243,0.18153810151174338,436
1000916,N1,ALIPUR BOX CULVERT,A,14,21.8526111,92.0609722,4999.9,11.11,0.1647326664821624,0.220743095569243,0.18153579520828655,437
1000918,N1,HARBANG,A,2,21.8505,92.0609444,4999.8,11.11,0.16472937176293836,0.220743095569243,0.18153348890482973,438
1000942,N1,NOL BELA BOX CULVERT,A,21,21.7873886,92.0788882,4998.8,11.11,0.1646964245706981,0.220743095569243,0.18151042587026156,439
1000937,N1,BANIYAR CHORA,A,14,21.80308335,92.0772632,4998.6,11.11,0.16468983513225005,0.220743095569243,0.18150581326334791,440
1000927,N1,BODOI TOLA RCC GIDER BRIDGE (2 bridges at crossing),A,46,21.82548545,92.07247155,4998.3,11.11,0.16467995097457797,0.220743095569243,0.18149889435297745,441
1000930,N1,BODAITALI BOX CULVERT,A,12,21.8208882,92.0741104,4998.3,11.11,0.16467995097457797,0.220743095569243,0.18149889435297745,442
1000966,N1,PASIYAKALI (2) (2 bridges at crossing),A,39,21.72981875,92.083833,4998.2,11.11,0.1646766562553539,0.220743095569243,0.18149658804952062,443
1000933,N1,BODOITOLI BOX CULVERT,A,14,21.8179716,92.073916,4998.0,11.11,0.16467006681690588,0.220743095569243,0.181491975442607,444
1000951,N1,DIDDA BAZAR BOX CULVERT,A,16,21.7732771,92.0837219,4997.7,11.11,0.1646601826592338,0.220743095569243,0.18148505653223654,445
1000954,N1,Bridge start,B,0,21.77026325,92.0805271,4997.6,11.11,0.16465688794000977,0.220743095569243,0.18148275022877974,446
1000981,N1,Bridge start,B,0,21.67448545,92.07658265,4996.5,11.11,0.16462064602854545,0.220743095569243,0.1814573808907547,447
1000989,N1,Bridge start,B,0,21.656027799999997,92.0751382,4995.7,11.11,0.16459428827475323,0.220743095569243,0.18143893046310014,448
1000993,N1,PAGOLARIBIL,A,4,21.649458,92.0733049,4995.3,11.11,0.16458110939785714,0.220743095569243,0.18142970524927288,449
1001003,N1,Bridge start,B,0,21.61697155,92.0679021,4994.8,11.11,0.164564635801737,0.220743095569243,0.1814181737319888,450
1001027,N1,Eidgaon Bazar Bridge (2 bridges at crossing),A,46,21.555097250000003,92.06786045,4992.9,11.11,0.16450203613648046,0.220743095569243,0.1813743539663092,451
1001030,N1,Goro Bazar Bridge (2 bridges at crossing),A,45,21.54827745,92.0670549,4992.5,11.11,0.16448885725958434,0.220743095569243,0.18136512875248192,452
1001038,N1,KALIRCHARA BOX CULVERT,A,8,21.52338825,92.065625,4992.1,11.11,0.16447567838268826,0.220743095569243,0.18135590353865466,453
1001059,N1,JOARIANALA BAZAR PC GIDER BRIDGE(L) (3 bridges at crossing),A,58,21.47101325,92.1000554,4988.5,11.11,0.16435706849062323,0.220743095569243,0.18127287661420916,454
1001076,N1,MARULA BOX CULVERT,A,2,21.434583,92.0973886,4988.5,11.11,0.16435706849062323,0.220743095569243,0.18127287661420916,455
1001079,N1,RAMU BRAC OFFICE,A,7,21.4310271,92.0961941,4988.3,11.11,0.16435047905217517,0.220743095569243,0.1812682640072955,456
1001081,N1,RAMU BY PASS MORE,A,4,21.4290271,92.0954997,4988.1,11.11,0.16434388961372715,0.220743095569243,0.1812636514003819,457
1001084,N1,RAMU MOUR BOX CULVDERT,A,13,21.4283604,92.0941663,4988.1,11.11,0.16434388961372715,0.220743095569243,0.1812636514003819,458
1001070,N1,Mitacmari Ramu Bridge (2 bridges at crossing),A,59,21.441958,92.1007639,4987.9,11.11,0.16433730017527906,0.220743095569243,0.18125903879346822,459
1001087,N1,ROMA CALLAGE BOX CULVERT,A,19,21.4279021,92.0894997,4987.8,11.11,0.16433400545605506,0.220743095569243,0.18125673249001142,460
1001074,N1,MARULA (WEST),A,3,21.4375552,92.0984997,4987.6,11.11,0.164327416017607,0.220743095569243,0.1812521198830978,461
1001090,N1,ROMA TECHIPUL,A,8,21.4271104,92.084083,4987.6,11.11,0.164327416017607,0.220743095569243,0.1812521198830978,462
1001093,N1,SAMBAR PUL CULVERT,A,7,21.4267771,92.0804716,4987.5,11.11,0.16432412129838295,0.220743095569243,0.18124981357964096,463
1001098,N1,CHAKMAR KOOL BOX CULVERT,A,9,21.427416,92.0707216,4987.5,11.11,0.16432412129838295,0.220743095569243,0.18124981357964096,464
1001101,N1,KHURUTIA BOX CULVERT,A,2,21.4270827,92.0632778,4987.3,11.11,0.16431753185993492,0.220743095569243,0.18124520097272734,465
1001116,N1,WEST DOVGE BOX CULVERT,A,11,21.4295549,92.044083,4987.1,11.11,0.16431094242148686,0.220743095569243,0.1812405883658137,466
1001095,N1,CHAKMARKOOL,A,12,21.4264716,92.0767771,4987.1,11.11,0.16431094242148686,0.220743095569243,0.1812405883658137,467
1001103,N1,KHURULIA CULVERT,A,7,21.4273327,92.0608333,4987.0,11.11,0.16430764770226283,0.220743095569243,0.18123828206235687,468
1001118,N1,MUKTAR KUL,A,9,21.4298049,92.0392774,4987.0,11.11,0.16430764770226283,0.220743095569243,0.18123828206235687,469
1001105,N1,KHURULIA SCHOOL BOX CULVERT,A,17,21.4278882,92.0576667,4986.8,11.11,0.16430105826381478,0.220743095569243,0.18123366945544322,470
1001107,N1,KHURULIA SCHOOL BOX CULVERT,A,19,21.4280549,92.0554167,4986.8,11.11,0.16430105826381478,0.220743095569243,0.18123366945544322,471
1001122,N1,BAKKHALI BRIDGE (2 bridges at crossing),A,148,21.42976325,92.031041,4986.7,11.11,0.16429776354459072,0.220743095569243,0.1812313631519864,472
1001112,N1,Sarkarpara Bridge (2 bridges at crossing),A,13,21.4275132,92.04841635,4986.6,11.11,0.16429446882536672,0.220743095569243,0.18122905684852958,473
1001110,N1,KHURULIA CHAIRMAN PARA BOX CULVERT,A,7,21.4280549,92.0529444,4986.6,11.11,0.16429446882536672,0.220743095569243,0.18122905684852958,474
1001125,N1,MOHURI RARA BOX,A,4,21.430416,92.0293049,4986.4,11.11,0.16428787938691863,0.220743095569243,0.18122444424161593,475
1001128,N1,RABAR DAM BOX,A,10,21.4298882,92.0279716,4986.3,11.11,0.16428458466769463,0.220743095569243,0.1812221379381591,476
1001130,N1,LINK ROAD CULVERT,A,9,21.4262493,92.0235827,4985.7,11.11,0.16426481635235046,0.220743095569243,0.18120830011741823,477
1001155,N1,SOUTH MITHACHARI,A,3,21.4079722,92.056,4985.4,11.11,0.16425493219467838,0.220743095569243,0.18120138120704776,478
1001143,N1,SHORAR COOL,A,8,21.4120556,92.039583,4985.3,11.11,0.16425163747545435,0.220743095569243,0.18119907490359094,479
1001145,N1,SOUTH MITTA CHORI,B,8,21.41133335,92.043958,4985.3,11.11,0.16425163747545435,0.220743095569243,0.18119907490359094,480
1001174,N1,PANCHARA SLAB CULVERT,C,2,21.3858886,92.0704438,4985.1,11.11,0.16424504803700632,0.220743095569243,0.1811944622966773,481
1001176,N1,PANAR CHORA SLAB CULVERT,B,3,21.384583,92.0704993,4985.1,11.11,0.16424504803700632,0.220743095569243,0.1811944622966773,482
1001212,N1,TOLA BAGAN,B,2,21.3615,92.0806382,4985.1,11.11,0.16424504803700632,0.220743095569243,0.1811944622966773,483
1001134,N1,BASIC ARIA (1),C,11,21.4225549,92.0274438,4985.0,11.11,0.16424175331778226,0.220743095569243,0.18119215599322047,484
1001179,N1,PANCHARA SLAB CULVERT,A,2,21.3826938,92.0710271,4985.0,11.11,0.16424175331778226,0.220743095569243,0.18119215599322047,485
1001182,N1,PANCHORI,A,1,21.3811104,92.0710827,4985.0,11.11,0.16424175331778226,0.220743095569243,0.18119215599322047,486
1001150,N1,SOUTH MITHACHARI,B,2,21.41025,92.0480552,4984.9,11.11,0.16423845859855823,0.220743095569243,0.18118984968976365,487
1001185,N1,DALA-2 SLAB CULVERT,A,2,21.378916,92.0703327,4984.8,11.11,0.1642351638793342,0.220743095569243,0.18118754338630683,488
1001187,N1,DALA-3 SLAB CULVERT,C,2,21.3775827,92.0703604,4984.8,11.11,0.1642351638793342,0.220743095569243,0.18118754338630683,489
1001217,N1,NORTH CONIA PARA BOX CULVERT,A,4,21.3563333,92.0790827,4984.7,11.11,0.16423186916011018,0.220743095569243,0.18118523708285,490
1001162,N1,CHALIYA TOLI -2 ARCH MASONRY,C,1,21.39863855,92.06656945,4984.7,11.11,0.16423186916011018,0.220743095569243,0.18118523708285,491
1001190,N1,DALA SLAB CULVERT,A,3,21.3762216,92.0718049,4984.6,11.11,0.16422857444088618,0.220743095569243,0.1811829307793932,492
1001192,N1,DHALLA SLAB CULVERT,C,2,21.3752493,92.0727771,4984.6,11.11,0.16422857444088618,0.220743095569243,0.1811829307793932,493
1001195,N1,PANAR CHORI SLAB CULVERT,A,1,21.3745549,92.0739716,4984.6,11.11,0.16422857444088618,0.220743095569243,0.1811829307793932,494
1001199,N1,PANCR CHAR SLAB CULVERT,C,1,21.3736938,92.0768327,4984.6,11.11,0.16422857444088618,0.220743095569243,0.1811829307793932,495
1001203,N1,TELA BAGAN SLAB CULVERT,A,1,21.3698327,92.0796104,4984.6,11.11,0.16422857444088618,0.220743095569243,0.1811829307793932,496
1001205,N1,PARARHORA CULVERT,B,1,21.3678882,92.0803327,4984.6,11.11,0.16422857444088618,0.220743095569243,0.1811829307793932,497
1001210,N1,TULA BAGAN,B,1,21.3644167,92.081416,4984.5,11.11,0.16422527972166212,0.220743095569243,0.18118062447593636,498
1001230,N1,Khulna Plong Bridge,B,0,21.3296521,92.07886045,4984.4,11.11,0.1642219850024381,0.220743095569243,0.18117831817247954,499
1001172,N1,PANCHARA SLAB CULVERT,B,3,21.3873052,92.0697771,4984.1,11.11,0.16421210084476603,0.220743095569243,0.18117139926210912,500
1001168,N1,PANAR CHORH -3 SLAB CULVERT,C,3,21.38902745,92.06874935,4984.1,11.11,0.16421210084476603,0.220743095569243,0.18117139926210912,501
1001222,N1,CONIA PARA,C,11,21.3462497,92.0790132,4984.0,11.11,0.16420880612554198,0.220743095569243,0.18116909295865227,502
1001234,N1,JASOYA PALONG RCC GIDER BRIDGE,C,5,21.323957649999997,92.08552745,4983.9,11.11,0.16420551140631795,0.220743095569243,0.18116678665519545,503
1001237,N1,Jasoya check post.,B,1,21.3207493,92.0893052,4983.7,11.11,0.1641989219678699,0.220743095569243,0.18116217404828183,504
1001240,N1,Bridge start,B,0,21.31786045,92.092208,4983.2,11.11,0.16418244837174975,0.220743095569243,0.18115064253099772,505
1001244,N1,Bridge start,B,0,21.3123472,92.09651355,4982.8,11.11,0.16416926949485366,0.220743095569243,0.18114141731717046,506
1001252,N1,Bridge start,B,0,21.29531915,92.0993886,4982.6,11.11,0.1641626800564056,0.220743095569243,0.1811368047102568,507
1001259,N1,COURT BAZAR,A,10,21.282721756040267,92.10068713221476,4982.5,11.11,0.16415938533718158,0.220743095569243,0.1811344984068,508
1001257,N1,COURT BAZAR,A,10,21.2839441,92.1005278,4981.8,11.11,0.16413632230261338,0.220743095569243,0.18111835428260226,509
1001266,N1,EJILA,C,11,21.267804849999997,92.10891665,4981.7,11.11,0.16413302758338935,0.220743095569243,0.18111604797914543,510
1001278,N1,JADIMORA (3),A,17,21.2565278,92.1229438,4981.5,11.11,0.1641264381449413,0.220743095569243,0.1811114353722318,511
1001281,N1,JADIMORA (1),A,2,21.2550278,92.1245827,4981.4,11.11,0.16412314342571727,0.220743095569243,0.18110912906877497,512
1001283,N1,WEST OGALA,C,11,21.2537778,92.1266382,4981.4,11.11,0.16412314342571727,0.220743095569243,0.18110912906877497,513
1001271,N1,Bridge start,B,0,21.2638472,92.1143333,4981.4,11.11,0.16412314342571727,0.220743095569243,0.18110912906877497,514
1001274,N1,Bridge start,B,0,21.26230555,92.11623615,4981.0,11.11,0.16410996454882115,0.220743095569243,0.18109990385494767,515
1001287,N1,OKYIA STATION,C,8,21.25044445,92.1307493,4980.8,11.11,0.1641033751103731,0.220743095569243,0.18109529124803406,516
1001290,N1,UKLIA-SHAHABMARKAT,C,2,21.24804135,92.13416635,4980.7,11.11,0.16410008039114907,0.220743095569243,0.18109298494457723,517
1001295,N1,Bridge start,B,0,21.24227745,92.141458,4979.8,11.11,0.16407042791813284,0.220743095569243,0.18107222821346586,518
1001307,N1,KOSUKONA,A,2,21.2142778,92.166666,4979.0,11.11,0.1640440701643406,0.220743095569243,0.18105377778581133,519
1001319,N1,Bridge start,B,0,21.1924302,92.16962435,4978.4,11.11,0.1640243018489964,0.220743095569243,0.1810399399650704,520
1001322,N1,Batukhali Bridge (2 bridges at crossing),A,9,21.1906108,92.167916,4978.4,11.11,0.1640243018489964,0.220743095569243,0.1810399399650704,521
1001326,N1,Bridge start,B,0,21.18588855,92.161,4978.1,11.11,0.16401441769132435,0.220743095569243,0.18103302105469993,522
1001337,N1,JAM TOLI BOX CULVERT,A,3,21.168416,92.1532778,4977.8,11.11,0.16400453353365227,0.220743095569243,0.18102610214432946,523
1001334,N1,Changkhali Boro Bridge (2 bridges at crossing),A,22,21.1696521,92.15444445,4977.8,11.11,0.16400453353365227,0.220743095569243,0.18102610214432946,524
1001341,N1,DAIM PARA CULVERT,A,5,21.1650833,92.15218055,4977.8,11.11,0.16400453353365227,0.220743095569243,0.18102610214432946,525
1001346,N1,DAIM PARA CULVERT,A,3,21.1604167,92.1525,4977.4,11.11,0.16399135465675616,0.220743095569243,0.1810168769305022,526
1001350,N1,PALONG KHALI CULVERT,C,3,21.1586667,92.1525,4977.3,11.11,0.16398805993753213,0.220743095569243,0.18101457062704537,527
1001358,N1,Bridge start,B,0,21.14422185,92.15866665,4977.2,11.11,0.1639847652183081,0.220743095569243,0.18101226432358855,528
1001354,N1,PALONG KHALI BAZAR (1),C,9,21.1521944,92.1535278,4977.0,11.11,0.16397817577986004,0.220743095569243,0.18100765171667493,529
1001362,N1,GIRA TALI RCC GIDER BRIDGE (2 bridges at crossing),C,15,21.14127745,92.16006945,4976.8,11.11,0.163971586341412,0.220743095569243,0.1810030391097613,530
1001365,N1,GIVA TOLI BOX CULVERT,A,1,21.1381108,92.1648611,4976.5,11.11,0.1639617021837399,0.220743095569243,0.18099612019939082,531
1001369,N1,Kata Khali Bridge (2 bridges at crossing),D,12,21.1375552,92.1683049,4976.3,11.11,0.16395511274529187,0.220743095569243,0.1809915075924772,532
1001379,N1,DMONIR GONA RCC GIDER BRIDGE,A,3,21.133374699999997,92.18076325,4976.2,11.11,0.1639518180260678,0.220743095569243,0.18098920128902035,533
1001384,N1,BALUR KHALI -(1) RCC GIDER BRIDGE,B,5,21.1319716,92.1846108,4976.0,11.11,0.16394522858761978,0.220743095569243,0.18098458868210673,534
1001373,N1,KHARA KANDI RCC GIDER BRIDGE (2 bridges at crossing),B,15,21.13680525,92.1740271,4975.8,11.11,0.16393863914917173,0.220743095569243,0.18097997607519312,535
1001433,N1,KHANGOR PRAMARY (2),A,1,21.0864997,92.2151111,4975.3,11.11,0.16392216555305159,0.220743095569243,0.180968444557909,536
1001390,N1,WHIKE KANG BRIDGE,A,3,21.1239993,92.1919997,4975.2,11.11,0.16391887083382756,0.220743095569243,0.18096613825445218,537
1001394,N1,HOA EX KANG BAZAE,A,3,21.122166,92.1931941,4975.2,11.11,0.16391887083382756,0.220743095569243,0.18096613825445218,538
1001396,N1,Hoacx Kang Barbar Bridge (2 bridges at crossing),B,73,21.1214993,92.1935552,4975.2,11.11,0.16391887083382756,0.220743095569243,0.18096613825445218,539
1001392,N1,MOA EX-KANG-BAZAR (2 bridges at crossing),C,13,21.1229993,92.1926663,4975.2,11.11,0.16391887083382756,0.220743095569243,0.18096613825445218,540
1001409,N1,LAMBA-BIL PORA,A,1,21.1118611,92.2006389,4975.1,11.11,0.16391557611460353,0.220743095569243,0.18096383195099536,541
1001411,N1,LAMBA - BIL - (1) BOX CULVERT,A,3,21.1090556,92.2045278,4975.1,11.11,0.16391557611460353,0.220743095569243,0.18096383195099536,542
1001438,N1,KHANCHOR PARA (2),A,1,21.0803049,92.2174993,4975.0,11.11,0.1639122813953795,0.220743095569243,0.18096152564753853,543
1001413,N1,LAMBA BIL (3) BOX CULVERT,A,1,21.1078333,92.2058611,4975.0,11.11,0.1639122813953795,0.220743095569243,0.18096152564753853,544
1001417,N1,LAMBA BIL BOX,C,1,21.1053611,92.2073889,4974.9,11.11,0.16390898667615544,0.220743095569243,0.1809592193440817,545
1001402,N1,TASSI-PARA BAR,A,3,21.1161389,92.1969997,4974.6,11.11,0.16389910251848339,0.220743095569243,0.18095230043371124,546
1001428,N1,KUTUB - DIA PARA (3),A,4,21.0923052,92.2123333,4974.4,11.11,0.1638925130800353,0.220743095569243,0.1809476878267976,547
1001425,N1,KUTUB DIA PARA CULVERT,A,3,21.0938052,92.21190275,4974.4,11.11,0.1638925130800353,0.220743095569243,0.1809476878267976,548
1001430,N1,KANGOR PARA,A,3,21.090333,92.2129444,4974.3,11.11,0.1638892183608113,0.220743095569243,0.1809453815233408,549
1001405,N1,TAS SE BRIDGE HOANGK (2 bridges at crossing),B,13,21.1148889,92.19776355,4974.3,11.11,0.1638892183608113,0.220743095569243,0.1809453815233408,550
1001443,N1,NAYAPARA,A,6,21.0745271,92.2220549,4974.0,11.11,0.16387933420313922,0.220743095569243,0.18093846261297034,551
1001458,N1,NOYA BAZAR BRIDGE (2 bridges at crossing),B,31,21.05972225,92.2263882,4974.0,11.11,0.16387933420313922,0.220743095569243,0.18093846261297034,552
1001448,N1,GIMON KHALI BRIDGE,B,6,21.071666,92.2242216,4973.5,11.11,0.16386286060701907,0.220743095569243,0.18092693109568625,553
1001446,N1,NOYA PARA,A,1,21.0728327,92.2232216,4973.5,11.11,0.16386286060701907,0.220743095569243,0.18092693109568625,554
1001450,N1,GIM - MOGARI BRIDGE (2 bridges at crossing),C,8,21.0691104,92.2246382,4973.3,11.11,0.16385627116857102,0.220743095569243,0.1809223184887726,555
1001454,N1,NINA BAZAR BOX CULVERT,A,1,21.0650556,92.2245271,4973.2,11.11,0.163852976449347,0.220743095569243,0.18092001218531578,556
1001463,N1,KHARANG KHALI - BOX CUVERT (1),C,3,21.0513611,92.230416,4973.0,11.11,0.16384638701089893,0.220743095569243,0.18091539957840214,557
1001475,N1,ALI AXBAR PARA BOX CULVERT,A,6,21.036208,92.23977745,4973.0,11.11,0.16384638701089893,0.220743095569243,0.18091539957840214,558
1001468,N1,KHARANG KHAIL,C,1,21.0507222,92.2338608,4972.7,11.11,0.16383650285322685,0.220743095569243,0.18090848066803167,559
1001473,N1,MOULOVI BAZAR BOX CULVERT,C,1,21.0407497,92.2374997,4972.3,11.11,0.16382332397633076,0.220743095569243,0.18089925545420443,560
1001495,N1,RONGI- KHALI RCC GIDER BRIDGE (2 bridges at crossing),C,12,20.998833,92.25383335,4971.9,11.11,0.16381014509943462,0.220743095569243,0.18089003024037711,561
1001483,N1,Bridge start,B,0,21.0227493,92.2420413,4971.7,11.11,0.16380355566098656,0.220743095569243,0.1808854176334635,562
1001502,N1,Ladapara Bridge (2 bridges at crossing),A,37,20.977693799999997,92.25068055,4971.7,11.11,0.16380355566098656,0.220743095569243,0.1808854176334635,563
1001487,N1,NILA DOGA PARA BOX CULVERT,A,3,21.0169993,92.2440274,4971.5,11.11,0.16379696622253853,0.220743095569243,0.18088080502654985,564
1001508,N1,MOSINNI RCC GIDER BRIDGE (2 bridges at crossing),B,9,20.9672354,92.2493052,4970.7,11.11,0.1637706084687463,0.220743095569243,0.1808623545988953,565
1001513,N1,Noya Para Bridge (2 bridges at crossing),A,9,20.962166699999997,92.25297225,4970.3,11.11,0.1637574295918502,0.220743095569243,0.18085312938506803,566
1001511,N1,NOYA PARA CULVERT,A,1,20.9648611,92.2515278,4970.3,11.11,0.1637574295918502,0.220743095569243,0.18085312938506803,567
1001524,N1,DONDO MIA BOX CULVERT,A,2,20.948208,92.25911115,4970.1,11.11,0.16375084015340216,0.220743095569243,0.1808485167781544,568
1001527,N1,DOMMO MIA BOX CULVERT,A,1,20.9459163,92.2603333,4969.9,11.11,0.16374425071495408,0.220743095569243,0.18084390417124074,569
1001531,N1,DONDO MIA CHAK POST BRIDGE (2 bridges at crossing),B,51,20.9372497,92.26240275,4969.6,11.11,0.16373436655728202,0.220743095569243,0.1808369852608703,570
1001539,N1,DONDOMIA,A,3,20.92949935,92.264125,4969.6,11.11,0.16373436655728202,0.220743095569243,0.1808369852608703,571
1001543,N1,DONMIA,D,3,20.92369375,92.2655,4968.8,11.11,0.1637080088034898,0.220743095569243,0.18081853483321575,572
1001546,N1,KARUNTON BOX CULVERT,A,1,20.919541,92.2684438,4968.7,11.11,0.16370471408426573,0.220743095569243,0.1808162285297589,573
1001549,N1,KARUNTON BOX CULVERT,A,1,20.9189993,92.2686382,4968.7,11.11,0.16370471408426573,0.220743095569243,0.1808162285297589,574
1001571,N1,Baraytoli (3) Bridge (2 bridges at crossing),A,6,20.9033333,92.2789438,4968.6,11.11,0.16370141936504173,0.220743095569243,0.1808139222263021,575
1001552,N1,Karumtoli choto(1) Bridge (2 bridges at crossing),A,6,20.9176382,92.2692493,4968.6,11.11,0.16370141936504173,0.220743095569243,0.1808139222263021,576
1001554,N1,KAKUM TOLI CHACK BOX CULVERT,B,1,20.91556945,92.27059655,4968.6,11.11,0.16370141936504173,0.220743095569243,0.1808139222263021,577
1001559,N1,Karumtoli(1) Bridge (2 bridges at crossing),A,34,20.9123889,92.2729716,4968.5,11.11,0.16369812464581768,0.220743095569243,0.18081161592284528,578
1001574,N1,Bridge start,B,0,20.9002222,92.2808466,4968.4,11.11,0.16369482992659365,0.220743095569243,0.18080930961938846,579
1001584,N1,Naitom Para (2) Bridge (2 bridges at crossing),A,15,20.896846850000003,92.285583,4968.1,11.11,0.1636849457689216,0.220743095569243,0.180802390709018,580
1001578,N1,Bridge start,B,0,20.8983469,92.2830132,4968.1,11.11,0.1636849457689216,0.220743095569243,0.180802390709018,581
1001562,N1,BAROY TOLI RCC GIDER BRIDGE (2 bridges at crossing),A,30,20.90872225,92.2752632,4968.1,11.11,0.1636849457689216,0.220743095569243,0.180802390709018,582
1001566,N1,BORYTOLI SLAB CULVERT,A,3,20.9059444,92.2771104,4968.0,11.11,0.16368165104969756,0.220743095569243,0.18080008440556117,583
1001590,N1,Naitong Para (3) Bridge (2 bridges at crossing),A,9,20.8948052,92.2881941,4967.8,11.11,0.1636750616112495,0.220743095569243,0.18079547179864752,584
1001588,N1,Naitong Para (3) Bridge (2 bridges at crossing),A,9,20.8953608,92.2877219,4967.8,11.11,0.1636750616112495,0.220743095569243,0.18079547179864752,585
1001569,N1,Gilatoli (1) Bridge (2 bridges at crossing),A,18,20.9047222,92.2779716,4967.8,11.11,0.1636750616112495,0.220743095569243,0.18079547179864752,586
1001592,N1,Naitong Para (3) Bridge (2 bridges at crossing),A,9,20.894013549999997,92.28884685,4967.7,11.11,0.16367176689202545,0.220743095569243,0.1807931654951907,587
1001598,N1,Naitom Para(4) Bridge (2 bridges at crossing),A,9,20.89190245,92.29173575,4967.5,11.11,0.16366517745357742,0.220743095569243,0.18078855288827708,588
1001609,N1,Bridge start,B,0,20.87667985,92.2978886,4967.1,11.11,0.1636519985766813,0.220743095569243,0.18077932767444982,589
1001602,N1,Bridge start,B,0,20.88887465,92.29831915,4966.9,11.11,0.16364540913823322,0.220743095569243,0.18077471506753615,590
1001614,N1,Bridge start,B,0,20.86484725,92.2982219,4966.7,11.11,0.1636388196997852,0.220743095569243,0.18077010246062253,591
9000004,N106,TANARI BOTTOLA CULVERT,A,3,22.3990552,91.8198049,3921.6,11.11,0.1292057090894714,0.220743095569243,0.15666692503340288,592
9000013,N106,BALUCHARA,A,12,22.4121667,91.8185549,3921.6,11.11,0.1292057090894714,0.220743095569243,0.15666692503340288,593
9000002,N106,TANARI BOTTOLA CULVERT,C,2,22.3974997,91.8200271,3921.6,11.11,0.1292057090894714,0.220743095569243,0.15666692503340288,594
9000006,N106,TANARI BOX CULVERT,C,2,22.4004722,91.8193604,3921.4,11.11,0.12919911965102335,0.220743095569243,0.15666231242648923,595
9000015,N106,NOTUN PARA (2 bridges at crossing),B,18,22.41555555,91.819166,3921.3,11.11,0.12919582493179932,0.220743095569243,0.1566600061230324,596
9000010,N106,BALUCHARA,A,3,22.4060278,91.818666,3921.0,11.11,0.12918594077412723,0.220743095569243,0.15665308721266197,597
9000019,N106,AMAR BAZAR,A,4,22.4223882,91.8200271,3920.8,11.11,0.12917935133567918,0.220743095569243,0.15664847460574832,598
9000021,N106,LALIYAR HAT,C,3,22.4244438,91.8197771,3920.7,11.11,0.12917605661645515,0.220743095569243,0.1566461683022915,599
9000024,N106,BORDIGHIR PAR,C,4,22.4309993,91.8199993,3920.0,11.11,0.12915299358188695,0.220743095569243,0.15663002417809374,600
9000028,N106,BORODIGHIR PAR,C,9,22.4382497,91.8206104,3919.3,11.11,0.12912993054731878,0.220743095569243,0.15661388005389604,601
9000030,N106,CHOWDIRIR HAT,C,6,22.4444441,91.8190549,3919.0,11.11,0.1291200463896467,0.220743095569243,0.15660696114352557,602
9000033,N106,PASHIM CHARAKUL CUL,A,8,22.4515,91.8175827,3918.8,11.11,0.12911345695119864,0.220743095569243,0.15660234853661192,603
9000037,N106,PASSIM SURAGOL,B,9,22.4555,91.8171382,3918.3,11.11,0.1290969833550785,0.220743095569243,0.15659081701932784,604
9000043,N106,MODANHAT (2 bridges at crossing),A,12,22.471138250000003,91.815125,3917.0,11.11,0.12905415200516612,0.220743095569243,0.15656083507438917,605
9000058,N106,Subadaggu Bridge (2 bridges at crossing),C,64,22.50475,91.82683265,3914.7,11.11,0.1289783734630135,0.220743095569243,0.15650779009488233,606
9000062,N106,ISAPUR BRIDGE (2 bridges at crossing),C,34,22.50736115,91.8330271,3914.4,11.11,0.1289684893053414,0.220743095569243,0.1565008711845119,607
9000068,N106,BODORGONA BOX CUL,A,3,22.51418055,91.84538855,3914.2,11.11,0.12896189986689335,0.220743095569243,0.15649625857759825,608
9000074,N106,Bridge start,B,0,22.5162361,91.8546528,3913.3,11.11,0.1289322473938771,0.220743095569243,0.15647550184648684,609
9000084,N106,Bridge start,B,0,22.52636045,91.8727771,3912.7,11.11,0.12891247907853293,0.220743095569243,0.15646166402574593,610
9000100,N106,Beroli Bridge (2 bridges at crossing),C,25,22.53351355,91.899458,3912.4,11.11,0.12890259492086084,0.220743095569243,0.1564547451153755,611
9000103,N106,Bridge start,B,0,22.5342358,91.9020417,3912.2,11.11,0.12889600548241278,0.220743095569243,0.15645013250846185,612
9000088,N106,Bridge start,B,0,22.5288743,91.8782771,3912.2,11.11,0.12889600548241278,0.220743095569243,0.15645013250846185,613
9000092,N106,JALANIR HAT,C,4,22.5322771,91.8897636,3911.8,11.11,0.1288828266055167,0.220743095569243,0.15644090729463458,614
9000095,N106,SULTAN PUR CULVERT,A,3,22.5325549,91.8921386,3911.7,11.11,0.12887953188629264,0.220743095569243,0.15643860099117773,615
9000115,N106,POSHIM RAYJON,C,9,22.5354997,91.9238049,3911.3,11.11,0.12886635300939656,0.220743095569243,0.1564293757773505,616
9000124,N106,Rauzan dalarmuk Bridge,A,15,22.5386802,91.95605555,3910.1,11.11,0.12882681637870821,0.220743095569243,0.15640170013586863,617
9000132,N106,GODAR PAR ARCH,A,12,22.5406108,91.96919375,3909.1,11.11,0.12879386918646793,0.220743095569243,0.15637863710130046,618
9000136,N106,AMTULA BOX,B,3,22.5412497,91.973166,3908.8,11.11,0.12878398502879587,0.220743095569243,0.15637171819093,619
9000145,N106,Morartak,C,5,22.5389719,91.9820271,3908.5,11.11,0.12877410087112376,0.220743095569243,0.15636479928055952,620
9000149,N106,MONARTECK CULVERT,B,5,22.5404163,91.9842774,3908.2,11.11,0.12876421671345167,0.220743095569243,0.15635788037018905,621
9000152,N106,CHAIRMAN GHAT BOX CULVERT(R) (2 bridges at crossing),D,2,22.5429719,91.9854163,3908.2,11.11,0.12876421671345167,0.220743095569243,0.15635788037018905,622
9000162,N106,BETBEAINA BOX CULVERT,A,12,22.5455274,91.9956386,3907.9,11.11,0.12875433255577962,0.220743095569243,0.15635096145981864,623
9000158,N106,BETBUNIA BOX CULVERT,A,3,22.5464441,91.9896941,3907.6,11.11,0.1287444483981075,0.220743095569243,0.15634404254944814,624
9000168,N106,SUP NALA SUBMARGE,A,4,22.5455274,92.0050278,3907.4,11.11,0.12873785895965947,0.220743095569243,0.15633942994253452,625
9000172,N106,SIKDAR PARA (2) CULVERT,A,3,22.5439163,92.0099167,3907.0,11.11,0.12872468008276336,0.220743095569243,0.15633020472870723,626
9000176,N106,RANGUNID,A,3,22.549833,92.0133056,3906.4,11.11,0.1287049117674192,0.220743095569243,0.15631636690796633,627
9000179,N106,THANDHA CHOR ARCH MASONRY,D,2,22.552708350000003,92.01663855,3906.0,11.11,0.12869173289052308,0.220743095569243,0.15630714169413906,628
9000183,N106,THANDHA CHOR ARCH MASONRY,D,2,22.5530278,92.0179716,3906.0,11.11,0.12869173289052308,0.220743095569243,0.15630714169413906,629
9000191,N106,Rahirhat Bridge (2 bridges at crossing),C,128,22.5638611,92.0381386,3904.6,11.11,0.12864560682138668,0.220743095569243,0.15627485344574354,630
9000194,N106,RANIARAT ARCH,B,3,22.57022155,92.040708,3904.1,11.11,0.12862913322526653,0.220743095569243,0.15626332192845946,631
9000197,N106,RANIRAT ARCK,A,7,22.5746938,92.0427497,3903.9,11.11,0.1286225437868185,0.220743095569243,0.15625870932154584,632
9000203,N106,GUBTULL CULVERT,A,3,22.5807493,92.0488052,3903.2,11.11,0.1285994807522503,0.220743095569243,0.1562425651973481,633
9000210,N106,MOGI CHORI,A,3,22.5935413,92.0715549,3902.7,11.11,0.12858300715613016,0.220743095569243,0.15623103368006402,634
9000221,N106,GHAGRA ARCH MASO,A,1,22.6094444,92.0973886,3900.9,11.11,0.12852370221009765,0.220743095569243,0.15618952021784124,635
9000229,N106,MOSHIS PARA CULVERT,A,9,22.622916,92.1081111,3900.6,11.11,0.12851381805242557,0.220743095569243,0.1561826013074708,636
9000227,N106,KOLA BAGAN ARCH MASONRY,C,5,22.6221104,92.1066111,3900.6,11.11,0.12851381805242557,0.220743095569243,0.1561826013074708,637
9000233,N106,MOIS PARA ARCH MASONRY,B,2,22.6277771,92.1130833,3900.1,11.11,0.12849734445630542,0.220743095569243,0.1561710697901867,638
9000237,N106,KOBAGON ARCH MASONRY,A,1,22.6314438,92.1136667,3900.0,11.11,0.12849404973708142,0.220743095569243,0.15616876348672987,639
9000247,N106,Bridge start,B,0,22.64773575,92.13662465,3898.5,11.11,0.128444628948721,0.220743095569243,0.15613416893487758,640
7000116,N207,BAYULPUR CULVERT,B,3,24.3814716,91.7511389,5292.4,0.0,0.17436972021244349,0.0,0.12205880414871043,641
7000114,N207,UTTOR KALAPUR,D,13,24.3792216,91.7506389,5291.6,0.0,0.17434336245865129,0.0,0.12204035372105589,642
7000094,N207,NOWGAON -2 CULVERT,A,4,24.3417497,91.7425552,5291.4,0.0,0.17433677302020323,0.0,0.12203574111414225,643
7000105,N207,SHIRAZ NAGAR,C,6,24.3569444,91.7484997,5291.3,0.0,0.1743334783009792,0.0,0.12203343481068543,644
7000101,N207,KAKIA BAZAR BOX CULVERT,A,4,24.3523889,91.7473886,5291.3,0.0,0.1743334783009792,0.0,0.12203343481068543,645
7000107,N207,LAMWA CULVERT,A,12,24.3566389,91.7493052,5291.2,0.0,0.17433018358175517,0.0,0.12203112850722861,646
7000096,N207,RAZAPUR CULVERT,A,4,24.3448886,91.7444997,5291.2,0.0,0.17433018358175517,0.0,0.12203112850722861,647
7000109,N207,KASIM PUR,C,12,24.364861281607144,91.74964888982144,5291.0,0.0,0.17432359414330711,0.0,0.12202651590031498,648
7000087,N207,ESUPPUR CULVERT,B,6,24.3315271,91.7384997,5290.9,0.0,0.17432029942408309,0.0,0.12202420959685815,649
7000084,N207,6-NUMSER POLE BOX CULVERT,B,9,24.3286382,91.7377219,5290.9,0.0,0.17432029942408309,0.0,0.12202420959685815,650
7000090,N207,Nowgaon Bridge (2 bridges at crossing),A,16,24.33869415,91.74099965,5290.6,0.0,0.17431041526641103,0.0,0.12201729068648771,651
7000099,N207,KALIR BAZAR CULVERT,A,2,24.3509444,91.7469163,5290.5,0.0,0.17430712054718697,0.0,0.12201498438303088,652
7000050,N207,Mofigauj box culvert,A,2,24.3046667,91.6799438,5290.3,0.0,0.17430053110873892,0.0,0.12201037177611723,653
7000057,N207,BILASHER PARA BOX CULVERT,B,23,24.3029167,91.690583,5290.3,0.0,0.17430053110873892,0.0,0.12201037177611723,654
7000059,N207,AMANATUR BOX CULVERT,A,18,24.3021389,91.6936386,5290.3,0.0,0.17430053110873892,0.0,0.12201037177611723,655
7000073,N207,NEAR SHRIMANGAL THANA,A,3,24.3146944,91.7338052,5290.2,0.0,0.1742972363895149,0.0,0.12200806547266041,656
7000075,N207,2 NUMBER POLE,B,9,24.3170549,91.7348052,5290.2,0.0,0.1742972363895149,0.0,0.12200806547266041,657
7000053,N207,Motiganj Bridge (2 bridges at crossing),A,46,24.305,91.68161045,5290.1,0.0,0.1742939416702909,0.0,0.12200575916920361,658
7000082,N207,ZOINAG SARA CULVET,A,19,24.3236104,91.7365552,5290.1,0.0,0.1742939416702909,0.0,0.12200575916920361,659
7000079,N207,4 NUMBER POLE,B,6,24.3209716,91.7358886,5290.1,0.0,0.1742939416702909,0.0,0.12200575916920361,660
7000077,N207,3 NUMBER POLE,B,4,24.3191104,91.7353886,5290.1,0.0,0.1742939416702909,0.0,0.12200575916920361,661
7000068,N207,SIRMONGAL BOX CULVERT,A,17,24.3084167,91.7265827,5290.0,0.0,0.17429064695106683,0.0,0.12200345286574678,662
7000064,N207,Sreemangal Basti Bridge (2 bridges at crossing),A,13,24.30256945,91.71856875,5290.0,0.0,0.17429064695106683,0.0,0.12200345286574678,663
7000044,N207,MOTIGAMJ BOX CULVERT,A,14,24.3025556,91.6693882,5290.0,0.0,0.17429064695106683,0.0,0.12200345286574678,664
7000047,N207,LAYER KAL BRIDGE (2 bridges at crossing),A,24,24.3035278,91.67423545,5289.9,0.0,0.1742873522318428,0.0,0.12200114656228996,665
7000025,N207,DHLKI BOX CULVERT,C,19,24.2949441,91.5846663,5289.1,0.0,0.1742609944780506,0.0,0.12198269613463542,666
7000007,N207,Binagou Bridge (2 bridges at crossing),A,20,24.2958469,91.52387435,5288.7,0.0,0.17424781560115446,0.0,0.12197347092080811,667
7000003,N207,Mirpur Bridge (2 bridges at crossing),B,22,24.2975691,91.513625,5288.7,0.0,0.17424781560115446,0.0,0.12197347092080811,668
7000011,N207,Natun Bazar Bridge (2 bridges at crossing),B,30,24.293652450000003,91.53715245,5288.5,0.0,0.17424122616270643,0.0,0.1219688583138945,669
7000016,N207,Karangi Bridge (2 bridges at crossing),B,38,24.292958,91.54656915,5288.2,0.0,0.17423134200503435,0.0,0.12196193940352404,670
8000067,N208,UDNACHARA BRIDGE (2 bridges at crossing),A,22,24.5579028,91.88222155,832.9,0.0,0.02744171641692695,0.0,0.019209201491848862,671
8000020,N208,ISLAMPUR BOX CULVERT,A,10,24.5028056,91.7859441,832.8,0.0,0.02743842169770292,0.0,0.019206895188392043,672
8000074,N208,TAI JURI BOX CULVERT,B,14,24.5719993,91.8884441,832.8,0.0,0.02743842169770292,0.0,0.019206895188392043,673
8000071,N208,Kuchimora Bridge,A,39,24.568291,91.88604135,832.8,0.0,0.02743842169770292,0.0,0.019206895188392043,674
8000013,N208,MONU PC GIRDER BRIDGE (2 bridges at crossing),A,133,24.49427745,91.7738327,832.7,0.0,0.027435126978478896,0.0,0.019204588884935227,675
8000032,N208,KADOM HATE BOX CULVERT,A,12,24.5007778,91.8167216,832.7,0.0,0.027435126978478896,0.0,0.019204588884935227,676
8000017,N208,ISLAMPUR CULVERT,A,8,24.5006389,91.7786382,832.7,0.0,0.027435126978478896,0.0,0.019204588884935227,677
8000039,N208,ASRAKAPUL BOX CULVERT,A,9,24.5055278,91.828916,832.6,0.0,0.027431832259254867,0.0,0.019202282581478405,678
8000041,N208,MOLAL BOX CULVERT,A,2,24.5066389,91.8320827,832.6,0.0,0.027431832259254867,0.0,0.019202282581478405,679
8000022,N208,RAISREE CULVERT,A,2,24.5036111,91.7904719,832.6,0.0,0.027431832259254867,0.0,0.019202282581478405,680
8000025,N208,RAISREE SETU BOX CULVERT,A,18,24.5031944,91.7970274,832.6,0.0,0.027431832259254867,0.0,0.019202282581478405,681
8000028,N208,TALTOLA BOX CULVERT,A,14,24.5027222,91.8011667,832.6,0.0,0.027431832259254867,0.0,0.019202282581478405,682
8000035,N208,Longuchhara Bridge (2 bridges at crossing),B,37,24.50381945,91.82448545,832.6,0.0,0.027431832259254867,0.0,0.019202282581478405,683
8000086,N208,GOYESPUR,A,10,24.5958052,91.898583,832.6,0.0,0.027431832259254867,0.0,0.019202282581478405,684
8000169,N208,Bridge start,B,0,24.71783265,91.9283188,832.5,0.0,0.02742853754003084,0.0,0.019199976278021585,685
8000008,N208,PURBO SULTANPUR CULVERT,A,18,24.485333,91.7766243,832.5,0.0,0.02742853754003084,0.0,0.019199976278021585,686
8000044,N208,CHATURACAHEL BOX CULVERT,A,3,24.5126667,91.841833,832.5,0.0,0.02742853754003084,0.0,0.019199976278021585,687
8000046,N208,Chatura Box Culvert,A,2,24.5134722,91.8431941,832.5,0.0,0.02742853754003084,0.0,0.019199976278021585,688
8000146,N208,FARIDPUR BOX CULVERT,A,3,24.6827771,91.9303882,832.4,0.0,0.02742524282080681,0.0,0.019197669974564766,689
8000003,N208,BONOVITI BOX CULVERT (2 bridges at crossing),A,2,24.4756382,91.7758049,832.4,0.0,0.02742524282080681,0.0,0.019197669974564766,690
8000005,N208,BONOVITI BOX CULVERT (2 bridges at crossing),A,2,24.4757216,91.7757216,832.4,0.0,0.02742524282080681,0.0,0.019197669974564766,691
8000095,N208,CHAN BAG CULVERT,B,3,24.61181945,91.90498615,832.4,0.0,0.02742524282080681,0.0,0.019197669974564766,692
8000138,N208,Karmada culvert,A,3,24.66812435,91.92748545,832.4,0.0,0.02742524282080681,0.0,0.019197669974564766,693
8000158,N208,NURPUR,A,6,24.6913608,91.9323327,832.4,0.0,0.02742524282080681,0.0,0.019197669974564766,694
8000149,N208,LUTPURBOX CULVERT,C,6,24.6859719,91.930666,832.4,0.0,0.02742524282080681,0.0,0.019197669974564766,695
8000156,N208,NURPUR BOX CULVERT,A,6,24.6897219,91.9317216,832.4,0.0,0.02742524282080681,0.0,0.019197669974564766,696
8000154,N208,NURPUR CULVERT,A,3,24.6884719,91.9314438,832.4,0.0,0.02742524282080681,0.0,0.019197669974564766,697
8000152,N208,NURPUR CULVERT,A,3,24.6884163,91.9313604,832.4,0.0,0.02742524282080681,0.0,0.019197669974564766,698
8000134,N208,PALBARI CULVERT,A,3,24.6643611,91.9257771,832.3,0.0,0.027421948101582782,0.0,0.019195363671107947,699
8000101,N208,MOTOP PUR BRIDGE (2 bridges at crossing),A,30,24.623416,91.9078056,832.2,0.0,0.027418653382358757,0.0,0.019193057367651128,700
8000163,N208,Bridge start,B,0,24.6971247,91.93112435,832.2,0.0,0.027418653382358757,0.0,0.019193057367651128,701
8000177,N208,Bridge start,B,0,24.74212465,91.9232771,832.2,0.0,0.027418653382358757,0.0,0.019193057367651128,702
8000104,N208,MOTOP PUR BRIDGE (2 bridges at crossing),A,30,24.62486045,91.9081389,832.2,0.0,0.027418653382358757,0.0,0.019193057367651128,703
8000126,N208,Mirzapur box culvert,A,6,24.6543056,91.9239716,832.2,0.0,0.027418653382358757,0.0,0.019193057367651128,704
8000129,N208,MIRJAPUR BOX CULVERT,A,3,24.6558056,91.9243604,832.2,0.0,0.027418653382358757,0.0,0.019193057367651128,705
8000109,N208,RAJAPUR BOX CULVERT,A,3,24.6302216,91.9096111,832.1,0.0,0.02741535866313473,0.0,0.01919075106419431,706
8000120,N208,Bridge start,B,0,24.6449858,91.91681875,832.1,0.0,0.02741535866313473,0.0,0.01919075106419431,707
8000107,N208,RAJAPUR BOX CULVERT,A,4,24.6281938,91.9090556,832.1,0.0,0.02741535866313473,0.0,0.01919075106419431,708
8000211,N208,Bridge start,B,0,24.83540245,91.89805525,832.1,0.0,0.02741535866313473,0.0,0.01919075106419431,709
8000183,N208,Bridge start,B,0,24.75505555,91.91876325,832.0,0.0,0.0274120639439107,0.0,0.01918844476073749,710
8000197,N208,Bridge start,B,0,24.7930136,91.9097917,831.9,0.0,0.02740876922468667,0.0,0.01918613845728067,711
8000202,N208,Bridge start,B,0,24.803673804293787,91.91354726858756,831.8,0.0,0.027405474505462643,0.0,0.019183832153823847,712
8000192,N208,Bridge start,B,0,24.779068799999997,91.91175,831.8,0.0,0.027405474505462643,0.0,0.019183832153823847,713
8000188,N208,Bridge start,B,0,24.7695132,91.91405555,831.8,0.0,0.027405474505462643,0.0,0.019183832153823847,714
7000171,N207,Bridge start,B,0,24.56102775,91.72358265,361.0,0.0,0.0118939363987401,0.0,0.00832575547911807,715
7000147,N207,KODALIPUR BOX CULVERT,C,18,24.473540999999997,91.76544445,361.0,0.0,0.0118939363987401,0.0,0.00832575547911807,716
7000182,N207,GORA KHAL BOX CULVERT,A,4,24.5762771,91.6929719,360.9,0.0,0.011890641679516072,0.0,0.00832344917566125,717
7000188,N207,Bridge start,B,0,24.5838191,91.6867913,360.7,0.0,0.011884052241068017,0.0,0.008318836568747611,718
7000192,N207,Bridge start,B,0,24.59223575,91.68165215,360.7,0.0,0.011884052241068017,0.0,0.008318836568747611,719
6000043,N204,CHANDRI CULVERT,A,2,24.1279438,91.4640278,0.0,0.0,0.0,0.0,0.0,720
6000002,N204,JOGIDISH PUR TEMORIA,C,4,24.1483608,91.3513889,0.0,0.0,0.0,0.0,0.0,721
6000005,N204,Telaria Chara Bridge (2 bridges at crossing),A,40,24.145874650000003,91.3513056,0.0,0.0,0.0,0.0,0.0,722
6000008,N204,UTTOR SUMA BRIDGE,C,4,24.1439997,91.3511667,0.0,0.0,0.0,0.0,0.0,723
6000010,N204,NOYAHADI CULVERT,C,13,24.1397774,91.3513333,0.0,0.0,0.0,0.0,0.0,724
6000013,N204,DOKHIR SHURMA CULVERT,B,10,24.1369163,91.3516111,0.0,0.0,0.0,0.0,0.0,725
6000025,N204,20 NOVEMBER AMTOLI,B,10,24.1241104,91.4126111,0.0,0.0,0.0,0.0,0.0,726
6000038,N204,CHANTRI CHARA CULVERTR,A,6,24.1274438,91.4520556,0.0,0.0,0.0,0.0,0.0,727
6000055,N204,RAMAGANJA CULVERT,B,9,24.1387774,91.4803604,0.0,0.0,0.0,0.0,0.0,728
6000050,N204,Ram Bhanga Bridge,A,50,24.13486599041322,91.47721464628098,0.0,0.0,0.0,0.0,0.0,729
6000057,N204,LABONGO GIRDER BRIDGE,A,40,24.1420552,91.4829577,0.0,0.0,0.0,0.0,0.0,730
6000060,N204,CHANDRI CULVERT (2 bridges at crossing),A,2,24.14440245,91.4833886,0.0,0.0,0.0,0.0,0.0,731
6000072,N204,CHANDPUR STEEL BEAM AND RCC SLAB (2 bridges at crossing),A,39,24.173166,91.5020833,0.0,0.0,0.0,0.0,0.0,732
6000090,N204,PICE MILL BOX CULVERT,A,3,24.2211938,91.5084722,0.0,0.0,0.0,0.0,0.0,733
6000092,N204,NORPATI BOX CULVERT,C,3,24.2274993,91.5060833,0.0,0.0,0.0,0.0,0.0,734
6000095,N204,NORPATI BOX CULVERT,C,24,24.2308049,91.5048611,0.0,0.0,0.0,0.0,0.0,735
6000106,N204,NEAR SHAIS TAGAMJ BOX CULVERT,A,4,24.2615,91.482416,0.0,0.0,0.0,0.0,0.0,736
6000100,N204,DORGAPUR RCC GIDER BRIDGE (2 bridges at crossing),A,18,24.25240275,91.49124965,0.0,0.0,0.0,0.0,0.0,737
