road,id,model_type,name,lat,lon,length,condition,lrp
N1,1000000,source,source,22.3586667,91.7822771,0,,LRP235b
N1,1000001,link,link 1,22.3691382,91.777666,1257,,LRP235a
N1,1000002,link,link 2,22.369166,91.7741938,357,,LRP235
N1,1000003,link,link 3,22.3762254893617,91.77054326631206,870,,LRP234b
N1,1000004,link,link 4,22.3764716,91.770416,30,,LRP234a
N1,1000005,bridge,Bridge start,22.3764716,91.770416,0,B,LRP234a
N1,1000006,link,link 5,22.379166,91.7675827,418,,LRP234
N1,1000007,link,link 6,22.3815271,91.7652222,358,,LRP233a
N1,1000008,link,link 7,22.3861663,91.7618333,623,,LRP233
N1,1000009,link,link 8,22.3887497,91.7607222,309,,LRP232d
N1,1000010,link,link 9,22.3892497,91.7605,60,,LRP232c
N1,1000011,bridge,Bridge start,22.3892497,91.7605,0,B,LRP232c
N1,1000012,link,link 10,22.3921108,91.75925,343,,LRP232b
N1,1000013,link,link 11,22.3937774,91.7588056,191,,LRP232a
N1,1000014,link,link 12,22.3944997,91.7586944,81,,LRP232
N1,1000015,link,link 13,22.3988052,91.7576667,490,,LRP231c
N1,1000016,link,link 14,22.3988608,91.7576667,6,,LRP231b
N1,1000017,bridge,Bridge start,22.3988608,91.7576667,0,B,LRP231b
N1,1000018,link,link 15,22.3996108,91.7573333,90,,LRP231a
N1,1000019,link,link 16,22.4032222,91.7565278,410,,LRP231
N1,1000020,link,link 17,22.40839921010101,91.75514357643098,593,,LRP230c
N1,1000021,link,link 18,22.4084167,91.7551389,2,,LRP230b
N1,1000022,link,link 19,22.4101111,91.7544444,201,,LRP230a
N1,1000023,link,link 20,22.4119167,91.7543611,201,,LRP230
N1,1000024,link,link 21,22.4182771,91.7506667,803,,LRP229b
N1,1000025,link,link 22,22.4185549,91.7504722,37,,LRP229a
N1,1000026,bridge,Bridge start,22.4185549,91.7504722,0,B,LRP229a
N1,1000027,link,link 23,22.4198882,91.7497774,165,,LRP229
N1,1000028,link,link 24,22.4269716,91.7439997,986,,LRP228
N1,1000029,link,link 25,22.4304438,91.7417219,452,,LRP227c
N1,1000030,link,link 26,22.4307493,91.7415274,39,,LRP227b
N1,1000031,bridge,Bridge start,22.4307493,91.7415274,0,B,LRP227b
N1,1000032,link,link 27,22.4333049,91.7403608,308,,LRP227a
N1,1000033,link,link 28,22.4349719,91.7396941,198,,LRP227
N1,1000034,link,link 29,22.4422219,91.7367497,861,,LRP226b
N1,1000035,link,link 30,22.4424997,91.7366663,32,,LRP226a
N1,1000036,bridge,Bridge start,22.4424997,91.7366663,0,B,LRP226a
N1,1000037,link,link 31,22.4433886,91.7364163,102,,LRP226
N1,1000038,link,link 32,22.45182350044248,91.7331283022124,997,,LRP225
N1,1000039,link,link 33,22.4586389,91.7304716,806,,LRP224b
N1,1000040,link,link 34,22.4588333,91.7303604,24,,LRP224a
N1,1000041,bridge,Bridge start,22.4588333,91.7303604,0,B,LRP224a
N1,1000042,link,link 35,22.4603056,91.7295827,182,,LRP224
N1,1000043,link,link 36,22.468416,91.7255827,991,,LRP223
N1,1000044,link,link 37,22.4694438,91.7250549,127,,LRP222a
N1,1000045,link,link 38,22.4765271,91.7213327,876,,LRP222
N1,1000046,link,link 39,22.4773049,91.7211104,89,,LRP221c
N1,1000047,link,link 40,22.4775271,91.7210549,25,,LRP221b
N1,1000048,bridge,Bridge start,22.4775271,91.7210549,0,B,LRP221b
N1,1000049,link,link 41,22.48280706570156,91.72005100244988,596,,LRP221a
N1,1000050,link,link 42,22.4854163,91.7195549,295,,LRP221
N1,1000051,link,link 43,22.4869441,91.7192771,172,,LRP220a
N1,1000052,link,link 44,22.494583,91.7170827,879,,LRP220
N1,1000053,link,link 45,22.4968052,91.7156389,288,,LRP219b
N1,1000054,link,link 46,22.4969163,91.7155556,15,,LRP219a
N1,1000055,bridge,Bridge start,22.4969163,91.7155556,0,B,LRP219a
N1,1000056,link,link 47,22.5025556,91.7130556,678,,LRP219
N1,1000057,link,link 48,22.503,91.7128056,56,,LRP218e
N1,1000058,link,link 49,22.5073056,91.7106389,528,,LRP218d
N1,1000059,link,link 50,22.5074444,91.7105556,18,,LRP218c
N1,1000060,bridge,Bridge start,22.508402750000002,91.710125,0,B,LRP218c
N1,1000061,link,link 51,22.5093611,91.7096944,0,,LRP218b
N1,1000062,link,link 52,22.5094444,91.7096389,11,,LRP218a
N1,1000063,bridge,Bridge start,22.5094444,91.7096389,0,B,LRP218a
N1,1000064,link,link 53,22.5106111,91.7090833,142,,LRP218
N1,1000065,link,link 54,22.5127778,91.7082222,257,,LRP217e
N1,1000066,link,link 55,22.5131389,91.7080833,43,,LRP217d
N1,1000067,bridge,Bridge start,22.5131389,91.7080833,0,B,LRP217d
N1,1000068,link,link 56,22.5147222,91.7074444,188,,LRP217c
N1,1000069,link,link 57,22.5161667,91.70675,176,,LRP217b
N1,1000070,link,link 58,22.5165556,91.7065833,47,,LRP217a
N1,1000071,bridge,Bridge start,22.5165556,91.7065833,0,B,LRP217a
N1,1000072,link,link 59,22.5187216,91.7055556,263,,LRP217
N1,1000073,link,link 60,22.519265407228914,91.70540328072288,62,,LRP216b
N1,1000074,link,link 61,22.519416,91.7053611,17,,LRP216a
N1,1000075,bridge,Bridge start,22.519416,91.7053611,0,B,LRP216a
N1,1000076,link,link 62,22.5273049,91.7019444,945,,LRP216
N1,1000077,link,link 63,22.5347774,91.698333,910,,LRP215a
N1,1000078,link,link 64,22.5354997,91.6979441,90,,LRP215
N1,1000079,link,link 65,22.5428608,91.6950274,872,,LRP214a
N1,1000080,link,link 66,22.5438886,91.6945274,125,,LRP214
N1,1000081,link,link 67,22.5501667,91.6903886,817,,LRP213b
N1,1000082,link,link 68,22.5503056,91.6902774,19,,LRP213a
N1,1000083,bridge,Bridge start,22.5503056,91.6902774,0,B,LRP213a
N1,1000084,link,link 69,22.5514167,91.6896941,137,,LRP213
N1,1000085,link,link 70,22.5594444,91.6872219,928,,LRP212
N1,1000086,link,link 71,22.5624722,91.6863608,348,,LRP211d
N1,1000087,link,link 72,22.564,91.6859441,175,,LRP211c
N1,1000088,link,link 73,22.5641389,91.6859163,16,,LRP211b
N1,1000089,bridge,Bridge start,22.5641389,91.6859163,0,B,LRP211b
N1,1000090,link,link 74,22.5664722,91.6851663,271,,LRP211a
N1,1000091,bridge,R. R TEXTAIL BOX CULVERT,22.5664722,91.6851663,4,A,LRP211a
N1,1000092,link,link 75,22.5679716,91.6846941,174,,LRP211
N1,1000093,link,link 76,22.5730549,91.6831938,586,,LRP210b
N1,1000094,link,link 77,22.5731938,91.6830827,19,,LRP210a
N1,1000095,bridge,Bridge start,22.5731938,91.6830827,0,B,LRP210a
N1,1000096,link,link 78,22.5763604,91.6818049,376,,LRP210
N1,1000097,link,link 79,22.5779438,91.6811382,189,,LRP209d
N1,1000098,link,link 80,22.580666,91.6799438,327,,LRP209c
N1,1000099,link,link 81,22.5834997,91.6785827,345,,LRP209b
N1,1000100,link,link 82,22.5836663,91.6784716,22,,LRP209a
N1,1000101,bridge,Bridge start,22.5836663,91.6784716,0,B,LRP209a
N1,1000102,link,link 83,22.584583,91.6780827,109,,LRP209
N1,1000103,link,link 84,22.5907497,91.6754716,736,,LRP208a
N1,1000104,link,link 85,22.5939997,91.6738327,399,,LRP208
N1,1000105,link,link 86,22.5942219,91.6737771,25,,LRP207d
N1,1000106,bridge,HATILOTA BOX CULVERT,22.5942219,91.6737771,4,A,LRP207d
N1,1000107,link,link 87,22.5994441,91.6703049,681,,LRP207c
N1,1000108,link,link 88,22.6000556,91.6699438,77,,LRP207b
N1,1000109,link,link 89,22.601,91.6692771,125,,LRP207a
N1,1000110,link,link 90,22.6015833,91.6688327,79,,LRP207
N1,1000111,link,link 91,22.6088889,91.6641111,946,,LRP206a
N1,1000112,link,link 92,22.6094444,91.6638333,68,,LRP206
N1,1000113,link,link 93,22.6123889,91.6622222,367,,LRP205b
N1,1000114,link,link 94,22.6168604,91.6588611,605,,LRP205a
N1,1000115,link,link 95,22.6169716,91.65875,17,,LRP205
N1,1000116,link,link 96,22.6175271,91.65825,80,,LRP204f
N1,1000117,bridge,MOHADAB PUR BOX CULVERT,22.6175271,91.65825,3,A,LRP204f
N1,1000118,link,link 97,22.6180271,91.6578333,70,,LRP204d
N1,1000119,link,link 98,22.6194993,91.6568889,190,,LRP204c
N1,1000120,bridge,Bridge start,22.6194993,91.6568889,0,B,LRP204c
N1,1000121,link,link 99,22.6206938,91.6563611,143,,LRP204b
N1,1000122,link,link 100,22.6234716,91.6553056,327,,LRP204a
N1,1000123,link,link 101,22.6252216,91.6545278,210,,LRP204
N1,1000124,link,link 102,22.625916,91.6541389,87,,LRP203b
N1,1000125,bridge,UTTOR SITAKONDO BAZAR BOX CULVERT,22.625916,91.6541389,6,B,LRP203b
N1,1000126,link,link 103,22.6320271,91.6503889,781,,LRP203a
N1,1000127,link,link 104,22.6330827,91.649833,131,,LRP203
N1,1000128,link,link 105,22.6338608,91.6494719,94,,LRP202a
N1,1000129,link,link 106,22.641583,91.6451108,968,,LRP202
N1,1000130,link,link 107,22.6452774,91.6430552,462,,LRP201b
N1,1000131,link,link 108,22.6489997,91.6411108,459,,LRP201a
N1,1000132,link,link 109,22.6494997,91.640833,62,,LRP201
N1,1000133,link,link 110,22.6527778,91.6391663,403,,LRP200b
N1,1000134,link,link 111,22.6543889,91.6381386,208,,LRP200a
N1,1000135,bridge,RONA SORA CULVERT,22.6543889,91.6381386,3,A,LRP200a
N1,1000136,link,link 112,22.6571389,91.636333,358,,LRP200
N1,1000137,link,link 113,22.6596667,91.6347219,326,,LRP199b
N1,1000138,link,link 114,22.6638333,91.6321382,534,,LRP199a
N1,1000139,link,link 115,22.6649167,91.6315549,135,,LRP199
N1,1000140,link,link 116,22.6678604,91.6301104,359,,LRP198c
N1,1000141,link,link 117,22.6722493,91.6285271,514,,LRP198b
N1,1000142,link,link 118,22.6733049,91.6280827,126,,LRP198a
N1,1000143,link,link 119,22.6743049,91.6277493,116,,LRP198
N1,1000144,link,link 120,22.6751382,91.6274438,98,,LRP197b
N1,1000145,link,link 121,22.6769438,91.6268327,210,,LRP197a
N1,1000146,bridge,TARAT BOX CULVERT,22.6769438,91.6268327,6,A,LRP197a
N1,1000147,link,link 122,22.6825549,91.6241938,680,,LRP197
N1,1000148,link,link 123,22.685083,91.6228327,314,,LRP196b
N1,1000149,link,link 124,22.689583,91.6208327,541,,LRP196a
N1,1000150,link,link 125,22.6904163,91.6205271,98,,LRP196
N1,1000151,link,link 126,22.6919719,91.6198604,186,,LRP195a
N1,1000152,link,link 127,22.6984997,91.616666,796,,LRP195
N1,1000153,link,link 128,22.7002222,91.6157778,212,,LRP194c
N1,1000154,link,link 129,22.7033056,91.6142222,378,,LRP194b
N1,1000155,link,link 130,22.706,91.6126944,338,,LRP194a
N1,1000156,link,link 131,22.7065556,91.6123611,71,,LRP194
N1,1000157,link,link 132,22.7076111,91.6118056,130,,LRP193b
N1,1000158,link,link 133,22.7124167,91.6090556,604,,LRP193a
N1,1000159,link,link 134,22.7143889,91.6079444,247,,LRP193
N1,1000160,link,link 135,22.716,91.6069167,208,,LRP192b
N1,1000161,link,link 136,22.7165556,91.6065556,72,,LRP192a
N1,1000162,link,link 137,22.7185549,91.6053056,257,,LRP192
N1,1000163,link,link 138,22.7221104,91.6030833,456,,LRP191a
N1,1000164,link,link 139,22.7263882,91.6007778,531,,LRP191
N1,1000165,link,link 140,22.7349163,91.5979719,991,,LRP190a
N1,1000166,link,link 141,22.7349997,91.5979441,10,,LRP190
N1,1000167,link,link 142,22.7433052,91.5950274,971,,LRP189a
N1,1000168,link,link 143,22.7435552,91.5949163,30,,LRP189
N1,1000169,link,link 144,22.7496386,91.5916386,755,,LRP188a
N1,1000170,link,link 145,22.7513333,91.5903608,230,,LRP188
N1,1000171,link,link 146,22.7525,91.5894719,159,,LRP187b
N1,1000172,link,link 147,22.7526389,91.5893608,19,,LRP187a
N1,1000173,bridge,VARTAKA BOX CULVERT,22.7526389,91.5893608,13,A,LRP187a
N1,1000174,link,link 148,22.7585278,91.5845274,821,,LRP187
N1,1000175,link,link 149,22.7621944,91.5811382,536,,LRP186a
N1,1000176,link,link 150,22.7654722,91.5785549,451,,LRP186
N1,1000177,link,link 151,22.7661944,91.5779993,98,,LRP185b
N1,1000178,link,link 152,22.7693604,91.5756104,429,,LRP185a
N1,1000179,link,link 153,22.7730271,91.5734716,463,,LRP185
N1,1000180,link,link 154,22.7732771,91.5733604,30,,LRP184c
N1,1000181,link,link 155,22.7771104,91.5713327,474,,LRP184b
N1,1000182,link,link 156,22.7811382,91.5696382,480,,LRP184a
N1,1000183,link,link 157,22.7812216,91.5695827,11,,LRP184
N1,1000184,link,link 158,22.7813327,91.5695271,14,,LRP183a
N1,1000185,link,link 159,22.7893608,91.5655833,980,,LRP183
N1,1000186,link,link 160,22.7896108,91.5654444,31,,LRP182b
N1,1000187,link,link 161,22.7934163,91.5633333,475,,LRP182a
N1,1000188,link,link 162,22.7974719,91.5613611,494,,LRP182
N1,1000189,link,link 163,22.8045833,91.5591111,824,,LRP181a
N1,1000190,link,link 164,22.8059444,91.5589167,153,,LRP181
N1,1000191,link,link 165,22.8059722,91.5589167,3,,LRP180c
N1,1000192,link,link 166,22.808,91.5579167,248,,LRP180b
N1,1000193,link,link 167,22.8110556,91.5563889,374,,LRP180a
N1,1000194,link,link 168,22.8141389,91.5555833,353,,LRP180
N1,1000195,link,link 169,22.8228049,91.5531389,996,,LRP179
N1,1000196,link,link 170,22.8239438,91.5528333,130,,LRP178a
N1,1000197,bridge,PURPU DURGAPURE BOX CUL,22.8239438,91.5528333,12,C,LRP178a
N1,1000198,link,link 171,22.8313882,91.5503611,866,,LRP178
N1,1000199,link,link 172,22.8372497,91.5492497,662,,LRP177a
N1,1000200,link,link 173,22.8401941,91.5490552,328,,LRP177
N1,1000201,link,link 174,22.8432497,91.5482219,350,,LRP176d
N1,1000202,bridge,MASTARI HAGOR 3 CULVERT,22.8432497,91.5482219,2,A,LRP176d
N1,1000203,link,link 175,22.8452219,91.5475274,231,,LRP176c
N1,1000204,bridge,MUSTAU NOGAR(2),22.8452219,91.5475274,3,A,LRP176c
N1,1000205,link,link 176,22.8484441,91.5464163,376,,LRP176b
N1,1000206,link,link 177,22.8485274,91.5463886,10,,LRP176a
N1,1000207,bridge,MASTANNAGOR BONCUL(1),22.8485274,91.5463886,8,A,LRP176a
N1,1000208,link,link 178,22.8486663,91.5463608,16,,LRP176
N1,1000209,link,link 179,22.8550556,91.545833,713,,LRP175b
N1,1000210,bridge,MAMAFAKIR ASTANA SLAB CULVERT,22.8550556,91.545833,2,A,LRP175b
N1,1000211,link,link 180,22.856,91.5457219,106,,LRP175a
N1,1000212,bridge,MAMAFOUN ASTANA CULVERT,22.856,91.5457219,2,A,LRP175a
N1,1000213,link,link 181,22.8575556,91.5456386,173,,LRP175
N1,1000214,link,link 182,22.8595833,91.5454719,226,,LRP174b
N1,1000215,bridge,MADDUM SONAPHAR-3,22.8595833,91.5454719,2,A,LRP174b
N1,1000216,link,link 183,22.86111772310757,91.54512584501992,174,,LRP174a
N1,1000217,bridge,DHARBAR TILA CULVERT,22.86111772310757,91.54512584501992,4,A,LRP174a
N1,1000218,link,link 184,22.8661111,91.5439997,567,,LRP174
N1,1000219,link,link 185,22.868416,91.5431663,270,,LRP173b
N1,1000220,bridge,MADDAM SONAPAR(1) BOX CULVERT,22.868416,91.5431663,2,A,LRP173b
N1,1000221,link,link 186,22.8731382,91.5414441,554,,LRP173a
N1,1000222,bridge,CHAIRMEN BARI BOX CULVERT,22.8731382,91.5414441,2,A,LRP173a
N1,1000223,link,link 187,22.8744438,91.5409719,153,,LRP173
N1,1000224,link,link 188,22.875166,91.5407219,84,,LRP172b
N1,1000225,link,link 189,22.8829993,91.5381663,910,,LRP172
N1,1000226,link,link 190,22.8916386,91.5354719,1000,,LRP171
N1,1000227,link,link 191,22.8921663,91.5353052,61,,LRP170d
N1,1000228,link,link 192,22.8929719,91.5350274,94,,LRP170c
N1,1000229,link,link 193,22.8939997,91.5346941,119,,LRP170b
N1,1000230,link,link 194,22.8994441,91.5336108,615,,LRP170a
N1,1000231,link,link 195,22.9003333,91.5333608,102,,LRP170
N1,1000232,link,link 196,22.9046667,91.5314438,520,,LRP169a
N1,1000233,link,link 197,22.9085833,91.5294993,479,,LRP169
N1,1000234,link,link 198,22.9138056,91.5268604,641,,LRP168b
N1,1000235,link,link 199,22.9156667,91.5259438,227,,LRP168a
N1,1000236,bridge,DHOOM GHAT PC GIRDER,22.9156667,91.5259438,221,B,LRP168a
N1,1000237,link,link 200,22.9167216,91.5253882,130,,LRP168
N1,1000238,link,link 201,22.9248882,91.5213327,999,,LRP167
N1,1000239,link,link 202,22.9329716,91.5172216,993,,LRP166
N1,1000240,link,link 203,22.940833,91.5124444,1002,,LRP165
N1,1000241,link,link 204,22.9439441,91.5108611,382,,LRP164a
N1,1000242,link,link 205,22.9482774,91.50725,607,,LRP164
N1,1000243,link,link 206,22.949583,91.5027778,480,,LRP163b
N1,1000244,link,link 207,22.9496663,91.5007778,205,,LRP163a
N1,1000245,bridge,Bridge start,22.9496663,91.5007778,0,B,LRP163a
N1,1000246,link,link 208,22.9497774,91.4980274,282,,LRP163
N1,1000247,link,link 209,22.9497497,91.4883608,990,,LRP162
N1,1000248,link,link 210,22.9484997,91.4786938,1000,,LRP161
N1,1000249,link,link 211,22.9483608,91.4761382,262,,LRP160a
N1,1000250,link,link 212,22.9479997,91.4689993,732,,LRP160
N1,1000251,link,link 213,22.9514444,91.4600278,995,,LRP159
N1,1000252,link,link 214,22.9561389,91.4517778,993,,LRP158
N1,1000253,link,link 215,22.9611667,91.4433886,1025,,LRP157
N1,1000254,link,link 216,22.9618056,91.4424997,115,,LRP156b
N1,1000255,link,link 217,22.9624167,91.4416941,107,,LRP156a
N1,1000256,bridge,LAMUA BRIDGE,22.9624167,91.4416941,94,B,LRP156a
N1,1000257,link,link 218,22.9663333,91.4356108,760,,LRP156
N1,1000258,link,link 219,22.9711382,91.4273882,997,,LRP155
N1,1000259,link,link 220,22.9774438,91.4205827,988,,LRP154
N1,1000260,link,link 221,22.9842219,91.4137222,1030,,LRP153
N1,1000261,link,link 222,22.9858886,91.4120556,252,,LRP152b
N1,1000262,link,link 223,22.9877774,91.41,297,,LRP152a
N1,1000263,link,link 224,22.9906941,91.4072222,431,,LRP152
N1,1000264,link,link 225,22.9960552,91.4006667,898,,LRP151b
N1,1000265,link,link 226,22.9961941,91.4005,23,,LRP151a
N1,1000266,bridge,Bridge start,22.9961941,91.4005,0,B,LRP151a
N1,1000267,link,link 227,22.9963886,91.3998052,74,,LRP151
N1,1000268,link,link 228,23.0018889,91.3920552,1002,,LRP150
N1,1000269,link,link 229,23.0095556,91.3813604,1387,,LRP148a
N1,1000270,link,link 230,23.0132778,91.3769438,613,,LRP148
N1,1000271,link,link 231,23.0140833,91.3759716,134,,LRP147b
N1,1000272,link,link 232,23.0185271,91.3708327,722,,LRP147a
N1,1000273,link,link 233,23.0193604,91.3697771,142,,LRP147
N1,1000274,link,link 234,23.0248327,91.3655278,748,,LRP146a
N1,1000275,link,link 235,23.0269716,91.3655,238,,LRP146
N1,1000276,link,link 236,23.029416,91.3656389,272,,LRP145a
N1,1000277,link,link 237,23.0360274,91.36575,735,,LRP145
N1,1000278,link,link 238,23.0398052,91.3656111,420,,LRP144b
N1,1000279,link,link 239,23.0427774,91.3654444,331,,LRP144a
N1,1000280,link,link 240,23.0449719,91.3653611,244,,LRP144
N1,1000281,link,link 241,23.0479441,91.3651389,331,,LRP143a
N1,1000282,link,link 242,23.0538611,91.3637222,674,,LRP143
N1,1000283,link,link 243,23.0614722,91.3616667,872,,LRP142a
N1,1000284,link,link 244,23.0635278,91.3616389,229,,LRP142
N1,1000285,link,link 245,23.0636944,91.3616389,19,,LRP141b
N1,1000286,link,link 246,23.0688604,91.3607222,582,,LRP141a
N1,1000287,link,link 247,23.0712493,91.3599722,276,,LRP141
N1,1000288,link,link 248,23.0732493,91.3594167,230,,LRP140a
N1,1000289,link,link 249,23.0792493,91.3558333,761,,LRP140
N1,1000290,link,link 250,23.0806938,91.3549444,185,,LRP139c
N1,1000291,link,link 251,23.0808049,91.3548611,15,,LRP139b
N1,1000292,bridge,UTTOR KAIEATI CULVERT,23.0808049,91.3548611,4,A,LRP139b
N1,1000293,link,link 252,23.0849719,91.3524722,524,,LRP139a
N1,1000294,link,link 253,23.0876108,91.3508889,335,,LRP139
N1,1000295,link,link 254,23.0901108,91.3494163,316,,LRP138a
N1,1000296,link,link 255,23.095583,91.3464441,680,,LRP138
N1,1000297,link,link 256,23.0961941,91.3461108,76,,LRP137b
N1,1000298,link,link 257,23.1005833,91.3437774,543,,LRP137a
N1,1000299,link,link 258,23.1035,91.3422497,360,,LRP137
N1,1000300,link,link 259,23.1051111,91.3413608,201,,LRP136b
N1,1000301,link,link 260,23.1108056,91.3381386,714,,LRP136a
N1,1000302,link,link 261,23.1113611,91.3378052,71,,LRP136
N1,1000303,link,link 262,23.1191382,91.3330827,990,,LRP135
N1,1000304,link,link 263,23.1193049,91.3329993,20,,LRP134a
N1,1000305,bridge,FOKIR BAZAR SLAB CULVERT,23.1193049,91.3329993,4,B,LRP134a
N1,1000306,link,link 264,23.1213327,91.3320549,245,,LRP134
N1,1000307,link,link 265,23.1234993,91.3311382,259,,LRP133b
N1,1000308,link,link 266,23.1290827,91.3287216,668,,LRP133a
N1,1000309,link,link 267,23.1295827,91.3284993,60,,LRP133
N1,1000310,link,link 268,23.1374163,91.3264716,895,,LRP132a
N1,1000311,link,link 269,23.1382219,91.3263049,91,,LRP132
N1,1000312,link,link 270,23.1433886,91.326666,576,,LRP131a
N1,1000313,bridge,DIMATOLY (2) BOX CULVERT,23.1433886,91.326666,4,B,LRP131a
N1,1000314,link,link 271,23.1471663,91.3266938,420,,LRP131
N1,1000315,link,link 272,23.1480274,91.3264993,98,,LRP130b
N1,1000316,link,link 273,23.1496941,91.3254993,212,,LRP130a
N1,1000317,link,link 274,23.1554167,91.3232771,676,,LRP130
N1,1000318,link,link 275,23.1571667,91.3224993,210,,LRP129a
N1,1000319,link,link 276,23.1641389,91.3214993,782,,LRP129
N1,1000320,link,link 277,23.1680549,91.3213604,436,,LRP128b
N1,1000321,link,link 278,23.1681382,91.3213604,9,,LRP128a
N1,1000322,bridge,Bridge start,23.1681382,91.3213604,0,B,LRP128a
N1,1000323,link,link 279,23.172916,91.3205271,538,,LRP128
N1,1000324,link,link 280,23.1773604,91.3198049,500,,LRP127a
N1,1000325,link,link 281,23.1826382,91.3210827,601,,LRP127
N1,1000326,link,link 282,23.1866108,91.3212771,442,,LRP126b
N1,1000327,link,link 283,23.1866941,91.3212493,10,,LRP126a
N1,1000328,bridge,BOSONTA PUR BOX CULVERT,23.1866941,91.3212493,6,C,LRP126a
N1,1000329,link,link 284,23.1909997,91.3192493,521,,LRP126
N1,1000330,link,link 285,23.1921108,91.3185549,142,,LRP125a
N1,1000331,link,link 286,23.1990274,91.3170549,784,,LRP125
N1,1000332,link,link 287,23.201,91.3168049,221,,LRP124a
N1,1000333,link,link 288,23.2078889,91.3159722,771,,LRP124
N1,1000334,link,link 289,23.2103056,91.3157222,270,,LRP123a
N1,1000335,link,link 290,23.2165556,91.3149167,700,,LRP123
N1,1000336,link,link 291,23.2184993,91.3143889,223,,LRP122b
N1,1000337,link,link 292,23.221416,91.3137222,331,,LRP122a
N1,1000338,link,link 293,23.2253882,91.3135833,442,,LRP122
N1,1000339,link,link 294,23.2275549,91.3135278,241,,LRP121b
N1,1000340,link,link 295,23.2314993,91.3132222,440,,LRP121a
N1,1000341,link,link 296,23.2343052,91.3131667,312,,LRP121
N1,1000342,link,link 297,23.2344997,91.3131667,22,,LRP120b
N1,1000343,link,link 298,23.2416941,91.3123611,804,,LRP120a
N1,1000344,link,link 299,23.243083,91.3119167,161,,LRP120
N1,1000345,link,link 300,23.2452774,91.3110556,259,,LRP119d
N1,1000346,link,link 301,23.2481663,91.3098889,343,,LRP119c
N1,1000347,link,link 302,23.248333,91.3098056,20,,LRP119b
N1,1000348,bridge,Bridge start,23.248333,91.3098056,0,B,LRP119b
N1,1000349,link,link 303,23.249833,91.3091944,178,,LRP119a
N1,1000350,link,link 304,23.2511944,91.3086389,162,,LRP119
N1,1000351,link,link 305,23.2587222,91.3074444,846,,LRP118a
N1,1000352,link,link 306,23.2601111,91.3072778,155,,LRP118
N1,1000353,link,link 307,23.2636667,91.30675,399,,LRP117c
N1,1000354,link,link 308,23.2654444,91.3064444,200,,LRP117b
N1,1000355,link,link 309,23.2677493,91.3054722,275,,LRP117a
N1,1000356,link,link 310,23.2686382,91.3049722,111,,LRP117
N1,1000357,link,link 311,23.2768882,91.3011944,995,,LRP116
N1,1000358,link,link 312,23.2787216,91.3002778,224,,LRP115a
N1,1000359,link,link 313,23.283583,91.2952219,748,,LRP115
N1,1000360,link,link 314,23.2876663,91.2936386,482,,LRP114a
N1,1000361,link,link 315,23.2919163,91.2922219,494,,LRP114
N1,1000362,link,link 316,23.2959719,91.2915274,457,,LRP113b
N1,1000363,link,link 317,23.296083,91.2914997,13,,LRP113a
N1,1000364,bridge,Bridge start,23.296083,91.2914997,0,B,LRP113a
N1,1000365,link,link 318,23.3006111,91.290333,517,,LRP113
N1,1000366,link,link 319,23.30425,91.288583,442,,LRP112a
N1,1000367,link,link 320,23.3086944,91.2864163,541,,LRP112
N1,1000368,link,link 321,23.3096389,91.2861386,109,,LRP111c
N1,1000369,link,link 322,23.31475,91.2845552,591,,LRP111b
N1,1000370,link,link 323,23.3149444,91.2844719,23,,LRP111a
N1,1000371,bridge,Bridge start,23.3149444,91.2844719,0,B,LRP111a
N1,1000372,link,link 324,23.3171382,91.2836941,257,,LRP111
N1,1000373,link,link 325,23.3240827,91.279166,900,,LRP110b
N1,1000374,link,link 326,23.324166,91.2791104,11,,LRP110a
N1,1000375,bridge,Bridge start,23.324166,91.2791104,0,B,LRP110a
N1,1000376,link,link 327,23.3246382,91.278666,69,,LRP110
N1,1000377,link,link 328,23.3321938,91.2734716,994,,LRP109
N1,1000378,link,link 329,23.3347219,91.271166,367,,LRP108c
N1,1000379,link,link 330,23.3357219,91.2703049,142,,LRP108b
N1,1000380,link,link 331,23.3360274,91.2700549,42,,LRP108a
N1,1000381,bridge,Bridge start,23.3360274,91.2700549,0,B,LRP108a
N1,1000382,link,link 332,23.3390552,91.2672216,444,,LRP108
N1,1000383,link,link 333,23.3463608,91.2616944,989,,LRP107
N1,1000384,link,link 334,23.3486386,91.2599444,310,,LRP106a
N1,1000385,link,link 335,23.3536944,91.2561389,683,,LRP106
N1,1000386,link,link 336,23.3584444,91.2533333,601,,LRP105b
N1,1000387,link,link 337,23.3586389,91.25325,23,,LRP105a
N1,1000388,bridge,Bridge start,23.3586389,91.25325,0,B,LRP105a
N1,1000389,link,link 338,23.3615278,91.2515556,365,,LRP105
N1,1000390,link,link 339,23.3683327,91.2471108,882,,LRP104a
N1,1000391,link,link 340,23.3695827,91.2462774,163,,LRP104
N1,1000392,link,link 341,23.377166,91.2409163,1005,,LRP103
N1,1000393,link,link 342,23.3777493,91.2405274,76,,LRP102b
N1,1000394,link,link 343,23.3779716,91.2403608,30,,LRP102a
N1,1000395,bridge,Bridge start,23.3779716,91.2403608,0,B,LRP102a
N1,1000396,link,link 344,23.3843886,91.2351108,892,,LRP102
N1,1000397,link,link 345,23.3849719,91.2346108,83,,LRP101c
N1,1000398,link,link 346,23.385083,91.2345552,14,,LRP101b
N1,1000399,link,link 347,23.3914441,91.2293049,887,,LRP101a
N1,1000400,link,link 348,23.3915274,91.2292493,11,,LRP101
N1,1000401,link,link 349,23.398213447804338,91.22288776581436,987,,LRP100
N1,1000402,link,link 350,23.4035556,91.2178049,789,,LRP099b
N1,1000403,link,link 351,23.40375,91.2176382,28,,LRP099a
N1,1000404,bridge,Bridge start,23.40375,91.2176382,0,B,LRP099a
N1,1000405,link,link 352,23.4048056,91.2165278,163,,LRP099
N1,1000406,link,link 353,23.4100278,91.2090833,956,,LRP098a
N1,1000407,link,link 354,23.4100833,91.2087778,32,,LRP098
N1,1000408,link,link 355,23.4113056,91.1988886,1018,,LRP097
N1,1000409,link,link 356,23.4125,91.1893886,978,,LRP096
N1,1000410,link,link 357,23.4130556,91.1849163,461,,LRP095b
N1,1000411,link,link 358,23.4131111,91.1846663,26,,LRP095a
N1,1000412,bridge,Bridge start,23.4131111,91.1846663,0,B,LRP095a
N1,1000413,link,link 359,23.4149444,91.1801382,505,,LRP095
N1,1000414,link,link 360,23.4191382,91.1721938,935,,LRP094a
N1,1000415,link,link 361,23.4195271,91.171416,90,,LRP094
N1,1000416,link,link 362,23.4213604,91.167666,434,,LRP093c
N1,1000417,link,link 363,23.423416,91.1632778,503,,LRP093b
N1,1000418,link,link 364,23.4235827,91.1629722,36,,LRP093a
N1,1000419,bridge,Bridge start,23.4235827,91.1629722,0,B,LRP093a
N1,1000420,link,link 365,23.4236938,91.1626944,31,,LRP093
N1,1000421,link,link 366,23.4288882,91.1553889,943,,LRP092
N1,1000422,link,link 367,23.4373886,91.1521944,1000,,LRP091
N1,1000423,link,link 368,23.4425274,91.1497774,622,,LRP090
N1,1000424,link,link 369,23.4469441,91.1481386,519,,LRP089c
N1,1000425,link,link 370,23.4486386,91.1472497,209,,LRP089b
N1,1000426,link,link 371,23.448833,91.1471386,24,,LRP089a
N1,1000427,bridge,Bridge start,23.448833,91.1471386,0,B,LRP089a
N1,1000428,link,link 372,23.4513056,91.1460552,296,,LRP089
N1,1000429,link,link 373,23.459,91.142333,936,,LRP088a
N1,1000430,link,link 374,23.4595833,91.1421386,68,,LRP088
N1,1000431,link,link 375,23.4682216,91.1394441,999,,LRP087
N1,1000432,link,link 376,23.4767216,91.1364441,993,,LRP086
N1,1000433,link,link 377,23.4800827,91.1276382,973,,LRP085
N1,1000434,link,link 378,23.4793327,91.1234716,433,,LRP084b
N1,1000435,bridge,TIPRA BAZAR BOX CULVERT,23.4793327,91.1234716,1,A,LRP084b
N1,1000436,link,link 379,23.4789716,91.118166,543,,LRP084a
N1,1000437,link,link 380,23.4789716,91.1179993,17,,LRP084
N1,1000438,link,link 381,23.4789438,91.1177216,28,,LRP083a
N1,1000439,link,link 382,23.4779993,91.1055278,1248,,LRP083
N1,1000440,link,link 383,23.4778604,91.1036111,196,,LRP082a
N1,1000441,link,link 384,23.4775549,91.0986663,505,,LRP082
N1,1000442,link,link 385,23.4781938,91.0889997,988,,LRP081
N1,1000443,link,link 386,23.4770271,91.0794716,980,,LRP080
N1,1000444,link,link 387,23.4770827,91.0789993,49,,LRP079a
N1,1000445,link,link 388,23.4801104,91.0706382,917,,LRP079
N1,1000446,link,link 389,23.4815549,91.0613611,960,,LRP078
N1,1000447,link,link 390,23.4815271,91.0590278,238,,LRP077a
N1,1000448,link,link 391,23.4821382,91.0516944,751,,LRP077
N1,1000449,link,link 392,23.4820827,91.0504167,130,,LRP076a
N1,1000450,link,link 393,23.4814716,91.0419719,864,,LRP076
N1,1000451,link,link 394,23.481166,91.0404441,159,,LRP075a
N1,1000452,link,link 395,23.4827771,91.0321382,866,,LRP075
N1,1000453,link,link 396,23.4846386,91.0229438,960,,LRP074
N1,1000454,link,link 397,23.488333,91.0140833,993,,LRP073
N1,1000455,link,link 398,23.4889441,91.01225,199,,LRP072b
N1,1000456,link,link 399,23.4890552,91.0120278,26,,LRP072a
N1,1000457,bridge,Bridge start,23.4890552,91.0120278,0,B,LRP072a
N1,1000458,link,link 400,23.4893052,91.0112778,81,,LRP072
N1,1000459,link,link 401,23.4896108,91.0043056,712,,LRP071
N1,1000460,link,link 402,23.4893886,91.0034722,89,,LRP070b
N1,1000461,link,link 403,23.4894441,91.0033056,18,,LRP070a
N1,1000462,link,link 404,23.4911386,90.9950274,865,,LRP070
N1,1000463,link,link 405,23.4942497,90.985833,999,,LRP069
N1,1000464,link,link 406,23.4951386,90.9829993,305,,LRP068a
N1,1000465,link,link 407,23.4942219,90.9765549,665,,LRP068
N1,1000466,link,link 408,23.4972774,90.9674716,987,,LRP067
N1,1000467,link,link 409,23.4980552,90.9660278,171,,LRP066a
N1,1000468,link,link 410,23.4986386,90.9651111,114,,LRP066
N1,1000469,link,link 411,23.4995274,90.9541667,1120,,LRP065
N1,1000470,link,link 412,23.5020278,90.9448886,986,,LRP064
N1,1000471,link,link 413,23.5028611,90.9412774,380,,LRP063c
N1,1000472,link,link 414,23.5038611,90.9371386,436,,LRP063b
N1,1000473,link,link 415,23.5043333,90.9354719,178,,LRP063a
N1,1000474,link,link 416,23.5042778,90.9354163,8,,LRP063
N1,1000475,link,link 417,23.5055278,90.9257216,998,,LRP062
N1,1000476,link,link 418,23.5057222,90.9160278,989,,LRP061
N1,1000477,link,link 419,23.50575,90.91525,79,,LRP060a
N1,1000478,link,link 420,23.5062778,90.9063889,905,,LRP060
N1,1000479,link,link 421,23.5056389,90.8966108,1000,,LRP059
N1,1000480,link,link 422,23.5056111,90.8958886,74,,LRP058a
N1,1000481,link,link 423,23.506,90.8869163,916,,LRP058
N1,1000482,link,link 424,23.5088056,90.8778604,975,,LRP057
N1,1000483,link,link 425,23.5126667,90.871416,785,,LRP056c
N1,1000484,link,link 426,23.5131111,90.8706382,93,,LRP056b
N1,1000485,link,link 427,23.5133056,90.8703049,40,,LRP056a
N1,1000486,bridge,Bridge start,23.5133056,90.8703049,0,B,LRP056a
N1,1000487,link,link 428,23.5135833,90.8697771,62,,LRP056
N1,1000488,link,link 429,23.5170827,90.8607778,997,,LRP055
N1,1000489,link,link 430,23.5174993,90.8513889,958,,LRP054
N1,1000490,link,link 431,23.523166,90.8438886,991,,LRP053
N1,1000491,link,link 432,23.5270549,90.8391386,649,,LRP052a
N1,1000492,link,link 433,23.5292216,90.8365274,359,,LRP052
N1,1000493,link,link 434,23.5344997,90.8287216,989,,LRP051
N1,1000494,link,link 435,23.5347219,90.8251104,369,,LRP050b
N1,1000495,link,link 436,23.5346663,90.8249716,15,,LRP050a
N1,1000496,bridge,Bridge start,23.5346663,90.8249716,0,B,LRP050a
N1,1000497,link,link 437,23.5332493,90.8194716,582,,LRP050
N1,1000498,link,link 438,23.5316382,90.8099167,990,,LRP049
N1,1000499,link,link 439,23.530916,90.8043611,572,,LRP048b
N1,1000500,link,link 440,23.5308882,90.8041389,23,,LRP048a
N1,1000501,bridge,Bridge start,23.5308882,90.8041389,0,B,LRP048a
N1,1000502,link,link 441,23.5308604,90.8002222,399,,LRP048
N1,1000503,link,link 442,23.5306938,90.7924441,793,,LRP047a
N1,1000504,link,link 443,23.531166,90.7907219,183,,LRP047
N1,1000505,link,link 444,23.5312216,90.7895552,119,,LRP046c
N1,1000506,link,link 445,23.530666,90.7821938,753,,LRP046b
N1,1000507,link,link 446,23.5307493,90.7816104,60,,LRP046a
N1,1000508,link,link 447,23.5308049,90.7811104,51,,LRP046
N1,1000509,link,link 448,23.5304993,90.7731104,816,,LRP045a
N1,1000510,link,link 449,23.5304438,90.7713049,184,,LRP045
N1,1000511,link,link 450,23.5299993,90.7615,1001,,LRP044
N1,1000512,link,link 451,23.529416,90.75175,996,,LRP043
N1,1000513,link,link 452,23.5293882,90.7515833,17,,LRP042b
N1,1000514,link,link 453,23.5293882,90.7514167,17,,LRP042a
N1,1000515,bridge,Bridge start,23.5293882,90.7514167,0,B,LRP042a
N1,1000516,link,link 454,23.5289993,90.7419441,967,,LRP042
N1,1000517,link,link 455,23.528916,90.7356108,646,,LRP041
N1,1000518,link,link 456,23.5327216,90.7269993,975,,LRP040
N1,1000519,link,link 457,23.5322346,90.7226298386,449,,LRP039a
N1,1000520,link,link 458,23.5317216,90.7180271,473,,LRP039
N1,1000521,link,link 459,23.5315827,90.7176104,45,,LRP038e
N1,1000522,link,link 460,23.5315271,90.7173604,26,,LRP038d
N1,1000523,bridge,Bridge start,23.5315271,90.7173604,0,B,LRP038d
N1,1000524,link,link 461,23.5314716,90.7172216,15,,LRP038c
N1,1000525,link,link 462,23.5313882,90.7153611,190,,LRP038b
N1,1000526,link,link 463,23.5307771,90.7090278,649,,LRP038a
N1,1000527,link,link 464,23.5307493,90.7082778,77,,LRP038
N1,1000528,link,link 465,23.5301382,90.6984997,999,,LRP037
N1,1000529,link,link 466,23.529916,90.6952219,335,,LRP036a
N1,1000530,link,link 467,23.5301938,90.688833,652,,LRP036
N1,1000531,link,link 468,23.5341386,90.6843052,637,,LRP035c
N1,1000532,link,link 469,23.5358608,90.6823604,276,,LRP035b
N1,1000533,link,link 470,23.536083,90.6821382,34,,LRP035a
N1,1000534,bridge,Bridge start,23.536083,90.6821382,0,B,LRP035a
N1,1000535,link,link 471,23.5362497,90.681916,29,,LRP035
N1,1000536,link,link 472,23.542583,90.6749438,1001,,LRP034
N1,1000537,link,link 473,23.5442219,90.6731104,261,,LRP033c
N1,1000538,link,link 474,23.5469441,90.6699993,438,,LRP033b
N1,1000539,link,link 475,23.5474163,90.6694438,77,,LRP033a
N1,1000540,bridge,NOYAPARA,23.5474163,90.6694438,5,A,LRP033a
N1,1000541,link,link 476,23.5487497,90.6678327,221,,LRP033
N1,1000542,link,link 477,23.5523333,90.6636667,582,,LRP032a
N1,1000543,link,link 478,23.5538056,90.6619722,238,,LRP032
N1,1000544,link,link 479,23.5562222,90.6591389,394,,LRP031c
N1,1000545,link,link 480,23.5564444,90.6588611,38,,LRP031b
N1,1000546,bridge,Bhaber char Bridge(R),23.5564444,90.6588611,30,A,LRP031b
N1,1000547,link,link 481,23.5590278,90.6559444,413,,LRP031a
N1,1000548,link,link 482,23.5599722,90.6548056,157,,LRP031
N1,1000549,link,link 483,23.5602222,90.6545,42,,LRP030d
N1,1000550,link,link 484,23.5604167,90.6542222,36,,LRP030c
N1,1000551,bridge,Bridge start,23.56205555,90.65234720000001,0,B,LRP030c
N1,1000552,link,link 485,23.5636944,90.6504722,0,,LRP030b
N1,1000553,link,link 486,23.5639167,90.6501944,38,,LRP030a
N1,1000554,bridge,Bridge start,23.5639167,90.6501944,0,B,LRP030a
N1,1000555,link,link 487,23.5666111,90.6481663,364,,LRP030
N1,1000556,link,link 488,23.5718327,90.6453052,650,,LRP029b
N1,1000557,link,link 489,23.572166,90.6451108,42,,LRP029a
N1,1000558,bridge,Anarpara Bridge (R),23.572166,90.6451108,30,A,LRP029a
N1,1000559,link,link 490,23.5745271,90.6436941,300,,LRP029
N1,1000560,link,link 491,23.5776104,90.6421108,379,,LRP028c
N1,1000561,link,link 492,23.577916,90.6419719,37,,LRP028b
N1,1000562,link,link 493,23.5825827,90.6381386,650,,LRP028a
N1,1000563,bridge,Bridge end,23.5825827,90.6381386,0,B,LRP028a
N1,1000564,link,link 494,23.5828327,90.6378886,38,,LRP028
N1,1000565,link,link 495,23.5837497,90.6369441,140,,LRP027a
N1,1000566,link,link 496,23.5896108,90.6313882,863,,LRP027
N1,1000567,link,link 497,23.5917497,90.6293327,317,,LRP026b
N1,1000568,link,link 498,23.5959441,90.6246938,664,,LRP026a
N1,1000569,link,link 499,23.5959997,90.624666,7,,LRP026
N1,1000570,link,link 500,23.6009444,90.6165556,993,,LRP025
N1,1000571,link,link 501,23.6018611,90.6159722,118,,LRP024a
N1,1000572,link,link 502,23.609,90.6124722,870,,LRP024
N1,1000573,link,link 503,23.6095556,90.6121944,68,,LRP023a
N1,1000574,link,link 504,23.6173604,90.6096944,904,,LRP023
N1,1000575,link,link 505,23.6195271,90.6085833,266,,LRP022d
N1,1000576,link,link 506,23.6204716,90.6079722,122,,LRP022c
N1,1000577,bridge,Bridge start,23.62148545,90.6073333,0,B,LRP022c
N1,1000578,link,link 507,23.6224993,90.6066944,0,,LRP022b
N1,1000579,link,link 508,23.6242216,90.6055278,225,,LRP022a
N1,1000580,bridge,Bridge start,23.6242216,90.6055278,0,B,LRP022a
N1,1000581,link,link 509,23.6252216,90.6049722,125,,LRP022
N1,1000582,link,link 510,23.6262771,90.6042222,140,,LRP021a
N1,1000583,link,link 511,23.6330549,90.5982774,967,,LRP021
N1,1000584,link,link 512,23.6335552,90.5976941,81,,LRP020c
N1,1000585,link,link 513,23.6341108,90.5970274,92,,LRP020b
N1,1000586,bridge,SHADIPUR BOX CULVERT,23.6341108,90.5970274,10,B,LRP020b
N1,1000587,link,link 514,23.6358608,90.5948052,299,,LRP020a
N1,1000588,link,link 515,23.6396941,90.5927219,476,,LRP020
N1,1000589,link,link 516,23.6397497,90.5926941,7,,LRP019b
N1,1000590,link,link 517,23.6449441,90.5899163,643,,LRP019a
N1,1000591,link,link 518,23.6476108,90.588083,350,,LRP019
N1,1000592,link,link 519,23.6506944,90.5829993,621,,LRP018b
N1,1000593,link,link 520,23.6508889,90.5826382,43,,LRP018a
N1,1000594,bridge,DARIKANDI BRIDGE (R),23.6508889,90.5826382,20,B,LRP018a
N1,1000595,link,link 521,23.6525278,90.5798882,334,,LRP018
N1,1000596,link,link 522,23.6539167,90.5774993,288,,LRP017d
N1,1000597,link,link 523,23.6540556,90.5772771,27,,LRP017c
N1,1000598,bridge,LANGOLBANDO PC GIDER BRIDGE,23.65498615,90.57590210000001,160,B,LRP017c
N1,1000599,link,link 524,23.6559167,90.5745271,0,,LRP017b
N1,1000600,link,link 525,23.6559722,90.5743327,21,,LRP017a
N1,1000601,bridge,Bridge start,23.6559722,90.5743327,0,B,LRP017a
N1,1000602,link,link 526,23.6575,90.5719716,294,,LRP017
N1,1000603,link,link 527,23.6583056,90.5709993,134,,LRP016c
N1,1000604,link,link 528,23.6591111,90.5697216,158,,LRP016b
N1,1000605,bridge,Langalbandhu bridge,23.6591111,90.5697216,0,B,LRP016b
N1,1000606,link,link 529,23.6604167,90.5671104,303,,LRP016a
N1,1000607,link,link 530,23.6628333,90.5641111,407,,LRP016
N1,1000608,link,link 531,23.6705827,90.5599722,959,,LRP015a
N1,1000609,link,link 532,23.670916,90.5597778,42,,LRP015
N1,1000610,link,link 533,23.678166,90.5556111,911,,LRP014
N1,1000611,link,link 534,23.6854997,90.5512778,927,,LRP013a
N1,1000612,bridge,MADAN PUR (R),23.6854997,90.5512778,26,A,LRP013a
N1,1000613,link,link 535,23.6865274,90.5504167,144,,LRP013
N1,1000614,link,link 536,23.6904163,90.546583,583,,LRP012c
N1,1000615,link,link 537,23.6910552,90.5451386,163,,LRP012b
N1,1000616,link,link 538,23.6911108,90.5448886,26,,LRP012a
N1,1000617,bridge,NAYABARI BOX CULVERT,23.6911108,90.5448886,11,B,LRP012a
N1,1000618,link,link 539,23.6918052,90.5426108,244,,LRP012
N1,1000619,link,link 540,23.6922774,90.5410552,167,,LRP011b
N1,1000620,bridge,NAYABARI KASPUR BOX CULVERT,23.6922774,90.5410552,8,A,LRP011b
N1,1000621,link,link 541,23.6943608,90.5376108,420,,LRP011a
N1,1000622,bridge,NOYAPARA CULVERT,23.6943608,90.5376108,6,A,LRP011a
N1,1000623,link,link 542,23.6966386,90.5348052,382,,LRP011
N1,1000624,link,link 543,23.6974163,90.5337774,136,,LRP010c
N1,1000625,link,link 544,23.6998608,90.5307216,413,,LRP010b
N1,1000626,link,link 545,23.7015278,90.5281938,317,,LRP010a
N1,1000627,link,link 546,23.7025278,90.5273882,138,,LRP010
N1,1000628,link,link 547,23.7060833,90.5215271,716,,LRP009a
N1,1000629,link,link 548,23.7050278,90.5193327,252,,LRP009
N1,1000630,link,link 549,23.7045833,90.5188327,71,,LRP008b
N1,1000631,link,link 550,23.7021111,90.5157778,415,,LRP008a
N1,1000632,bridge,Kachpur bridge,23.7021111,90.5157778,0,B,LRP008a
N1,1000633,link,link 551,23.7020556,90.5157222,8,,LRP008
N1,1000634,link,link 552,23.6979163,90.5092778,801,,LRP007a
N1,1000635,link,link 553,23.697333,90.50775,169,,LRP007
N1,1000636,link,link 554,23.6959163,90.4981941,986,,LRP006
N1,1000637,link,link 555,23.6947497,90.4884997,996,,LRP005
N1,1000638,link,link 556,23.6938052,90.4805271,819,,LRP004a
N1,1000639,link,link 557,23.6936108,90.4787771,179,,LRP004
N1,1000640,link,link 558,23.693833,90.4691382,982,,LRP003
N1,1000641,link,link 559,23.6973608,90.4616667,856,,LRP002a
N1,1000642,link,link 560,23.6978886,90.4605833,125,,LRP002
N1,1000643,link,link 561,23.7021389,90.4519722,996,,LRP001
N1,1000644,link,link 562,23.7027778,90.4504722,168,,LRPSb
N1,1000645,link,link 563,23.7029167,90.4504167,16,,LRPSa
N1,1000646,sink,sink,23.7060278,90.443333,800,,LRPS
